F_pre_абді,-0.2788567800475583
L_pre_елеме,0.03015090120484986
L_suf_месов,-0.44774984999290524
L_suf_есов,-0.4153995042242547
F_suf_алан,-0.46838071546413884
F_suf_лан,-0.27739803059708606
_bias_,-0.046018323557599765
F_pre_абд,-0.24457294110008515
F_pre_абдіс,-0.2539839715671774
L_suf_сов,-0.4280500746543047
F_pre_аб,-0.1792974378211681
L_suf_ов,-0.4467832566621767
L_pre_елемес,0.03015090120484986
L_suf_емесов,-0.44774984999290524
L_ends_consonant,-0.43663554584451075
F_pre_абдіса,-0.2534009486190014
L_елемесов,-0.44774984999290524
L_len_6_9,-0.10733995634894984
L_pre_еле,0.01412407370031517
F_абдісалан,-0.22761120534745805
F_len_8_plus,-0.0762861782762246
F_suf_ан,-0.17110719586672551
F_ends_consonant,-0.13743488973789442
F_suf_салан,-0.22761120534745805
F_suf_ісалан,-0.22761120534745805
L_pre_ел,0.002136479143622875
L_pre_елем,0.03015090120484986
_vowel_count_value_,0.0
F_suf_аина,0.3323925701649354
L_pre_абжа,0.02548783701428746
F_len_5_7,0.029771265603353025
L_suf_нова,0.4324977691570828
F_pre_раин,0.31345734525762226
F_ends_a_ya,0.26141179045878493
L_абжанова,0.3784498067001014
L_ends_ova_eva_ina,0.4365095655003586
L_suf_ова,0.43795172087707823
F_pre_раи,0.31345734525762226
F_suf_раина,0.31345734525762226
L_suf_жанова,0.435978416799895
F_раина,0.31345734525762226
L_pre_абжан,0.02548783701428746
F_pre_ра,-0.05749858545496351
F_pre_раина,0.31345734525762226
L_pre_аб,0.01247477465504678
L_pre_абж,0.02548783701428746
L_suf_ва,0.4378325205899283
L_suf_анова,0.4333193483043199
F_suf_на,0.2878608398687431
L_pre_абжано,0.02548783701428746
F_suf_ина,0.28829667904045586
F_pre_ав,0.08123197813547192
F_suf_тала,0.27991010006220723
L_len_10_plus,0.22053208618932368
L_pre_ауелб,-0.03280156395042475
F_suf_ла,0.1760319806251913
F_авитала,0.27991010006220723
L_ауелбекова,0.4474197457249277
L_pre_ау,-0.029168812120675593
L_pre_ауе,-0.03280156395042475
F_suf_ала,0.0520353238942232
F_pre_авита,0.2892672517565295
L_suf_бекова,0.41661200775774426
F_pre_ави,0.2380127473804207
F_pre_авит,0.2984348841850037
L_pre_ауелбе,-0.03280156395042475
F_suf_итала,0.27991010006220723
L_pre_ауел,-0.03280156395042475
F_suf_витала,0.27991010006220723
L_suf_кова,0.4138116631357743
L_suf_екова,0.4197411874214715
F_pre_авитал,0.2892672517565295
L_pre_утем,-0.005470035404048589
F_pre_жандос,-0.2874676759896069
L_pre_уте,0.009205417213080767
F_suf_дос,-0.32486877014772036
L_pre_утемис,-0.005470035404048589
F_suf_андос,-0.2874676759896069
L_suf_исов,-0.4189907341208571
L_pre_ут,0.009205417213080767
F_pre_жанд,-0.2874676759896069
F_suf_ос,-0.04803877111486167
L_утемисов,-0.42659673131573156
L_pre_утеми,-0.005470035404048589
F_suf_ндос,-0.2874676759896069
F_жандос,-0.2874676759896069
F_suf_жандос,-0.2874676759896069
F_pre_жандо,-0.2874676759896069
L_suf_мисов,-0.42659673131573156
L_suf_емисов,-0.42659673131573156
F_pre_жа,-0.10698030352757405
F_pre_жан,-0.12846329643313295
L_pre_нұрлан,0.041607219105892046
F_pre_іли,-0.20162363691319404
L_suf_қызы,0.4107065870497937
L_suf_ызы,0.4107065870497937
F_pre_ілин,0.41709993764636283
F_suf_ар,-0.1642506840475935
L_ends_qyzy,0.4107065870497937
L_pre_нұр,0.01964755856554394
F_pre_ілинар,0.41709993764636283
L_pre_нұрла,0.041607219105892046
F_ілинар,0.41709993764636283
L_suf_анқызы,0.4185794545501072
F_pre_іл,-0.12500715788580083
F_suf_нар,-0.037686657012588456
L_pre_нұрл,0.012885336204939363
L_suf_нқызы,0.4183227591131101
L_suf_зы,0.4027445003836046
F_pre_ілина,0.41709993764636283
F_suf_инар,0.41709993764636283
L_нұрланқызы,0.4236052445252419
L_pre_нұ,0.01964755856554394
F_suf_линар,0.41709993764636283
F_suf_ілинар,0.41709993764636283
L_pre_батырх,-0.0005111469170622989
F_pre_иб,-0.2583749826726362
F_pre_ибрахи,-0.25044442182068366
L_suf_нов,-0.44430335959681033
F_suf_ахим,-0.2750889499302796
F_suf_им,-0.17345714524232483
F_pre_ибрах,-0.25044442182068366
F_suf_рахим,-0.2750889499302796
L_pre_баты,-0.0010179744655550583
L_suf_ханов,-0.4424720851597835
L_батырханов,-0.4619140624975384
F_ибрахим,-0.25044442182068366
L_pre_ба,0.0163398915411952
L_suf_рханов,-0.4570382357471878
F_pre_ибр,-0.2583749826726362
L_pre_батыр,-0.0010179744655550583
F_suf_хим,-0.2776514644649778
F_pre_ибра,-0.2620406592105491
L_pre_бат,-0.0010179744655550583
L_suf_анов,-0.4408463394173866
F_suf_брахим,-0.25044442182068366
F_pre_ерн,-0.3453609949580201
F_suf_ернар,-0.3532376647360152
L_pre_юсупов,0.008415983678362172
L_suf_упов,-0.38420463017777473
F_ернар,-0.3532376647360152
L_suf_юсупов,-0.44354614400230274
F_suf_рнар,-0.3532376647360152
F_pre_ернар,-0.3532376647360152
F_pre_ер,-0.18508812624357548
L_pre_юсу,0.008415983678362172
L_pre_юсуп,0.008415983678362172
L_юсупов,-0.44354614400230274
L_suf_супов,-0.3764875009005921
L_pre_юс,0.008415983678362172
L_suf_пов,-0.3970097662222904
L_pre_юсупо,0.008415983678362172
F_pre_ерна,-0.3532376647360152
F_suf_илла,0.34312739768994144
L_pre_абди,0.00019644979987010734
L_pre_абдиев,0.013724718325314154
L_suf_ева,0.43097752385730037
F_pre_адил,0.06359876284412913
L_suf_диева,0.4419873718331232
L_абдиева,0.5335755553394883
F_suf_дилла,0.35268757801948347
F_pre_адилл,0.28981502683459437
L_suf_бдиева,0.5335755553394883
L_pre_абд,0.004224027580919883
L_pre_абдие,0.013724718325314154
F_pre_ади,0.16718873737071574
F_адилла,0.35268757801948347
F_pre_адилла,0.35268757801948347
L_suf_иева,0.42789356109654164
F_pre_ад,0.21626389831662116
F_suf_адилла,0.35268757801948347
F_suf_лла,0.06569686401881558
F_suf_зақ,-0.0902470505869672
F_suf_разақ,-0.3190873564481937
L_pre_мырза,-0.024339705814980208
L_pre_мыр,-0.024339705814980208
F_suf_азақ,-0.3190873564481937
F_pre_абдір,-0.2983283840224909
L_мырзахметов,-0.45719303491434293
L_suf_тов,-0.4234338928487732
F_абдіразақ,-0.2593651852099018
L_pre_мы,-0.024114248133796416
F_suf_іразақ,-0.2593651852099018
L_suf_етов,-0.4315132151206565
L_suf_хметов,-0.4346912159962689
F_pre_абдіра,-0.3025203693358858
L_suf_метов,-0.4367841325254475
L_pre_мырзах,-0.03256863876309918
F_suf_ақ,-0.13844170420365612
L_pre_мырз,-0.024339705814980208
F_pre_аде,0.26411443410739754
F_suf_ена,0.2807979210251131
L_pre_ке,-0.004829382812930454
F_адена,0.2825812602304434
F_pre_адена,0.2825812602304434
F_suf_адена,0.2825812602304434
L_pre_керимб,0.0011471172506209218
F_suf_дена,0.2825812602304434
L_pre_кер,0.008016258360032391
L_pre_керим,0.008016258360032391
L_керимбекова,0.35717713216702324
F_pre_аден,0.2825812602304434
L_pre_кери,0.008016258360032391
L_оразбекова,0.39852520037711836
F_шахло,0.3908078660313828
F_suf_ахло,0.3908078660313828
L_pre_оразбе,0.00016061357992285427
L_pre_ор,-0.002175029314988426
F_suf_хло,0.3908078660313828
F_suf_шахло,0.3908078660313828
F_pre_ша,-0.0044818340473579445
F_pre_шахло,0.3908078660313828
F_suf_ло,0.0822313109051072
F_pre_шах,0.0032965555051633517
L_pre_ораз,-0.01077437623584933
L_pre_оразб,-0.005619111849854684
L_pre_ора,-0.004632369738959287
F_pre_шахл,0.3908078660313828
L_pre_нурта,-0.03760058553434046
F_suf_нап,-0.1392557498219146
L_pre_нуртаз,-0.009740042293568991
L_suf_ин,-0.42616386372582943
L_нуртазин,-0.4177463863102539
L_suf_зин,-0.4168503290446083
F_pre_абдім,-0.255168109164211
F_pre_абдіма,-0.25322798030533605
L_pre_ну,0.008022989518486043
L_pre_нур,0.0035494599170556172
L_suf_ртазин,-0.4177463863102539
F_suf_анап,-0.29463046695122874
L_suf_азин,-0.41487803433997344
L_suf_тазин,-0.4177463863102539
L_pre_нурт,-0.03760058553434046
F_suf_іманап,-0.24903311655342628
F_suf_манап,-0.29463046695122874
F_абдіманап,-0.24903311655342628
F_suf_ап,-0.2378100776653752
L_pre_дүйсе,0.010500684669208995
F_pre_абдиж,-0.29681386671443466
L_pre_дүй,0.010500684669208995
L_suf_нбай,-0.4164238046819547
F_pre_абди,-0.23221104409440785
L_suf_сенбай,-0.4110758942216206
F_suf_ижамил,-0.1995552058496638
F_suf_ил,-0.2936211637138017
F_pre_абдижа,-0.29681386671443466
L_suf_ай,-0.40831021022086134
L_suf_бай,-0.4107632373811918
F_абдижамил,-0.1995552058496638
L_pre_дүйсен,0.010500684669208995
L_pre_дүйс,0.010500684669208995
F_suf_мил,-0.34220074795819816
F_suf_амил,-0.3737652674662066
L_дүйсенбай,-0.467888013008296
F_suf_жамил,-0.23108893402783895
L_suf_енбай,-0.4110758942216206
L_pre_дү,0.010500684669208995
F_әлішер,-0.24049838145968114
L_pre_рах,-0.01824548342751607
F_pre_әліше,-0.24049838145968114
F_pre_әлі,-0.24049838145968114
L_suf_ков,-0.44161856976833763
L_pre_ра,-0.019198402520308525
F_pre_әліш,-0.24049838145968114
F_suf_ер,-0.2911391011422479
F_suf_лішер,-0.24049838145968114
F_suf_шер,-0.2851705174273222
F_suf_әлішер,-0.24049838145968114
F_pre_әлішер,-0.24049838145968114
L_suf_еков,-0.43735719605957013
L_pre_рахим,-0.024202994982517628
L_рахимбеков,-0.5007579953801299
F_suf_ішер,-0.24049838145968114
L_pre_рахимб,-0.03592408960981365
L_suf_беков,-0.43858594907113874
L_suf_мбеков,-0.4801424837641386
F_pre_әл,-0.3586240400942004
L_pre_рахи,-0.024202994982517628
F_tемирлан,-0.23335856832504404
F_pre_tеми,-0.23335856832504404
F_suf_рлан,-0.29966935521174043
F_pre_tем,-0.23335856832504404
F_suf_ирлан,-0.29024062402169165
L_pre_му,-0.011395163294992405
L_suf_ров,-0.442953083182136
F_pre_tемирл,-0.23335856832504404
L_мухтаров,-0.5368367470932233
L_suf_таров,-0.42712027720322426
L_pre_мухтар,0.011637037312701042
F_suf_мирлан,-0.29024062402169165
F_pre_tе,-0.23335856832504404
L_pre_мухт,0.011637037312701042
L_pre_мухта,0.011637037312701042
L_suf_аров,-0.43743743703385746
F_pre_tемир,-0.23335856832504404
L_suf_хтаров,-0.5368367470932233
L_pre_мух,-0.014378559161060659
L_pre_жу,-0.017023444723371646
L_suf_абай,-0.439014655207798
L_pre_жума,-0.023016014845085073
F_suf_нболат,-0.32390476063519313
F_pre_жанбо,-0.32390476063519313
F_pre_жанб,-0.32390476063519313
L_suf_мабай,-0.47724787825679477
L_pre_жумаба,-0.042315479536536256
L_pre_жумаб,-0.029308853472984724
L_pre_жум,-0.023016014845085073
F_suf_лат,-0.10463188514293717
L_suf_умабай,-0.5230782242434928
F_pre_жанбол,-0.32390476063519313
L_жумабай,-0.5230782242434928
F_suf_олат,-0.05392184410169464
F_жанболат,-0.32390476063519313
F_suf_ат,-0.08290634720816799
F_suf_болат,-0.32420808270197393
L_pre_мейра,0.00044552493549175875
L_suf_ек,-0.42794908905753604
F_suf_бар,-0.331830350189318
L_pre_мейр,0.00044552493549175875
F_suf_акбар,-0.34628777836086927
L_pre_мейрам,0.00044552493549175875
L_suf_амбек,-0.46267649033197905
F_акбар,-0.34628777836086927
F_pre_акб,-0.32013042413784437
L_pre_мей,0.00044552493549175875
L_suf_рамбек,-0.46267649033197905
F_suf_кбар,-0.34628777836086927
L_suf_бек,-0.4268039441540432
L_suf_мбек,-0.4399034584421737
L_мейрамбек,-0.46267649033197905
F_pre_акбар,-0.34628777836086927
F_pre_ак,-0.005367648718252644
F_pre_акба,-0.34628777836086927
L_pre_ме,-0.0023706015417821326
F_pre_әб,-0.24381986869285913
F_suf_сұр,-0.2738028184258532
F_pre_әбілма,-0.24381986869285913
F_pre_әбілм,-0.24381986869285913
L_pre_ерк,-0.013319912853158753
L_pre_еркі,-0.007236597238110507
L_pre_еркін,-0.007236597238110507
F_suf_ансұр,-0.27745167391843184
L_pre_еркінб,-0.001992913691302005
L_suf_нбек,-0.42098680543557143
F_pre_әбіл,-0.24381986869285913
F_suf_нсұр,-0.2738028184258532
L_suf_кінбек,-0.40788413792857464
F_әбілмансұр,-0.24381986869285913
L_suf_інбек,-0.40788413792857464
F_suf_ұр,-0.15845811632669526
F_pre_әбі,-0.24381986869285913
L_pre_ер,0.009140643670708609
L_еркінбек,-0.40788413792857464
F_suf_мансұр,-0.27745167391843184
F_suf_рия,0.26436372451705537
F_suf_ия,0.2701978923096587
F_pre_вик,0.0015309203616002607
L_suf_ітқызы,0.4585720486383474
F_suf_ктория,0.3331954005239918
L_pre_бейб,0.042484249701119595
L_бейбітқызы,0.4585720486383474
F_pre_ви,0.1695092091776389
F_suf_тория,0.3331954005239918
L_pre_бейбі,0.042484249701119595
F_pre_викто,0.0015309203616002607
F_виктория,0.44601822709913486
L_pre_бей,0.011934214808029638
F_suf_ория,0.3331954005239918
L_pre_бейбіт,0.042484249701119595
F_pre_викт,0.0015309203616002607
L_suf_тқызы,0.40463995547259923
F_pre_виктор,0.0015309203616002607
L_pre_бе,0.012758076846470798
L_махамбет,-0.431454072899708
L_pre_махамб,0.06074705819438076
F_len_0_4,-0.02788835688491622
L_pre_маха,0.02408330497199572
F_pre_ал,0.016077014117442022
F_suf_ли,-0.1371776439136077
L_pre_ма,0.017876805224908667
L_suf_ет,-0.42131603522660516
L_suf_бет,-0.40506141679039664
L_suf_хамбет,-0.431454072899708
L_pre_мах,0.02783454667756252
F_suf_али,-0.23771969633954432
L_pre_махам,0.06074705819438076
F_али,-1.0772690636843583
L_suf_мбет,-0.431454072899708
F_pre_али,-0.024366481172831016
L_suf_амбет,-0.431454072899708
F_suf_вәли,-0.2588929485366092
L_suf_панов,-0.4228469121421654
L_pre_лу,-0.013653213269527977
L_pre_лук,-0.013653213269527977
L_pre_лукпан,-0.013653213269527977
L_pre_лукпа,-0.013653213269527977
L_suf_кпанов,-0.3968944142047136
F_pre_абдівә,-0.2588929485366092
F_абдівәли,-0.2588929485366092
F_suf_дівәли,-0.2588929485366092
F_pre_абдів,-0.25700520298365104
L_лукпанов,-0.3968944142047136
F_suf_әли,-0.3966186650799338
F_suf_івәли,-0.2588929485366092
L_pre_лукп,-0.013653213269527977
L_suf_рбеков,-0.42041647423867934
F_алибек,-0.3209385350423773
L_нурбеков,-0.3916315985253376
F_suf_ек,-0.2736252015447143
L_pre_нурбек,0.019719479401877266
F_suf_бек,-0.29117129912951417
F_pre_алибек,-0.3209385350423773
L_pre_нурб,0.009667158916707714
F_suf_алибек,-0.3209385350423773
F_suf_либек,-0.3209385350423773
F_suf_ибек,-0.0013123155125789965
L_pre_нурбе,0.019719479401877266
F_pre_алиб,-0.3837949159450778
F_pre_алибе,-0.3209385350423773
L_suf_аев,-0.4203065536550483
F_pre_габ,-0.29952533589892966
L_pre_куш,0.020188249657629918
L_pre_ку,0.011017349833819953
L_pre_кушерб,0.020188249657629918
L_кушербаев,-0.4411538678947473
F_pre_габри,-0.29952533589892966
F_suf_абриэл,-0.2381052450681021
F_suf_риэл,-0.25038093179785015
F_pre_габр,-0.29952533589892966
F_pre_га,-0.1257855099184033
L_pre_кушер,0.020188249657629918
F_габриэл,-0.2381052450681021
F_suf_иэл,-0.29294136211427685
L_suf_баев,-0.4276111999481629
F_pre_габриэ,-0.28717512458897304
L_suf_рбаев,-0.41778506042435504
L_suf_ербаев,-0.4527660068396911
L_pre_куше,0.020188249657629918
L_suf_ев,-0.4316243812604528
F_suf_эл,-0.3100811317033236
F_suf_бриэл,-0.2381052450681021
F_pre_ник,-0.2289040534042014
L_кулбаев,-0.41458466727326665
F_pre_никола,-0.35443552827763164
F_suf_иколас,-0.3167299841709408
L_pre_кулб,0.06191213965466357
L_suf_лбаев,-0.40880809824170566
F_николас,-0.3167299841709408
F_pre_ни,0.07622055083706324
F_suf_ас,-0.23022228035401784
F_pre_нико,-0.1477662094791547
L_pre_кул,0.04758733326706361
F_pre_никол,-0.1477662094791547
F_suf_колас,-0.3167299841709408
L_pre_кулбае,0.06191213965466357
L_suf_улбаев,-0.40439466219919346
L_pre_кулба,0.06191213965466357
F_suf_олас,-0.3167299841709408
F_suf_лас,-0.3552498373595653
L_pre_та,0.012457010641736793
L_suf_липова,0.49028889506395373
L_pre_тал,0.04664775079645292
F_pre_жұ,0.2683345777579339
F_suf_ұлдыз,0.2683345777579339
L_suf_ипова,0.4707003652554131
F_жұлдыз,0.2683345777579339
L_pre_талипо,0.009204840531957716
L_suf_пова,0.44408002190326296
F_pre_жұлды,0.2683345777579339
F_pre_жұлдыз,0.2683345777579339
F_suf_лдыз,0.2683345777579339
F_suf_ыз,0.31909031302585716
F_suf_жұлдыз,0.2683345777579339
L_pre_тали,0.009204840531957716
F_pre_жұлд,0.2683345777579339
L_pre_талип,0.009204840531957716
F_suf_дыз,0.2683345777579339
L_талипова,0.49028889506395373
F_pre_жұл,0.2683345777579339
F_pre_мейір,-0.2992894896186163
F_pre_мейірж,-0.35234339936803494
F_suf_йіржан,-0.35234339936803494
L_pre_абду,-0.003932795976315182
F_pre_мей,-0.292234317378786
L_suf_лин,-0.40656177016977074
F_pre_мейі,-0.2992894896186163
L_pre_абдул,0.01492543406128342
L_suf_ллин,-0.3862151198682629
L_suf_дуллин,-0.37223497892954455
F_pre_ме,0.03547061470911792
F_suf_іржан,-0.35234339936803494
L_pre_абдулл,0.01492543406128342
F_мейіржан,-0.35234339936803494
F_suf_ржан,0.10623941091209735
L_suf_уллин,-0.3862151198682629
L_абдуллин,-0.3774317214545158
F_suf_жан,-0.06835139847583517
F_pre_абдо,-0.28199982143439817
F_suf_бдолда,-0.35593235823731273
F_pre_абдолд,-0.35593235823731273
F_suf_да,0.29327142729894967
F_suf_долда,-0.35593235823731273
F_pre_абдол,-0.28199982143439817
F_абдолда,-0.35593235823731273
F_suf_олда,-0.35593235823731273
F_suf_лда,-0.3548361326742823
F_pre_алек,-0.003120688042286027
F_александр константинович,-0.41049133150982453
F_pre_алекс,-0.003120688042286027
F_pre_але,0.06947850948926976
F_suf_инович,-0.41049133150982453
F_suf_ович,-0.41049133150982453
F_pre_алекса,0.16111683189075265
F_suf_вич,-0.41049133150982453
F_suf_ич,-0.41049133150982453
F_suf_нович,-0.41049133150982453
L_pre_жаниб,0.02556810337451667
F_suf_дел,0.24022603107695564
F_агидел,0.30504611343682714
F_pre_агид,0.2898378220781182
L_pre_жа,-0.002585960148946115
F_suf_агидел,0.30504611343682714
L_жанибекова,0.40848699678299377
F_suf_ел,-0.04985949457598864
L_pre_жан,0.014666489982278234
F_pre_агидел,0.2997680568319195
L_pre_жани,0.02556810337451667
F_pre_аг,0.25462917021781206
L_pre_жанибе,0.02556810337451667
F_suf_идел,0.30504611343682714
F_suf_гидел,0.30504611343682714
F_pre_аги,0.30071214777404254
F_pre_агиде,0.2997680568319195
F_ілескен,-0.38986766218269997
F_suf_скен,-0.38986766218269997
F_suf_кен,-0.004260873031807805
L_suf_ілбек,-0.3998983782779258
L_pre_әділб,0.029582851278839296
F_suf_ен,-0.23878571718934957
L_pre_әділбе,0.029582851278839296
F_pre_іле,-0.25641796776662457
F_suf_ескен,-0.38986766218269997
F_pre_ілес,-0.2519298785679864
L_pre_әді,0.007041963902283907
F_suf_лескен,-0.38986766218269997
L_pre_әд,0.007041963902283907
L_әділбек,-0.3998983782779258
F_pre_ілеске,-0.38986766218269997
L_pre_әділ,0.007041963902283907
L_suf_ділбек,-0.3998983782779258
L_suf_лбек,-0.40283673128299474
F_pre_ілеск,0.024588333817014363
F_suf_дэна,0.28801262923105414
F_pre_адэна,0.28801262923105414
F_pre_адэн,0.2629073931612442
F_адэна,0.28801262923105414
L_pre_туякб,0.06017632633809406
L_suf_баева,0.42592432530982555
F_suf_адэна,0.28801262923105414
L_туякбаева,0.432670613227026
L_pre_туя,0.024796880097847532
L_pre_туяк,0.024796880097847532
F_pre_адэ,0.2834425497073858
L_suf_аева,0.4271812697576319
F_suf_эна,0.28801262923105414
L_pre_туякба,0.06017632633809406
L_pre_ту,-0.008343709214799912
L_suf_кбаева,0.4268345161485282
F_suf_райяна,0.2514069435422377
F_pre_райя,0.2514069435422377
F_suf_айяна,0.2514069435422377
F_райяна,0.2514069435422377
F_pre_райяна,0.2514069435422377
F_pre_рай,0.26795144129880444
F_suf_яна,0.3336507218417824
L_suf_алиева,0.41772065943882325
L_pre_нура,0.00815152716665226
L_suf_лиева,0.4249876220426268
L_pre_нурал,0.03234452855620141
L_pre_нурали,0.03234452855620141
L_нуралиева,0.38500066387877585
F_suf_йяна,0.2514069435422377
F_pre_райян,0.2514069435422377
L_рысбаева,0.4303381979277195
L_pre_ры,0.008298883679151563
F_pre_авиреб,0.26234331100365427
L_suf_сбаева,0.38916829762682204
F_suf_ека,0.26234331100365427
L_pre_рысб,0.006636852471042166
F_pre_авир,0.26234331100365427
L_pre_рысбае,0.18037528266666336
L_pre_рыс,0.008298883679151563
F_suf_ебека,0.26234331100365427
L_pre_рысба,0.05958891472417007
F_suf_ребека,0.26234331100365427
F_suf_бека,0.26234331100365427
F_suf_ка,0.26203722986505923
F_pre_авире,0.26234331100365427
F_авиребека,0.26234331100365427
F_pre_валер,0.09121350862830366
L_мырзаханова,0.5245931575760775
F_suf_алерия,0.3555634463373957
L_suf_ханова,0.4269005747048018
F_pre_вал,-0.040516088485445106
F_валерия,0.42237917994684027
F_suf_лерия,0.3555634463373957
F_pre_валери,0.09121350862830366
F_pre_вале,0.028571256157831033
F_pre_ва,-0.08381613245746719
F_suf_ерия,0.34207141958775394
L_suf_това,0.43876298714778394
F_валентина,0.4655189686120184
F_suf_тина,0.33958202249805325
L_suf_етова,0.42769031321335393
F_pre_валент,-0.0458723830802675
F_suf_ентина,0.4655189686120184
F_suf_нтина,0.4655189686120184
L_suf_метова,0.43953686499431616
F_pre_вален,-0.0458723830802675
L_мырзахметова,0.3902296599645253
F_pre_ізқ,-0.2789677327736561
F_suf_айыр,-0.25253530163984145
F_suf_зқайыр,-0.2593396672590406
L_suf_куатов,-0.4200910101318384
F_suf_йыр,-0.25253530163984145
F_pre_ізқайы,-0.2593396672590406
L_suf_атов,-0.41453038229075756
F_pre_ізқай,-0.2593396672590406
L_pre_куат,0.013623415799999258
F_pre_із,-0.1673675563996799
F_ізқайыр,-0.2593396672590406
F_suf_қайыр,-0.26199629392149326
L_куатов,-0.4200910101318384
F_pre_ізқа,-0.2593396672590406
L_suf_уатов,-0.4200910101318384
F_suf_ыр,-0.26115612482221856
L_pre_куатов,0.013623415799999258
L_pre_куа,-0.01836421283022628
L_pre_куато,0.013623415799999258
F_suf_динур,-0.14701561813564964
F_suf_ур,-0.17031763848828724
L_pre_аманба,0.027498646462882897
F_pre_адин,0.2602072513238625
L_suf_манбай,-0.45749672230133664
F_suf_нур,-0.038776678710621036
F_suf_адинур,0.03597402976047509
L_suf_анбай,-0.409938978228945
L_pre_ам,0.0017062333980992215
F_pre_адину,0.12042489162068845
L_pre_ама,0.001407492523145842
L_pre_аманб,0.017931660389301534
F_адинур,0.03597402976047509
L_аманбай,-0.45749672230133664
F_pre_адинур,0.12042489162068845
F_suf_инур,-0.0695173703468682
L_pre_аман,0.001407492523145842
L_pre_исақыз,0.26145097257890665
F_pre_акерк,0.3213811773554645
F_suf_ерке,0.28097111348523185
F_suf_рке,0.28097111348523185
F_pre_акер,0.3213811773554645
L_suf_сақызы,0.3413416159552185
L_pre_исақы,0.26145097257890665
F_suf_керке,0.3213811773554645
L_pre_ис,0.0033416348307216633
F_suf_ке,0.2970286790982786
F_pre_аке,-0.12591108614163313
L_исақызы,0.26145097257890665
F_pre_акерке,0.3213811773554645
F_suf_акерке,0.3213811773554645
L_suf_ақызы,0.4122044569819696
L_pre_иса,-0.001328387191072067
L_pre_исақ,0.26145097257890665
F_акерке,0.3213811773554645
F_suf_оник,-0.3535372744647952
F_pre_андр,-0.2546991176592421
L_pre_жак,0.004378692217443743
F_suf_ик,-0.24397533922792572
F_pre_андрон,-0.32354743367090255
F_андроник,-0.3535372744647952
L_pre_жакено,0.01584028668193819
L_жакенов,-0.386591779133941
F_suf_ник,-0.3128607863840862
F_pre_андро,-0.32354743367090255
L_pre_жаке,0.01584028668193819
L_suf_кенов,-0.4150972764848545
L_pre_жакен,0.01584028668193819
F_suf_дроник,-0.3535372744647952
F_pre_ан,0.11703739968713177
L_suf_енов,-0.43586227419742885
L_suf_акенов,-0.4337627403995573
F_pre_анд,-0.11118711164661703
F_suf_роник,-0.3535372744647952
L_орынбеков,-0.4096945894444849
F_pre_ізі,-0.045373323301084595
F_suf_мғали,-0.3348050276746445
F_suf_ғали,-0.2859888002954655
L_pre_орынбе,-0.0985643948640909
F_pre_ізімға,-0.3348050276746445
L_pre_орынб,-0.00408643494700408
F_ізімғали,-0.3348050276746445
L_suf_нбеков,-0.4251190633393508
F_pre_ізім,-0.004132277284637373
L_pre_оры,-0.00408643494700408
F_pre_ізімғ,-0.3348050276746445
F_suf_імғали,-0.3348050276746445
L_pre_орын,-0.00408643494700408
L_pre_тулен,0.02771042796778396
L_pre_тул,-0.010657224102709573
L_suf_ленов,-0.45029286149552156
F_suf_йғали,-0.2584771311832737
F_абайғали,-0.2584771311832737
L_pre_тулено,0.02771042796778396
F_pre_абайғ,-0.2584771311832737
F_pre_абайға,-0.2584771311832737
L_туленов,-0.42790106207257983
L_suf_уленов,-0.43154219639648134
F_pre_абай,-0.31767218476453546
F_suf_айғали,-0.2584771311832737
L_pre_туле,-0.010657224102709573
F_pre_аба,-0.2697836673524262
F_ажарлым,0.29330422016301166
F_suf_рлым,0.29330422016301166
L_pre_акимба,0.06890037133513942
L_pre_аки,-0.006194700461257267
L_suf_мбаева,0.43911873131330204
F_pre_ажарлы,0.29330422016301166
F_pre_аж,0.31085451363508565
L_pre_акимб,0.06890037133513942
L_pre_аким,-0.0010848529257323357
F_pre_ажар,0.31225321161365144
F_pre_ажарл,0.29330422016301166
F_suf_ым,0.03554875712117665
F_pre_ажа,0.31225321161365144
F_suf_жарлым,0.29330422016301166
L_pre_ак,-0.00849580686862522
F_suf_лым,0.12153150399173505
L_акимбаева,0.5043738776606937
F_suf_арлым,0.29330422016301166
F_pre_айшеш,0.36448301809880573
F_айшешермин,0.36448301809880573
F_suf_шермин,0.36448301809880573
L_pre_мұра,0.022918516114610547
F_pre_айш,0.32727304049206846
L_мұратқызы,0.38906951717933375
F_pre_айшеше,0.36448301809880573
F_suf_рмин,0.36448301809880573
F_pre_айше,0.36448301809880573
F_suf_ин,-0.09414256034300209
L_pre_мұ,-0.007386002516824662
L_pre_мұр,0.022918516114610547
F_suf_мин,-0.21041663597395763
L_suf_атқызы,0.4052264515948617
F_pre_ай,0.18651023546255907
F_suf_ермин,0.36448301809880573
L_pre_мұрат,0.022918516114610547
L_pre_мұратқ,0.38906951717933375
F_suf_тта,0.24552116600476728
F_suf_гнетта,0.23288270629642008
F_pre_агне,0.2515851793956444
L_pre_ахмет,-0.005264551316387756
F_suf_етта,0.24552116600476728
F_suf_та,0.2674796931176329
L_pre_ахмето,0.04212989350968648
F_pre_агнетт,0.2556194531269414
L_pre_ахм,0.005402155137878485
F_агнетта,0.23288270629642008
F_pre_агн,0.20736670948636327
L_pre_ах,0.004715173980320772
F_suf_нетта,0.24258539708373278
F_pre_агнет,0.2556194531269414
L_ахметова,0.47933085483405186
L_pre_ахме,0.004682811927064229
F_сумая,0.3017689705113895
L_хамитқызы,0.42598859236832515
F_suf_умая,0.3017689705113895
L_suf_итқызы,0.4153447458273548
F_pre_сума,0.27485962328160596
L_pre_хами,0.02708268557327174
L_pre_ха,-0.0008075334041042249
L_pre_хамит,0.02708268557327174
F_suf_ая,0.3813240043174886
F_suf_мая,0.3017689705113895
L_pre_хам,0.017272449322439293
F_suf_сумая,0.3017689705113895
F_pre_сум,0.27485962328160596
F_pre_сумая,0.3017689705113895
L_pre_хамитқ,0.42598859236832515
F_pre_су,-0.03726155744657685
L_suf_ыбаев,-0.4110916153215231
F_suf_артин,-0.38080920876875046
L_pre_нурлыб,0.03330557846010978
F_pre_марти,-0.38080920876875046
F_suf_мартин,-0.38080920876875046
F_pre_мартин,-0.38080920876875046
F_suf_тин,-0.1225396841495402
F_pre_мар,0.13358504251337786
F_suf_ртин,-0.38080920876875046
L_pre_нурл,0.024616942528906786
L_suf_лыбаев,-0.4104204480553425
L_нурлыбаев,-0.43472503468926466
F_pre_ма,0.04359512460156748
L_pre_нурлы,0.03330557846010978
F_pre_март,-0.03390297589586349
F_мартин,-0.38080920876875046
F_suf_лазиз,-0.2877548620217724
F_suf_азиз,-0.29649258251281935
L_pre_жумах,-0.026208716049022668
F_suf_зиз,-0.2944436193819586
F_suf_илазиз,-0.32569255325313573
L_pre_жумаха,-0.026208716049022668
F_pre_абдила,0.1638049532458334
L_suf_аханов,-0.4372549821979437
F_pre_абдил,-0.1626703509867167
L_жумаханов,-0.3858120159923285
F_suf_из,-0.19278881318036206
F_абдилазиз,-0.32569255325313573
F_suf_медея,0.2968432812395854
L_pre_асано,0.004155465939924222
L_pre_асанов,0.004155465939924222
F_suf_едея,0.2968432812395854
L_suf_санова,0.47559640438256123
F_suf_ея,0.3844150385012761
F_pre_мед,0.2645543688904756
F_медея,0.2968432812395854
L_pre_ас,-0.007149679640388812
F_suf_дея,0.3361342151053574
F_pre_медея,0.2968432812395854
L_асанова,0.3701085988865891
F_pre_меде,0.2968432812395854
L_pre_аса,0.010178561869371196
L_pre_асан,0.010178561869371196
F_інкәрі,0.27494436433876007
F_suf_нкәрі,0.27494436433876007
F_pre_ін,0.2213095142777982
F_suf_інкәрі,0.27494436433876007
L_pre_бай,0.00949414431322388
F_pre_інк,0.17643199710410942
F_suf_кәрі,0.27494436433876007
L_pre_байму,-0.022680650271118145
F_suf_әрі,0.27494436433876007
F_pre_інкә,0.19156565028447747
F_pre_інкәр,0.15825808980665756
F_pre_інкәрі,0.36007985123274483
L_баймуханова,0.3896352672779122
F_suf_рі,0.27494436433876007
L_pre_баймух,0.0306670294873907
L_pre_байм,0.00986329437660574
L_pre_тұрсы,-0.005604765242402317
L_suf_ұрсын,-0.36624151493887913
F_pre_сұлтан,-0.2468002114962127
L_suf_рсын,-0.36624151493887913
L_suf_ын,-0.4219139042515177
L_pre_тұ,-0.0007223816040453678
L_suf_тұрсын,-0.36624151493887913
L_pre_тұрсын,-0.005604765242402317
F_suf_сұлтан,-0.2793182077199671
L_тұрсын,-0.36624151493887913
F_pre_сұл,-0.2468002114962127
F_suf_лтан,-0.30934344351526066
F_сұлтан,-0.2468002114962127
F_suf_ұлтан,-0.2793182077199671
F_pre_сұлта,-0.2468002114962127
F_pre_сұлт,-0.2468002114962127
F_pre_сұ,-0.2468002114962127
L_suf_сын,-0.4219139042515177
L_pre_тұрс,-0.005604765242402317
L_pre_тұр,-0.0007223816040453678
F_suf_тан,-0.3084409646152328
F_pre_светл,0.2674823456959415
L_pre_серикб,-0.040905818493524655
F_pre_све,0.2674823456959415
F_светлана,0.2674823456959415
F_pre_свет,0.2674823456959415
F_suf_етлана,0.2674823456959415
F_pre_св,-0.07676893722630566
F_suf_тлана,0.2674823456959415
L_серикбаева,0.4462135759315534
L_pre_сери,-0.024182154148368547
L_pre_се,-0.0033545376751379532
F_suf_ана,0.29879864480026874
F_pre_светла,0.2674823456959415
L_pre_серик,-0.024182154148368547
F_suf_лана,0.2887356282690535
L_pre_сер,-0.002562616629946604
L_suf_сенова,0.4479989342296274
F_pre_ада,0.29118728474359973
L_suf_енова,0.4340977549575318
F_адалят,0.2790158563839262
F_pre_адал,0.3007420359668077
F_suf_алят,0.2790158563839262
F_suf_далят,0.2790158563839262
L_pre_бейс,0.00531966407369671
F_suf_адалят,0.2790158563839262
F_suf_лят,0.2832272184803426
F_pre_адалят,0.3495381727905049
L_pre_бейсен,-0.0006282210247403283
F_pre_адаля,0.32240846034468257
F_suf_ят,0.16060673379746984
L_pre_бейсе,0.00531966407369671
L_бейсенова,0.444559493712281
L_байжанов,-0.43081909717327005
F_айдос,-0.41144080006840156
F_pre_айдо,-0.41144080006840156
F_suf_айдос,-0.41144080006840156
L_suf_жанов,-0.4073348669432977
L_pre_байж,0.020703098975800933
F_pre_айд,-0.0635249138590368
L_suf_йжанов,-0.43081909717327005
L_pre_байжа,0.050220834446950254
F_pre_айдос,-0.41144080006840156
L_pre_байжан,0.050220834446950254
F_suf_йдос,-0.41144080006840156
F_андрон,-0.2968628881667299
L_suf_лжанов,-0.3778167137799726
L_pre_калжа,-0.04798762387763778
L_pre_калжан,-0.04798762387763778
L_pre_ка,0.00238969786908702
L_pre_кал,-0.007216898626796691
L_pre_калж,-0.04798762387763778
F_suf_андрон,-0.2968628881667299
L_калжанов,-0.3778167137799726
F_suf_ндрон,-0.2968628881667299
F_suf_он,-0.23398557744646822
F_suf_рон,-0.3403446063764272
F_suf_дрон,-0.2968628881667299
F_suf_ясина,0.3570473780929
F_ясина,0.3570473780929
L_pre_талға,0.06161394541195245
F_pre_ясин,0.1436610769670553
L_pre_талғат,0.06161394541195245
L_талғатқызы,0.4129131968405577
F_suf_сина,0.3617777955904605
L_pre_талғ,0.06161394541195245
F_pre_яс,0.045863257578798985
F_pre_ясина,0.3570473780929
F_pre_яси,-0.0064235927177715944
F_suf_кул,0.28340878797041713
F_pre_аикоку,0.26809700966634964
L_suf_кқызы,0.41754253600746843
F_pre_аик,0.3326189244824502
F_suf_кокул,0.26809700966634964
L_pre_ерікқ,0.3182338557038884
L_pre_ерік,-0.08341938475097214
L_ерікқызы,0.3182338557038884
L_pre_ерікқы,0.3182338557038884
F_suf_ул,0.1468737924359147
F_аикокул,0.26809700966634964
L_suf_ікқызы,0.38446228547118394
F_suf_икокул,0.26809700966634964
F_pre_аи,0.2819236683595661
F_pre_аико,0.26809700966634964
F_suf_окул,0.26809700966634964
L_pre_ері,-0.08341938475097214
F_pre_аикок,0.26809700966634964
F_pre_адия,0.335267082217448
F_suf_адия,0.38473372362338076
F_адия,0.4378440160048821
L_pre_мырзаб,-0.007956116044052096
F_suf_дия,0.3886553019337753
L_мырзабаева,0.4451670396213936
L_suf_абаева,0.43933494674617507
F_suf_адий,0.04372995822489967
L_pre_сәр,0.0026403526953223777
L_suf_нбаева,0.4336640257650373
F_suf_дий,0.04372995822489967
L_pre_сәрс,0.0026403526953223777
L_сәрсенбаева,0.4553179993274983
L_pre_сә,-0.009630491123859684
F_pre_адий,0.5200607501417955
L_pre_сәрсен,0.0026403526953223777
L_pre_сәрсе,0.0026403526953223777
F_suf_ий,-0.30011867274801507
F_адий,1.0046258254329725
L_pre_кас,0.007940154017300726
F_pre_дилоро,0.314869116291529
F_suf_ом,0.017489724496702923
F_suf_ром,0.314869116291529
F_pre_дил,0.18016571495182487
F_suf_лором,0.314869116291529
F_pre_дило,0.314869116291529
F_pre_ди,0.08940423247493041
L_pre_касымб,-0.0493701173417525
L_pre_касы,-0.019270347889055878
L_pre_касым,-0.019270347889055878
F_pre_дилор,0.314869116291529
L_касымбекова,0.36993127969704415
F_suf_илором,0.314869116291529
F_дилором,0.314869116291529
F_suf_ором,0.314869116291529
L_suf_лақызы,0.4977584979866662
F_pre_алиц,0.2735297175482777
L_абдуллақызы,0.4958182235253992
F_pre_алиция,0.2735297175482777
F_алиция,0.2735297175482777
F_suf_лиция,0.2735297175482777
F_suf_алиция,0.2735297175482777
F_suf_ция,0.36232318523965573
F_suf_иция,0.2735297175482777
F_pre_алици,0.2735297175482777
L_сартаева,0.4518785081208971
L_pre_сартае,0.04607143769036368
L_pre_са,-0.0241536545117721
F_suf_белла,0.2995319780506911
F_pre_изабе,0.26076397148835156
F_suf_абелла,0.2775259897204513
F_pre_изаб,0.26076397148835156
L_pre_сарта,0.04607143769036368
L_suf_ртаева,0.4306758715170655
L_pre_сар,-0.00217693381153004
L_suf_таева,0.4363391358737845
L_pre_сарт,0.04607143769036368
F_pre_иза,0.26076397148835156
F_pre_из,0.26076397148835156
F_pre_изабел,0.26076397148835156
F_suf_елла,0.30167971173206976
F_изабелла,0.26076397148835156
F_suf_абиля,0.35012849271650953
F_pre_абиля,0.35012849271650953
F_pre_абил,0.13360032359394336
L_pre_оразқы,0.34928912759529845
L_pre_оразқ,0.34928912759529845
L_suf_зқызы,0.34928912759529845
L_оразқызы,0.34928912759529845
F_suf_иля,0.32746967692273243
F_абиля,0.35012849271650953
L_suf_азқызы,0.34928912759529845
F_suf_биля,0.35012849271650953
F_suf_ля,0.27802955105533883
F_pre_аби,0.33302637032565763
F_suf_ссия,0.2923652564809956
L_султанова,0.3937554641470275
L_pre_султа,0.003774308638968118
F_pre_асс,0.2999221437367185
L_pre_султ,0.003774308638968118
L_suf_танова,0.43184794450437874
L_pre_султан,0.003774308638968118
F_pre_асси,0.2999221437367185
F_ассия,0.2999221437367185
F_suf_ассия,0.2999221437367185
L_pre_сул,-0.015553186129086332
F_suf_сия,0.3068364343965587
L_pre_су,-0.019462881343825202
F_pre_ас,0.044324716213497206
F_pre_ассия,0.2999221437367185
F_малайкат,0.3729801006585761
F_suf_йкат,0.3729801006585761
F_pre_малай,0.3729801006585761
F_pre_малайк,0.3729801006585761
F_pre_мала,0.3729801006585761
F_suf_лайкат,0.3729801006585761
F_pre_мал,0.07260637408327429
F_suf_айкат,0.3729801006585761
F_suf_кат,0.053160238887868465
F_абдижаппар,-0.24439389760508107
L_suf_фин,-0.40312858692835907
L_pre_муста,0.021526363938694917
L_pre_мустаф,0.021526363938694917
F_suf_пар,-0.2566274979177152
F_suf_аппар,-0.25101494862717016
L_suf_стафин,-0.42230107659690064
F_suf_жаппар,-0.24698196459492597
L_suf_тафин,-0.42230107659690064
L_pre_мус,0.003804439022786819
L_suf_афин,-0.40312858692835907
F_suf_ппар,-0.25101494862717016
L_мустафин,-0.42230107659690064
L_pre_муст,0.021526363938694917
F_suf_ян,-0.32932074270509004
F_pre_емелья,-0.24592386419581472
L_pre_калаба,-0.004552079817625194
F_suf_мельян,-0.24592386419581472
F_емельян,-0.24592386419581472
L_pre_калаб,-0.004552079817625194
F_suf_льян,-0.24592386419581472
F_pre_еме,-0.24592386419581472
F_pre_емел,-0.24592386419581472
F_pre_емель,-0.24592386419581472
L_suf_абаев,-0.4186578268210154
F_pre_ем,-0.24592386419581472
L_suf_лабаев,-0.406613562270162
F_suf_ельян,-0.24592386419581472
F_suf_ьян,-0.2735985724874649
L_pre_кала,-0.004552079817625194
L_калабаев,-0.3470704803469268
L_балтабай,-0.4230512802723636
F_suf_әми,-0.3040801842099038
F_абдірахымжәми,-0.3040801842099038
L_pre_балта,-0.010327171994412014
F_suf_мжәми,-0.3040801842099038
F_suf_ми,0.1956230364817059
L_suf_табай,-0.4230512802723636
F_suf_ымжәми,-0.3040801842099038
F_suf_жәми,-0.3040801842099038
L_pre_балтаб,-0.010327171994412014
L_pre_балт,-0.010327171994412014
L_pre_бал,0.004211545255462178
L_suf_лтабай,-0.4230512802723636
L_айтбай,-0.3290186403586157
F_абатжан,-0.2930911205200101
F_pre_абатжа,-0.2930911205200101
F_suf_атжан,-0.2930911205200101
F_pre_абатж,-0.2930911205200101
F_suf_батжан,-0.2930911205200101
L_pre_айтба,0.004518373428966958
L_pre_айтб,0.007542931346523963
L_suf_тбай,-0.3290186403586157
L_suf_йтбай,-0.3290186403586157
L_pre_ай,-0.009205445109573636
F_suf_тжан,-0.29627822002647436
L_pre_айт,0.006782139112544487
L_pre_айтбай,-0.3290186403586157
L_suf_айтбай,-0.3290186403586157
F_pre_абат,-0.19363658201594694
F_suf_адалым,0.38070207635343906
L_pre_ибраш,-0.005116314662498148
F_адалым,0.38070207635343906
F_pre_адалы,0.38070207635343906
L_pre_ибраше,-0.005116314662498148
F_pre_адалым,0.38070207635343906
L_suf_рашева,0.4206697821353583
L_pre_ибр,0.008151200200308031
F_suf_далым,0.38070207635343906
L_ибрашева,0.4206697821353583
L_pre_иб,0.01229762208597356
L_suf_шева,0.4584933642501658
L_pre_ибра,0.008151200200308031
L_suf_ашева,0.45234785117453785
F_suf_алым,-0.15531650555841187
F_радмир,-0.3668098791114401
F_suf_адмир,-0.3668098791114401
F_pre_радм,0.0002819226068034482
F_pre_рад,0.05470158699527772
F_suf_мир,-0.32287619886105334
F_pre_радмир,-0.3668098791114401
L_pre_жал,0.01415603466691787
L_pre_жалға,0.030105183985693285
L_suf_асбай,-0.38476541105827994
L_suf_сбай,-0.3908487683983589
L_pre_жалғ,0.030105183985693285
F_suf_дмир,-0.3668098791114401
L_жалғасбай,-0.4044721388691923
F_pre_радми,0.0002819226068034482
F_suf_радмир,-0.3668098791114401
L_pre_жалғас,0.030105183985693285
L_suf_ғасбай,-0.4044721388691923
F_suf_ир,-0.2820765259078227
F_suf_ейда,0.22436210883322477
L_pre_али,-0.02441455128270534
F_suf_йда,0.36222566822335756
L_pre_ал,-0.01781578604235467
F_suf_ьгейда,0.22436210883322477
L_pre_алим,0.0028541889786218534
F_suf_гейда,0.22436210883322477
F_адельгейда,0.22436210883322477
L_pre_алимб,0.00401926679237751
F_pre_адельг,0.22436210883322477
L_алимбекова,0.496598442761086
L_pre_алимбе,0.005951497738153357
F_pre_адел,0.28103883800594903
F_pre_адель,0.27056585765588
F_suf_ілек,-0.2805659664190011
F_suf_тілек,-0.2805659664190011
F_pre_ізтіл,-0.27159851285720377
F_ізтілек,-0.2805659664190011
F_pre_ізті,-0.27159851285720377
F_suf_зтілек,-0.2805659664190011
L_suf_арбаев,-0.3858734286224377
L_pre_онг,-0.019893157787495626
F_pre_ізт,-0.2842136525816037
F_suf_лек,-0.08403312636841544
L_pre_онгарб,-0.019893157787495626
F_pre_ізтіле,-0.27159851285720377
L_pre_он,-0.019893157787495626
L_pre_онгар,-0.019893157787495626
L_онгарбаев,-0.4344064122792608
L_pre_онга,-0.019893157787495626
L_pre_базар,0.005302659530320099
F_pre_хус,-0.2748164919461149
F_suf_усейн,-0.2480614263964693
F_suf_хусейн,-0.2480614263964693
L_базаров,-0.4073454992277395
L_pre_базаро,0.055794158650986275
L_pre_баз,0.005302659530320099
F_pre_хусе,-0.25666566970369986
F_pre_хусей,-0.2480614263964693
F_suf_йн,-0.2480614263964693
F_pre_хусейн,-0.2480614263964693
L_pre_база,0.005302659530320099
F_хусейн,-0.2480614263964693
F_pre_ху,-0.2748164919461149
F_suf_ейн,-0.2480614263964693
L_suf_заров,-0.44347099671806356
L_suf_азаров,-0.44347099671806356
F_suf_сейн,-0.2480614263964693
L_pre_куаны,-0.05043708817758254
L_suf_шбаев,-0.4465821406098251
F_pre_ба,-0.18532923171761242
F_suf_ыржан,-0.31249059890224073
L_suf_ышбаев,-0.4465821406098251
L_куанышбаев,-0.4465821406098251
F_pre_бауырж,-0.31249059890224073
F_pre_бау,-0.31950552340504446
F_suf_уыржан,-0.31249059890224073
F_pre_бауыр,-0.31249059890224073
F_бауыржан,-0.31249059890224073
F_pre_бауы,-0.31249059890224073
L_pre_куаныш,-0.05043708817758254
L_pre_куан,-0.027790206117874434
F_suf_йбиике,0.28803448753094907
L_pre_нұржа,0.07462676877332496
L_pre_нұрж,0.07462676877332496
F_айбиике,0.28803448753094907
F_suf_ике,0.32584667674729134
F_pre_айби,0.2895261435336217
F_pre_айб,-0.08019913808026549
F_suf_иике,0.28803448753094907
F_pre_айбии,0.28803448753094907
L_pre_нұржан,0.07462676877332496
F_pre_айбиик,0.28803448753094907
L_нұржанқызы,0.3836729624883492
F_suf_биике,0.28803448753094907
L_сарсенова,0.42558586795976083
F_айрис,0.39218574817292834
F_pre_айри,0.33505994255871346
F_pre_айрис,0.39218574817292834
L_pre_сарсе,-0.019742525227219036
L_pre_сарсен,-0.021418366883473323
F_suf_рис,0.18384987995253788
L_pre_сарс,-0.019742525227219036
F_suf_айрис,0.39218574817292834
F_pre_айр,0.33505994255871346
F_suf_ис,-0.03621860395267758
F_suf_йрис,0.39218574817292834
L_suf_арова,0.4490310933826495
L_pre_камба,0.026724411317500814
F_suf_ле,0.29675955831071504
L_pre_камбар,0.026724411317500814
F_suf_еле,0.3370988060097041
L_suf_барова,0.45993588012878267
L_pre_кам,-0.010084682182817448
F_анеле,0.3370988060097041
F_pre_анел,0.3066108826216839
L_suf_рова,0.44247286427137533
F_suf_анеле,0.3370988060097041
L_pre_камб,0.026724411317500814
F_pre_ане,0.20079204512337295
F_suf_неле,0.3370988060097041
F_pre_анеле,0.3370988060097041
L_камбарова,0.45993588012878267
L_pre_абило,0.07538027791144303
L_абилова,0.3696256314958343
F_suf_расул,-0.10077847940584769
F_suf_асул,-0.10077847940584769
L_pre_аби,0.02467032986756409
L_suf_билова,0.3696256314958343
L_suf_илова,0.4454072334426515
F_suf_урасул,1.2419181168321187
F_pre_абдура,-0.09180612798019176
L_pre_абил,0.04405951943321515
F_абдурасул,1.2419181168321187
F_suf_сул,-0.10077847940584769
L_pre_абилов,0.07538027791144303
F_pre_абдур,-0.10493281332121417
L_suf_лова,0.446843218957033
F_pre_абду,-0.1552777668795922
F_suf_аксим,-0.27944149636982735
F_pre_максим,-0.27944149636982735
L_suf_каиров,-0.42696128953829704
L_каиров,-0.42696128953829704
L_pre_каиров,0.017589453499614344
L_suf_иров,-0.433259498758525
F_suf_максим,-0.27944149636982735
F_pre_мак,-0.31807102024756456
L_pre_каи,-3.058404619861959e-05
F_pre_макс,-0.2868433616471801
F_suf_ксим,-0.27944149636982735
F_максим,-0.27944149636982735
F_pre_макси,-0.27944149636982735
F_suf_сим,-0.3026048860268752
L_pre_каиро,0.017589453499614344
L_suf_аиров,-0.42696128953829704
L_pre_каир,-3.058404619861959e-05
F_мирон,-0.37329433029614206
L_pre_таубае,0.002227194737416627
L_pre_тау,0.002227194737416627
F_pre_мирон,-0.37329433029614206
F_pre_мир,-0.2079266672326864
F_pre_ми,0.03446951679125581
F_suf_ирон,-0.37329433029614206
L_таубаев,-0.3578132786236188
L_suf_убаев,-0.44547424774050426
L_pre_тауб,0.002227194737416627
F_pre_миро,-0.1319750397131118
L_pre_тауба,0.002227194737416627
F_suf_мирон,-0.37329433029614206
L_suf_аубаев,-0.4270053442935741
L_алпысбаев,-0.3424549486197032
F_pre_акимх,-0.33081428949358077
F_pre_аки,-0.0312048127520451
L_suf_ысбаев,-0.41566766908174557
F_suf_кимхан,-0.33081428949358077
F_suf_хан,-0.12972430493627388
F_suf_мхан,-0.18302031783578307
L_pre_алп,0.008458266375607154
L_suf_сбаев,-0.4622717926604121
L_pre_алпыс,0.008458266375607154
F_pre_аким,-0.33081428949358077
F_suf_имхан,-0.3519310361293125
L_pre_алпы,0.008458266375607154
F_pre_акимха,-0.33081428949358077
F_акимхан,-0.33081428949358077
L_pre_алпысб,0.008458266375607154
F_suf_иана,0.2924709193138056
L_suf_збаева,0.4322593072962994
F_pre_ари,0.004788142684120971
F_pre_ариан,0.02470209900172307
F_pre_ар,-0.07881201386822743
F_suf_риана,0.324113188440977
F_pre_ариа,0.02470209900172307
F_ариана,0.35755498538350144
L_оразбаева,0.4607267507017697
F_pre_ариана,0.35755498538350144
L_pre_оразба,-0.0068788248466018186
F_suf_ариана,0.35755498538350144
L_pre_аязбае,0.05050062109277295
F_suf_мжан,-0.29031849566032436
F_pre_айы,0.42904638994550787
F_pre_айымж,0.40702514533751966
F_pre_айым,0.42904638994550787
L_аязбаева,0.499244302542007
L_pre_аяз,0.05050062109277295
L_pre_аязб,0.05050062109277295
L_pre_ая,0.02638746624409773
F_suf_ымжан,0.40702514533751966
L_pre_аязба,0.05050062109277295
F_pre_айымжа,0.40702514533751966
F_айымжан,0.40702514533751966
F_suf_йымжан,0.40702514533751966
L_suf_йлова,0.5175818715865227
L_suf_айлова,0.5175818715865227
L_pre_сма,-0.0030122527629851976
L_pre_смай,-0.056781828255419935
F_suf_жунұр,0.4274642057198692
F_suf_нжунұр,0.4274642057198692
F_pre_інжу,0.3012768107461285
L_pre_смайло,-0.056781828255419935
F_pre_інж,0.2788698633336733
L_pre_смайл,-0.056781828255419935
L_смайлова,0.48751797007058895
F_інжунұр,0.4274642057198692
L_pre_см,-0.0030122527629851976
F_suf_нұр,-0.10202989964141257
F_suf_унұр,0.4274642057198692
F_pre_інжун,0.31152275129630785
F_pre_інжунұ,0.4274642057198692
L_suf_лиев,-0.4407614500361535
F_suf_ниял,-0.29284389626228174
L_pre_сейтка,-0.03592792937538669
F_pre_да,-0.07684879840163954
F_pre_дани,-0.20090372944191356
F_suf_аниял,-0.29284389626228174
F_pre_даниял,-0.29284389626228174
L_suf_иев,-0.4418271069468325
F_даниял,-0.29284389626228174
L_сейткалиев,-0.3954329387104467
L_pre_сейтк,-0.03592792937538669
F_suf_иял,-0.29284389626228174
L_pre_сей,-0.012767503128486549
F_pre_дан,-0.07237995046579251
F_suf_ял,-0.31511120205157034
L_pre_сейт,-0.017836217160881313
F_pre_дания,-0.2825504935432486
L_suf_калиев,-0.41904567326852876
F_suf_даниял,-0.29284389626228174
L_suf_алиев,-0.44184436733167665
L_серікова,0.400083395035831
L_suf_рікова,0.400083395035831
L_suf_ікова,0.400083395035831
F_зухра,0.2818236556513451
L_pre_серіко,-0.03346932346190391
F_suf_ухра,0.2818236556513451
F_pre_зухр,0.3130738755910002
F_pre_зу,0.1731965866418367
F_suf_хра,0.2818236556513451
F_suf_зухра,0.2818236556513451
L_pre_сері,0.028667579201210183
F_suf_ра,0.28838786881376516
L_pre_серік,0.028667579201210183
F_pre_зухра,0.2818236556513451
F_pre_зух,0.3130738755910002
F_suf_мран,-0.331590243513665
L_pre_сүл,-0.02388877852023259
L_pre_сүле,-0.02388877852023259
L_suf_леймен,-0.4252614047199356
L_suf_ен,-0.43092565250171794
L_suf_еймен,-0.4252614047199356
F_suf_ран,-0.33224463503682095
F_pre_ім,-0.28079364447138455
L_pre_сүлейм,-0.02388877852023259
F_pre_імр,-0.3045727689112252
L_suf_ймен,-0.4252614047199356
L_сүлеймен,-0.4252614047199356
L_suf_мен,-0.4252614047199356
F_pre_імран,-0.3045727689112252
L_pre_сүлей,-0.02388877852023259
F_pre_імра,-0.3045727689112252
F_імран,-0.3045727689112252
F_suf_імран,-0.3045727689112252
L_pre_сү,-0.02388877852023259
L_pre_акимов,-0.025388553935033517
L_suf_мова,0.4554532959298948
L_акимова,0.4393149708097528
L_pre_акимо,-0.025388553935033517
F_pre_айс,0.21581652909495125
L_suf_кимова,0.45474462049363834
F_pre_айсел,0.3068762501271905
F_suf_айсел,0.40360465917225985
L_suf_имова,0.4598998983877654
F_айсел,0.40360465917225985
F_suf_йсел,0.40360465917225985
F_pre_айсе,0.30138161117129714
F_suf_сел,0.4201401907227545
F_pre_абіл,-0.26645005242912784
L_pre_ура,-6.491808358320445e-05
L_pre_уразг,-0.02587181255584219
L_pre_уразга,-0.02587181255584219
F_pre_абі,-0.27115945749271236
L_pre_ур,-6.491808358320445e-05
F_абілқайыр,-0.2358736436897351
L_suf_галиев,-0.4806741264643118
L_pre_ураз,-6.491808358320445e-05
F_pre_абілқа,-0.2575271514761223
L_уразгалиев,-0.42490039475625263
F_pre_абілқ,-0.2575271514761223
F_suf_лқайыр,-0.2358736436897351
L_pre_беко,-0.047770816336834825
F_suf_макар,-0.37354386103532905
F_pre_макар,-0.37354386103532905
L_pre_беков,-0.047770816336834825
F_макар,-0.37354386103532905
F_pre_мака,-0.37354386103532905
F_suf_акар,-0.32196764510758685
L_len_0_5,-0.40144997084025036
F_suf_кар,-0.20039099575993372
L_беков,-0.4342730828613099
L_pre_бек,-0.004906327572346004
L_кеңес,-0.41635906796979333
L_pre_кеңес,-0.0035297268900855534
L_pre_кең,-0.0035297268900855534
F_suf_нджей,-0.4056433666677565
L_suf_еңес,-0.41635906796979333
F_pre_анджей,-0.4056433666677565
L_suf_кеңес,-0.41635906796979333
F_suf_ей,-0.20516141078274006
L_suf_ңес,-0.41635906796979333
F_suf_жей,-0.4056433666677565
L_suf_ес,-0.42503586888870765
F_suf_джей,-0.4056433666677565
F_suf_анджей,-0.4056433666677565
F_pre_андже,0.14959076374741964
L_pre_кеңе,-0.0035297268900855534
F_pre_андж,0.14959076374741964
F_анджей,-0.4056433666677565
L_pre_им,0.005225467775604828
L_pre_има,0.005225467775604828
F_pre_ізба,-0.3066506298426469
F_pre_ізб,-0.20580671467526154
F_suf_азар,-0.3467523726998208
F_suf_зар,-0.23436767805904693
F_pre_ізбаза,-0.26930412451464825
L_pre_имаш,0.02324394327757517
L_suf_машев,-0.4714364855287309
L_имашев,-0.4299587716505676
F_suf_збазар,-0.26930412451464825
F_ізбазар,-0.26930412451464825
F_pre_ізбаз,-0.26930412451464825
L_suf_шев,-0.42447088614104184
L_suf_имашев,-0.4299587716505676
L_pre_имаше,0.02324394327757517
L_suf_ашев,-0.43347617964336366
L_pre_имашев,0.02324394327757517
F_suf_базар,-0.26930412451464825
L_pre_айд,-0.014770306440521056
F_suf_уф,-0.289185969042291
L_pre_айда,-0.014770306440521056
F_мухаммадюсуф,-0.2367860826308504
F_suf_адюсуф,-0.2367860826308504
L_pre_айдарх,0.010544287044291275
F_suf_суф,-0.288491486948273
L_айдарханов,-0.4572282977755428
F_pre_му,-0.1614846828615541
L_pre_айдар,-0.014770306440521056
F_pre_мухамм,-0.2718798560212014
F_pre_мух,-0.22665781942396881
F_pre_муха,-0.2713901280461434
F_pre_мухам,-0.2713901280461434
F_suf_юсуф,-0.288491486948273
F_suf_дюсуф,-0.2367860826308504
F_suf_амшид,-0.27947177821977987
F_pre_жам,-0.09422492532948444
L_pre_сейтж,-0.03200177961794905
F_pre_жамш,-0.26820366017179853
F_suf_шид,-0.27680351222384103
F_pre_жамши,-0.26820366017179853
L_suf_тжанов,-0.45416941062927396
F_suf_ид,-0.2912432881019922
F_suf_мшид,-0.27947177821977987
F_pre_жамшид,-0.26820366017179853
F_suf_жамшид,-0.27947177821977987
L_сейтжанов,-0.4234244349468938
L_pre_сейтжа,-0.03200177961794905
F_жамшид,-0.27947177821977987
L_pre_абдуа,0.003918233400506343
F_назмина,0.24764987663736932
F_pre_назми,0.24764987663736932
F_pre_на,0.1313378198816806
F_suf_азмина,0.24764987663736932
L_pre_абдуал,0.003918233400506343
F_pre_назм,0.24764987663736932
F_suf_мина,0.29967674740680394
F_pre_назмин,0.24764987663736932
L_абдуалиева,0.39582774675853705
F_pre_наз,0.18128105949728365
F_suf_змина,0.24764987663736932
L_suf_кжан,-0.3913146475363742
L_pre_бекжан,0.005987352725296977
L_pre_бекжа,0.005987352725296977
L_suf_бекжан,-0.3913146475363742
F_pre_абдіал,-0.3140536167635954
L_suf_ан,-0.4367577470316112
L_suf_екжан,-0.3913146475363742
F_pre_абдіа,-0.2894139249159403
F_suf_іалым,-0.34563544370748545
L_pre_бекж,0.005987352725296977
L_бекжан,-0.3913146475363742
L_suf_жан,-0.42487077389906547
F_абдіалым,-0.34563544370748545
F_suf_діалым,-0.34563544370748545
F_pre_балаус,0.30740818762562455
F_балауса,0.30740818762562455
F_pre_балау,0.30740818762562455
F_suf_алауса,0.30740818762562455
F_suf_уса,-0.14667812300657865
F_suf_лауса,0.30740818762562455
F_pre_бал,0.36001217006872765
F_suf_са,0.21184612594552882
F_pre_бала,0.30740818762562455
L_алпысбаева,0.418818228736951
F_suf_ауса,0.30740818762562455
F_pre_кэтэ,0.2416676299622704
F_pre_кэт,0.2416676299622704
F_кэтэлина,0.2416676299622704
F_pre_кэтэли,0.2416676299622704
F_suf_элина,0.24930655252097522
F_suf_тэлина,0.2416676299622704
F_pre_кэтэл,0.2416676299622704
F_suf_лина,0.26550066951672235
F_pre_кэ,0.2416676299622704
F_suf_яйсян,0.308044172495493
F_pre_ля,0.3249198296021751
F_pre_ляйс,0.3249198296021751
F_pre_ляйся,0.308044172495493
F_suf_ляйсян,0.308044172495493
F_suf_йсян,0.308044172495493
F_suf_сян,0.308044172495493
F_pre_ляй,0.3249198296021751
F_pre_ляйсян,0.308044172495493
F_ляйсян,0.308044172495493
L_мақсат,-0.38540364411169
L_suf_ат,-0.4342513586702975
F_абдірахман,-0.33449166906231087
F_suf_рахман,-0.11880045042387309
L_suf_ақсат,-0.38540364411169
L_pre_мақса,-0.013187388759387915
L_pre_мақ,-0.012857117611894304
L_pre_мақсат,-0.013187388759387915
F_suf_ман,-0.21835466335771517
L_suf_қсат,-0.38540364411169
F_suf_хман,-0.11880045042387309
L_suf_сат,-0.38540364411169
L_suf_мақсат,-0.38540364411169
F_suf_ахман,-0.11880045042387309
L_pre_мақс,-0.012857117611894304
F_pre_нод,-0.014776133889723393
F_pre_ноди,-0.014776133889723393
F_pre_но,0.07327165693468647
F_pre_нодирб,-0.36193442496544026
L_suf_сбеков,-0.4388268121507411
L_pre_рысбек,-0.039090975534076096
L_pre_рысбе,-0.039090975534076096
F_suf_ирбек,-0.36193442496544026
F_нодирбек,-0.36193442496544026
F_suf_рбек,-0.36311090141629526
F_pre_нодир,-0.014776133889723393
L_рысбеков,-0.4722587974498156
F_suf_дирбек,-0.36193442496544026
L_suf_рахман,-0.43154277810015723
F_pre_адам,-0.12521574289924586
L_suf_хман,-0.43154277810015723
L_suf_ахман,-0.43154277810015723
L_pre_абдр,0.00038409746614312943
F_suf_дам,-0.008028905613241252
F_suf_ам,-0.18879556556011834
L_абдрахман,-0.3910102485115853
L_suf_ман,-0.46177152406722877
F_suf_адам,-0.008028905613241252
L_pre_абдрах,0.008005171882917038
F_адам,-0.008028905613241252
L_pre_абдра,0.00038409746614312943
F_pre_айда,-0.01660024753229147
L_suf_дыков,-0.43289009378974314
L_pre_куанды,-0.02307545863528492
F_suf_йдар,-0.4834038356998567
L_куандыков,-0.43881239720494275
F_pre_айдар,-0.4142299057490164
F_suf_дар,-0.24335368663912138
F_suf_айдар,-0.4834038356998567
F_айдар,-0.4834038356998567
L_suf_ндыков,-0.4604510908815676
L_suf_ыков,-0.43784706995633627
L_pre_куанд,-0.02307545863528492
F_pre_айжан,0.5175390049309228
F_suf_йжанат,0.4220256756546183
F_pre_айжа,0.5007773794667533
F_айжанат,0.4220256756546183
F_pre_айжана,0.4220256756546183
F_suf_нат,-0.06616945928095362
F_pre_айж,0.3006120506470139
L_оразбекқызы,0.4460900810313972
L_suf_екқызы,0.4223629896303271
F_suf_анат,-0.05611068176027631
F_suf_жанат,-0.09163198347436516
F_pre_әділ,-0.36567001737984733
F_pre_әділет,-0.33036432877139044
F_suf_әділет,-0.33036432877139044
F_pre_әділе,-0.33036432877139044
F_suf_ілет,-0.05870087268322594
F_suf_ет,-0.12980673977108076
F_pre_әд,-0.16627742458578773
F_suf_ділет,-0.05870087268322594
F_әділет,-0.33036432877139044
F_suf_лет,-0.15754681778736832
F_pre_әді,-0.36567001737984733
F_pre_мав,0.2528033827720357
F_suf_авзуна,0.2528347808845554
F_мавзуна,0.2528347808845554
L_сарина,0.36661645266648846
F_pre_мавзун,0.2528347808845554
L_suf_арина,0.36661645266648846
L_suf_рина,0.36661645266648846
F_suf_уна,0.2602109355653264
L_suf_сарина,0.36661645266648846
F_suf_взуна,0.2528347808845554
F_suf_зуна,0.2540715130322948
L_pre_сарина,0.36661645266648846
F_pre_мавзу,0.2528347808845554
L_suf_ина,0.4494877508166928
L_suf_на,0.4494877508166928
L_pre_сарин,0.0320195323608592
L_pre_сари,0.014309793158510884
F_pre_мавз,0.2528347808845554
F_pre_аафи,0.33064217138585916
F_pre_аафия,0.33064217138585916
F_suf_афия,0.29263463176992377
F_suf_фия,0.2824289096388113
L_нурланқызы,0.4224054970467078
F_аафия,0.33064217138585916
F_pre_ааф,0.33064217138585916
F_pre_аа,-0.16525502229027647
L_pre_нурла,0.021096408182398815
F_suf_аафия,0.33064217138585916
L_pre_нурлан,0.021096408182398815
F_абдісаттар,-0.26205191587900334
F_suf_тар,-0.25854125612772266
F_suf_ттар,-0.261230650281496
F_suf_саттар,-0.26348339322406844
L_suf_ьдинов,-0.4355070473569673
L_pre_аманг,0.017785409362792156
L_suf_инов,-0.41422132408978024
F_suf_аттар,-0.26348339322406844
L_амангельдинов,-0.4355070473569673
L_suf_динов,-0.4355070473569673
L_pre_аманге,0.014832089108532053
F_suf_диза,0.2998756677105823
F_suf_адиза,0.2998756677105823
F_адиза,0.2998756677105823
F_suf_иза,0.3360274638450597
L_жалғасбаева,0.39440913845816333
F_pre_адиз,0.2998756677105823
F_suf_за,0.24383491317243855
F_pre_адиза,0.2998756677105823
L_pre_тө,-0.015882280473237514
L_pre_төлег,0.00456265225911583
L_suf_ген,-0.42328018249267635
L_pre_төле,-0.013038859447522083
L_төлеген,-0.3505128995993128
L_pre_төл,-0.013038859447522083
L_suf_еген,-0.391420624515564
L_pre_төлеге,0.00456265225911583
L_suf_өлеген,-0.3505128995993128
L_suf_леген,-0.3984365030101776
L_suf_римов,-0.48481011673734403
L_pre_абдука,-0.06971559244119431
L_pre_абдук,-0.06971559244119431
L_suf_аримов,-0.48481011673734403
L_suf_имов,-0.43946414984218857
F_suf_ақым,-0.2667791465433334
F_suf_ірақым,-0.2667791465433334
L_абдукаримов,-0.48492500023548524
L_suf_мов,-0.43580886513708
F_абдірақым,-0.2667791465433334
F_suf_қым,-0.2667791465433334
F_suf_рақым,-0.2667791465433334
L_оралбекқызы,0.42674695429080034
F_pre_рус,-0.0878058940860544
F_pre_руслан,-0.029257408747104363
F_руслана,0.4413506646100543
L_pre_оралбе,0.001120384436888543
F_pre_русл,-0.029257408747104363
F_pre_русла,-0.029257408747104363
F_suf_слана,0.4413506646100543
F_pre_ру,0.009680249262330652
L_pre_орал,0.0010110053862575083
L_pre_оралб,0.02304845100316625
F_suf_услана,0.4413506646100543
L_pre_еси,0.03373093080134641
L_pre_есимо,0.04026210678647028
L_pre_ес,-0.008448984885338514
L_pre_есимов,0.04026210678647028
F_pre_адис,-0.03882453707604009
L_pre_есим,0.027530169931468618
L_suf_симова,0.5159091356643101
L_есимова,0.5458267203859838
F_suf_дис,-0.0827679123992285
F_suf_адис,-0.0827679123992285
F_адис,-0.0827679123992285
F_suf_делла,0.25813041181446955
F_pre_аделла,0.25813041181446955
F_pre_аделл,0.24538814937606915
F_аделла,0.25813041181446955
F_suf_аделла,0.25813041181446955
L_pre_ища,0.04059172987479459
L_pre_ищанов,0.04059172987479459
L_suf_щанова,0.4231131407029998
L_pre_ищано,0.04059172987479459
L_pre_ищан,0.04059172987479459
L_pre_ищ,0.04059172987479459
L_ищанова,0.4732173965488567
F_pre_аур,0.0504922736872959
F_pre_аурели,0.3597039687024449
F_suf_урелия,0.3597039687024449
F_suf_елия,0.29179782472699417
F_suf_релия,0.37211614564676276
F_аурелия,0.3597039687024449
F_pre_ауре,-0.06050975005821956
F_pre_аурел,-0.06050975005821956
F_pre_ау,0.0504922736872959
F_suf_лия,0.2135603318820015
F_suf_залия,0.23724258150755445
F_азалия,0.2593617191867167
F_pre_аза,0.10502966368294793
F_suf_алия,0.27152795342857067
F_pre_аз,0.10222221748965979
F_pre_азал,0.29375965787365177
L_suf_етқызы,0.39345730269913964
F_suf_азалия,0.2593617191867167
L_махамбетқызы,0.421522402949455
F_pre_азалия,0.2593617191867167
F_pre_азали,0.2528425804524047
F_pre_рама,-0.3450124603934604
L_suf_ынбек,-0.4146741192538852
F_suf_амазан,-0.2780652408858455
L_орынбек,-0.4459041464065877
L_suf_рынбек,-0.4459041464065877
F_pre_рамаз,-0.27990488456797435
F_pre_рам,-0.16724408462782045
F_рамазан,-0.2780652408858455
F_suf_зан,-0.3034536929672577
F_suf_азан,-0.2780652408858455
F_pre_рамаза,-0.2780652408858455
F_suf_мазан,-0.2780652408858455
L_suf_манова,0.4368679458778994
F_pre_виоле,0.24916259890152692
L_pre_усм,0.027298821447668063
F_pre_виолет,0.24916259890152692
L_усманова,0.45754546804835144
F_suf_летта,0.26519195261834827
L_pre_усмано,0.027298821447668063
F_виолетта,0.26519195261834827
F_suf_олетта,0.26519195261834827
F_pre_виол,0.24916259890152692
L_pre_ус,0.0006014818762416793
F_pre_вио,0.24554028025699715
L_pre_усма,0.027298821447668063
L_pre_усман,0.027298821447668063
L_pre_қонысб,0.040966407577844595
L_suf_ысбай,-0.3944652064185935
F_pre_аглям,-0.5439222128628162
L_қонысбай,-0.4240709507174097
L_pre_қоныс,0.040966407577844595
L_pre_қо,-0.0009303205068279042
F_аглям,-0.5439222128628162
L_suf_нысбай,-0.4240709507174097
L_pre_қон,0.040966407577844595
F_suf_лям,-0.03232644517267367
F_suf_ям,0.17233524728412025
L_pre_қоны,0.040966407577844595
F_suf_аглям,-0.5439222128628162
F_suf_глям,-0.5439222128628162
F_pre_агл,0.2876038064871561
F_pre_агля,-0.5439222128628162
L_pre_ибраги,0.017389739806393724
L_suf_агимов,-0.43913866163593557
L_ибрагимов,-0.43913866163593557
L_pre_ибраг,0.017389739806393724
L_suf_гимов,-0.43913866163593557
F_роберт,-0.2902695802591799
F_pre_роб,-0.0750305947939601
F_suf_рт,-0.23206267988502965
F_pre_роберт,-0.2902695802591799
F_pre_робе,-0.2902695802591799
F_pre_ро,0.05085854344255077
F_suf_берт,-0.3352034214079787
F_suf_ерт,-0.23206267988502965
F_suf_роберт,-0.33669896511187236
F_pre_робер,-0.2902695802591799
F_suf_оберт,-0.33669896511187236
L_pre_дуйсен,-0.03447146478866114
L_дуйсенов,-0.3956012348707892
L_pre_дуйсе,-0.005325656468872153
F_pre_рами,-0.1689920328299249
L_pre_ду,-0.01291493492873192
F_suf_рамин,-0.474202072578986
F_рамин,-0.474202072578986
L_suf_йсенов,-0.3981406856121077
L_pre_дуй,-0.005325656468872153
F_suf_амин,-0.5245045851645829
L_suf_сенов,-0.4174659414596522
L_pre_дуйс,-0.005325656468872153
F_pre_рамин,0.012948717484804292
F_suf_шахид,-0.24514721864335215
F_pre_абдуша,-0.24514721864335215
F_абдушахид,-0.24514721864335215
F_suf_ахид,-0.29283165380629944
F_suf_ушахид,-0.24514721864335215
F_pre_абдуш,-0.24514721864335215
F_suf_хид,-0.29283165380629944
F_владимир,-0.21326188869367024
L_pre_мусага,0.003369126672282847
F_pre_влади,-0.2162696521916991
L_pre_мусаг,0.003369126672282847
F_pre_вла,-0.3055514743881564
F_pre_владим,-0.21326188869367024
F_suf_адимир,-0.21326188869367024
F_suf_димир,-0.23797639774379262
F_pre_влад,-0.2751783315562129
L_мусагалиев,-0.4687943389647303
F_pre_вл,-0.3055514743881564
L_pre_муса,0.014575882966375301
F_suf_имир,-0.23797639774379262
L_пернебекқызы,0.3527674460815696
L_pre_перн,0.0036833181357819834
L_pre_пер,0.0036833181357819834
L_pre_пернеб,0.0036833181357819834
F_suf_елина,0.25219036665661443
F_pre_адд,0.23530193759589313
F_suf_делина,0.23049646132345536
L_pre_пе,0.0036833181357819834
F_адделина,0.2430636940076019
L_pre_перне,0.0036833181357819834
F_pre_аддели,0.2430636940076019
F_pre_адде,0.2401229579222613
F_pre_аддел,0.2430636940076019
L_pre_рахы,0.003900666527520494
F_suf_офия,0.27225016545375225
F_suf_софия,0.26666529679804135
L_pre_рахым,0.003900666527520494
F_pre_соф,0.3107778369717447
L_рахымжанқызы,0.5876748765028292
F_pre_со,0.29214932426312584
F_pre_софи,0.2803877460388463
L_pre_рахымж,0.02986522676289274
F_софия,0.26666529679804135
F_pre_софия,0.26666529679804135
L_suf_мбетов,-0.4434610179828364
L_pre_баймбе,0.022703292791912386
L_suf_бетов,-0.44245964257164583
L_pre_баймб,0.022703292791912386
L_баймбетов,-0.3910442367480982
L_suf_теген,-0.37499874048898013
F_suf_іниет,-0.41226654999757784
F_suf_ниет,0.08770460826307919
L_pre_өтеген,-0.007586811344868725
L_pre_өтег,-0.007586811344868725
F_pre_ізг,0.004385826416608138
L_pre_өт,-0.007586811344868725
L_suf_өтеген,-0.37499874048898013
F_pre_ізгі,-0.010193400606326553
L_өтеген,-0.37499874048898013
F_pre_ізгін,-0.3933557428253609
F_suf_иет,0.015109761206815692
F_suf_гіниет,-0.41226654999757784
L_pre_өте,-0.007586811344868725
L_pre_өтеге,-0.007586811344868725
F_pre_ізгіни,-0.41226654999757784
F_ізгіниет,-0.41226654999757784
L_исмагулов,-0.39266082539588704
L_suf_лов,-0.419115571942879
F_pre_абдук,-0.2794906222961969
F_suf_кадир,-0.2923440432736911
L_pre_исмагу,0.036122671584860856
L_pre_исма,0.019167984342147077
L_pre_исмаг,0.036122671584860856
L_suf_агулов,-0.39313615126201695
L_suf_гулов,-0.39313615126201695
F_pre_абдука,-0.2794906222961969
L_suf_улов,-0.4125640290269672
F_suf_укадир,-0.2923440432736911
F_suf_дир,-0.30276506117262797
F_suf_адир,-0.31842953905714705
L_pre_исм,0.019167984342147077
F_абдукадир,-0.2923440432736911
F_pre_ко,-0.1662537171952256
F_pre_кот,-0.38738313435840815
F_котэ,-0.38738313435840815
F_suf_тэ,-0.38738313435840815
F_suf_котэ,-0.38738313435840815
F_suf_отэ,-0.38738313435840815
F_pre_котэ,-0.38738313435840815
L_есенқызы,0.36936006872002475
L_pre_есенқ,0.36936006872002475
L_pre_есенқы,0.36936006872002475
L_suf_енқызы,0.41907981000986505
L_pre_есе,-0.01999458158648559
L_pre_есен,-0.02089577420261622
L_suf_танбек,-0.42364686157027476
L_pre_сұлтан,-0.013883440022416099
F_pre_амил,-0.0628206041412236
L_сұлтанбек,-0.3940442167956203
F_амил,-0.6123857463820112
F_pre_ам,-0.03015925717338336
L_pre_сұлт,-0.013883440022416099
L_pre_сұ,-0.013883440022416099
L_pre_сұлта,-0.013883440022416099
L_suf_анбек,-0.4151734675490456
L_pre_сұл,-0.013883440022416099
F_pre_ами,-0.06805427765112279
L_қайратұлы,-0.41583064926313273
L_suf_тұлы,-0.40414203322905123
L_pre_қайрат,0.06844611688515805
L_pre_қа,-0.0003094304338877832
F_suf_гор,-0.252340300759388
L_suf_ұлы,-0.40709496277077517
L_suf_атұлы,-0.40414203322905123
F_suf_егор,-0.3562510435487821
L_suf_лы,-0.42375817826511186
F_pre_ег,-0.3562510435487821
F_suf_ор,-0.3059413118266283
F_pre_его,-0.3562510435487821
L_pre_қай,0.021812011443604583
L_suf_ратұлы,-0.4054420840483035
F_pre_егор,-0.3562510435487821
F_егор,-0.3562510435487821
L_ends_uly,-0.40709496277077517
L_pre_қайра,0.06844611688515805
L_pre_қайр,0.06844611688515805
F_suf_лукьян,-0.2596552854378787
F_pre_лук,-0.2286332447623031
F_лукьян,-0.2596552854378787
F_suf_кьян,-0.2596552854378787
F_pre_лукьян,-0.2596552854378787
F_pre_лукь,-0.2596552854378787
F_suf_укьян,-0.2596552854378787
F_pre_лу,-0.11342635285268965
F_pre_лукья,-0.2596552854378787
L_suf_бжанов,-0.4561437235392608
L_абжанов,-0.4561437235392608
L_pre_тасбол,0.038844670288467636
L_suf_сболат,-0.45989825898252157
L_suf_олат,-0.41938822531290776
F_suf_бакир,0.20284919646644084
L_pre_тас,0.013584575585196672
L_pre_тасбо,0.038844670288467636
L_тасболат,-0.45989825898252157
F_абубакир,0.20284919646644084
L_pre_тасб,-0.005654786394257947
F_pre_абу,-0.0527995168602023
F_pre_абуба,-0.04540594469927268
F_suf_акир,0.20284919646644084
F_pre_абуб,-0.04540594469927268
F_pre_абубак,-0.04540594469927268
F_suf_убакир,0.20284919646644084
L_suf_лат,-0.4181575645463067
L_suf_болат,-0.43122286592469733
F_suf_кир,0.20284919646644084
F_pre_авр,-0.03456343528162149
F_suf_лиана,0.30932736699324836
L_карабаева,0.5754461949867054
L_pre_караб,0.028382688296233062
F_аврелиана,0.3941100120908234
F_pre_аврели,0.0798167980087123
L_pre_кар,0.012988739215205188
F_pre_аврел,0.0798167980087123
F_pre_авре,0.0798167980087123
L_pre_кара,0.0067404544390769865
L_pre_караба,0.06871454630930945
F_suf_елиана,0.3941100120908234
F_pre_нуриза,0.3211965864311778
F_suf_уриза,0.3211965864311778
L_pre_ар,-0.004619007462530825
F_pre_нури,-0.0027702560498621986
L_pre_арман,0.05881012210862014
F_suf_нуриза,0.3211965864311778
L_арманқызы,0.33926390018259683
L_pre_арманқ,0.33926390018259683
F_pre_нур,-0.051814203506215524
F_нуриза,0.3211965864311778
L_pre_арма,0.05881012210862014
F_pre_нуриз,0.3211965864311778
F_pre_ну,-0.051814203506215524
F_suf_риза,0.3211965864311778
L_pre_арм,0.05881012210862014
L_suf_әшім,-0.44235898653271033
L_suf_шім,-0.44235898653271033
L_әшім,-0.44235898653271033
L_pre_әш,-0.03812455582539467
F_suf_рел,-0.455598346757477
F_pre_нуре,-0.3610158968205782
F_нурел,-0.3610158968205782
L_pre_әші,-0.03812455582539467
F_suf_нурел,-0.3610158968205782
L_pre_әшім,-0.03812455582539467
L_suf_ім,-0.4512449629801794
F_suf_урел,-0.455598346757477
F_pre_нурел,-0.3610158968205782
F_pre_адааде,0.24022784153611085
L_pre_берікб,-0.08971984430004205
L_берікбаева,0.410947060648119
L_pre_берік,0.03458875217624807
L_pre_бері,0.03458875217624807
F_pre_адаад,0.24022784153611085
L_pre_бер,0.004572786114565027
F_адааделина,0.24022784153611085
F_pre_адаа,0.24022784153611085
F_suf_урахим,-0.32737966816488
F_абдурахим,-0.32737966816488
L_сәрсенбай,-0.43281326009525073
F_suf_мей,-0.26332928006579615
F_pre_ереме,-0.26332928006579615
L_pre_ары,-0.02719836869169293
F_suf_емей,-0.26332928006579615
L_арыстанбек,-0.4439457904420943
F_suf_еремей,-0.26332928006579615
F_pre_ере,-0.26332928006579615
F_pre_еремей,-0.26332928006579615
L_pre_арыст,-0.02718113279906141
L_pre_арыста,-0.02718113279906141
F_еремей,-0.26332928006579615
L_pre_арыс,-0.02718113279906141
F_suf_ремей,-0.26332928006579615
F_pre_ерем,-0.26332928006579615
F_pre_ген,0.030053932247581218
F_pre_генна,-0.34649612787232986
F_геннадий,-0.34649612787232986
F_pre_ге,-0.12577007266907203
L_pre_назар,-0.011397137698197092
L_pre_назарб,0.0323981283270337
L_pre_наз,-0.011397137698197092
F_pre_генн,-0.34649612787232986
L_pre_на,-0.018925611054676366
F_suf_ннадий,-0.34649612787232986
F_pre_геннад,-0.34649612787232986
F_suf_надий,-0.34649612787232986
L_назарбаев,-0.42172259664629813
L_pre_наза,-0.011397137698197092
F_pre_кир,-0.028621218117932192
F_pre_кири,-0.3272529587373283
L_pre_рахат,-0.01700582658389086
L_suf_рахат,-0.4349778374456173
F_pre_ки,-0.028621218117932192
F_suf_илл,-0.2794430081809779
F_pre_кирил,-0.3272529587373283
F_suf_ирилл,-0.2794430081809779
F_кирилл,-0.2794430081809779
L_рахат,-0.4349778374456173
F_pre_кирилл,-0.2794430081809779
F_suf_рилл,-0.2794430081809779
L_suf_ахат,-0.4349778374456173
F_suf_лл,-0.2794430081809779
L_pre_раха,-0.01700582658389086
F_suf_кирилл,-0.2794430081809779
L_suf_хат,-0.43393612307563906
F_pre_альтаи,-0.2824738358385849
F_suf_аир,-0.36740250647232314
F_suf_льтаир,-0.2824738358385849
F_pre_альт,-0.27820291155997706
F_pre_альта,-0.27820291155997706
F_suf_таир,-0.3790198605522257
F_альтаир,-0.2824738358385849
F_suf_ьтаир,-0.2824738358385849
F_pre_аль,0.021636339579300966
L_suf_генов,-0.4540502139651568
L_төлегенов,-0.48868114529871565
L_suf_егенов,-0.42555392187137586
F_suf_ади,-0.2985974706630955
F_ади,-1.0988924974265066
F_suf_ди,-0.3193075106948329
L_pre_айн,-0.025583395217137865
L_pre_айнаб,-0.025583395217137865
L_pre_айнабе,-0.025583395217137865
F_suf_ай,0.10024381245611616
L_айнабеков,-0.4804234017466606
F_suf_збай,-0.37219462711384665
F_pre_ізбай,-0.37219462711384665
L_pre_айна,-0.025583395217137865
F_suf_ізбай,-0.37219462711384665
L_suf_абеков,-0.4352065556127531
F_suf_бай,-0.35619916395981704
F_ізбай,-0.37219462711384665
F_pre_әм,-0.1614241365694432
F_әмина,0.3218867026803623
L_pre_еги,0.021407905132594895
L_pre_егиз,0.021407905132594895
F_pre_әмина,0.3218867026803623
L_егизбаева,0.4458359199812833
F_suf_әмина,0.3648810836603523
F_pre_әмин,0.3218867026803623
F_pre_әми,0.3218867026803623
L_pre_егизб,0.021407905132594895
L_pre_ег,0.038748774881144615
L_pre_егизба,0.021407905132594895
F_ажаргүл,0.23906007423888498
L_pre_ман,0.02887250551763314
L_pre_мана,0.02887250551763314
F_suf_гүл,0.3309413953536751
F_suf_жаргүл,0.23906007423888498
F_suf_ргүл,0.23906007423888498
F_suf_аргүл,0.23906007423888498
L_манапова,0.43416791532636906
F_pre_ажаргү,0.23906007423888498
L_suf_напова,0.43416791532636906
F_pre_ажарг,0.27002643792202263
L_suf_апова,0.43416791532636906
L_pre_манапо,0.039246958433606316
L_pre_манап,0.02981286493771336
F_suf_үл,0.32597434865596475
F_suf_ила,0.27258742639708783
L_pre_бах,-0.017985324512842755
L_pre_бахыт,0.0065008718258566705
F_мила,0.6125349681283252
F_suf_мила,0.38178509045157677
L_pre_бахытж,0.06293036047236585
F_pre_мила,0.14722697620583589
L_бахытжанқызы,0.4941356914310472
L_pre_бахы,0.0065008718258566705
F_pre_мил,0.17327213360412766
F_абурайра,0.3153815146569353
F_suf_айра,0.3153815146569353
F_pre_абурай,0.3153815146569353
L_pre_дощ,0.018147444905908642
L_pre_доща,0.018147444905908642
F_pre_абур,0.3153815146569353
F_suf_райра,0.3153815146569353
F_pre_абура,0.3153815146569353
F_suf_урайра,0.3153815146569353
L_pre_дощан,0.018147444905908642
L_дощанова,0.3804659660836634
L_pre_до,0.029196313508739812
L_pre_дощано,0.018147444905908642
F_suf_йра,0.27718318769197886
F_pre_адем,0.24907659925816825
L_pre_кыстау,0.0025251338771901887
L_suf_убаева,0.41798304843206596
L_pre_кы,0.018720697024987316
F_suf_адеми,0.34086940150934936
F_pre_адеми,0.2985065290974814
L_pre_кыста,0.0025251338771901887
F_suf_деми,0.34086940150934936
L_кыстаубаева,0.3433239251831652
L_pre_кыст,0.0025251338771901887
F_suf_еми,0.34086940150934936
F_адеми,0.34086940150934936
L_pre_кыс,0.0025251338771901887
F_pre_эдга,-0.28645246907540683
L_pre_тулег,-0.045274750211686955
F_pre_эдгард,-0.24168113391434728
F_pre_эд,-0.26867610274648035
F_suf_гард,-0.24168113391434728
L_suf_улеген,-0.44135392030522463
L_тулеген,-0.44135392030522463
F_suf_рд,-0.2779883891244637
L_pre_тулеге,-0.045274750211686955
F_suf_эдгард,-0.24168113391434728
F_pre_эдг,-0.28645246907540683
F_suf_дгард,-0.24168113391434728
F_эдгард,-0.24168113391434728
F_pre_эдгар,-0.28645246907540683
F_suf_ард,-0.2779883891244637
F_pre_інжіл,-0.011652652037018204
F_suf_нжіл,-0.011652652037018204
F_suf_жіл,-0.011652652037018204
L_жумагулов,-0.4089747131209936
F_інжіл,-0.011652652037018204
F_suf_іл,-0.2358974669773239
L_pre_жумагу,0.02698233307319487
L_pre_жумаг,-0.005419865717485974
F_suf_інжіл,-0.011652652037018204
F_pre_інжі,-0.012942990798673133
F_pre_абдис,-0.25351603215128365
F_абдисұлтан,-0.24147303869154407
F_pre_абдисұ,-0.24147303869154407
F_suf_ханбет,-0.27372455886589103
L_suf_сембай,-0.41694491659157484
F_suf_бет,-0.12477248407259761
L_pre_семб,0.04804903261911558
F_suf_анбет,-0.3080533062089474
L_suf_мбай,-0.41694491659157484
F_suf_нбет,-0.3080533062089474
F_pre_абдим,-0.25674393755272257
L_сембай,-0.41694491659157484
F_pre_абдиму,-0.2516747866246914
F_абдимуханбет,-0.27372455886589103
L_pre_семба,0.04804903261911558
L_suf_ембай,-0.41694491659157484
L_pre_сем,0.04804903261911558
L_pre_сембай,-0.41694491659157484
F_pre_іздәул,-0.27941336346145074
F_pre_іздәу,-0.27941336346145074
L_pre_аш,0.005968298254376192
L_pre_аширб,-0.03545914752989655
F_suf_улет,-0.2848369901143557
F_pre_іздә,-0.27941336346145074
F_іздәулет,-0.27941336346145074
F_pre_ізд,-0.20068337767385794
L_pre_ашир,-0.024314022735021982
L_pre_аширба,-0.06007439057554701
L_pre_аши,0.005968298254376192
L_аширбаев,-0.3895859979625269
F_suf_дәулет,-0.2848369901143557
F_suf_әулет,-0.2848369901143557
L_suf_ирбаев,-0.4389524718753335
F_pre_айсу,0.12166467366101882
L_pre_оспа,-0.03731544253033381
L_suf_спанов,-0.4113592244542861
L_pre_осп,-0.03731544253033381
F_suf_ултан,-0.34469380256127413
F_pre_айсул,0.010722019994926998
L_оспанов,-0.4196200220850683
L_pre_оспан,-0.03731544253033381
F_айсултан,-0.5143410233702
F_pre_айсулт,-0.5143410233702
L_pre_ос,-0.03731544253033381
F_suf_султан,-0.34469380256127413
L_pre_оспано,-0.01733790097658827
F_suf_рман,-0.3178102929134317
F_suf_арман,-0.33641910088279514
F_pre_фа,0.04912134063138468
F_фарман,-0.32684920506797027
F_pre_фар,0.082039533974583
F_suf_фарман,-0.32684920506797027
F_pre_фарман,-0.32684920506797027
F_pre_фарм,-0.32684920506797027
F_pre_фарма,-0.32684920506797027
L_suf_рбек,-0.4213947133036735
L_pre_әмір,-0.017577602527178382
L_pre_әмі,-0.017577602527178382
L_pre_әмірбе,0.010366254925492199
L_suf_ірбек,-0.37327811737200467
F_suf_асым,-0.29269026768740675
L_suf_мірбек,-0.37327811737200467
L_pre_әмірб,0.010366254925492199
F_suf_сым,-0.29269026768740675
F_suf_қасым,-0.283071486839862
L_pre_әм,-0.017577602527178382
F_suf_лқасым,-0.2849267303704474
F_абілқасым,-0.27143293163607723
L_әмірбек,-0.37312902170782136
L_курбанбаев,-0.6107176919321434
L_pre_курб,-0.031209774404220385
F_адилет,0.033823279408509786
L_pre_курба,-0.031209774404220385
L_suf_анбаев,-0.4571963686477112
F_pre_адилет,0.033823279408509786
L_suf_нбаев,-0.4439437712603386
L_pre_кур,-0.0005590350742036721
F_pre_адиле,0.033823279408509786
F_suf_илет,0.033823279408509786
L_pre_курбан,-0.031209774404220385
F_suf_дилет,0.033823279408509786
F_suf_адилет,0.033823279408509786
F_suf_улен,-0.25198059791096966
F_suf_маулен,-0.25198059791096966
F_suf_аулен,-0.25198059791096966
L_suf_сынбай,-0.481079558538795
L_тұрсынбай,-0.481079558538795
L_suf_ынбай,-0.4426490364434332
F_абдімаулен,-0.25198059791096966
F_suf_лен,-0.204806407760938
L_жұмабекқызы,0.494186426632795
L_pre_жұма,-0.020936719865095172
F_suf_ль,0.08214457121248539
F_suf_дель,0.17951999933866006
F_pre_агедел,0.2950543563511035
F_pre_аге,0.28745999839797237
F_агедель,0.2950543563511035
F_pre_агед,0.2950543563511035
L_pre_жұмаб,-0.013665100097788416
L_pre_жұм,-0.020936719865095172
L_pre_жұмабе,-0.011224916680727354
F_suf_едель,0.2950543563511035
F_pre_агеде,0.2950543563511035
F_suf_гедель,0.2950543563511035
F_suf_ель,0.1661822744986591
L_pre_жұ,-0.020936719865095172
F_pre_ка,0.06476365369744003
F_камилла,0.33203361247531843
L_pre_айтку,-0.027648356785231126
F_pre_ками,0.11329878767210227
L_pre_айтк,0.002703801518529184
F_suf_милла,0.33203361247531843
L_suf_улова,0.42739086155816924
F_pre_камил,0.11329878767210227
L_pre_айткул,-0.027648356785231126
F_suf_амилла,0.33203361247531843
F_pre_кам,0.1185065235915937
L_suf_кулова,0.4315812139009149
F_pre_камилл,0.33203361247531843
L_айткулова,0.4805951520487539
F_pre_ле,-0.10208370627330723
L_турганбаев,-0.42526923159967617
F_suf_евон,-0.3082088161881404
F_pre_левон,-0.3082088161881404
F_левон,-0.3082088161881404
F_pre_лев,-0.39157889402212354
F_suf_левон,-0.3082088161881404
F_suf_вон,-0.3082088161881404
L_pre_тур,-0.003367026430887892
F_pre_лево,-0.3082088161881404
L_pre_тург,-0.0030088435633302225
L_pre_турга,-0.0030088435633302225
L_pre_турган,-0.0030088435633302225
F_suf_абона,0.29429217891252474
F_pre_шабон,0.29429217891252474
F_suf_она,0.2804730034376685
F_suf_шабона,0.29429217891252474
F_pre_шабона,0.29429217891252474
F_pre_шаб,0.3115250131306577
F_suf_бона,0.29429217891252474
F_шабона,0.29429217891252474
F_pre_шабо,0.29429217891252474
F_suf_айткул,0.30162943232571393
L_pre_амирж,0.02371899220515045
F_айткул,0.30162943232571393
L_амиржанова,0.38961847646817066
F_suf_йткул,0.30162943232571393
F_pre_айтку,0.30162943232571393
F_pre_айтк,0.30162943232571393
F_pre_айткул,0.30162943232571393
L_pre_амир,0.007842722695545727
F_pre_айт,0.06462730247819198
L_pre_ами,0.007842722695545727
L_pre_амиржа,0.02371899220515045
F_suf_ткул,0.30162943232571393
F_pre_абдіға,-0.27498619419019427
F_suf_ани,-0.020626151081428196
F_suf_іғани,-0.3088719235219017
L_suf_енбек,-0.43556427787109697
F_абдіғани,-0.3088719235219017
F_suf_ни,-0.09257182093678748
F_suf_ғани,-0.3186493208499384
F_suf_діғани,-0.3088719235219017
L_дүйсенбек,-0.46008820275861956
F_pre_абдіғ,-0.27498619419019427
L_suf_сенбек,-0.43556427787109697
F_адилаида,0.2829904464116352
F_pre_адила,0.272391471752616
F_suf_илаида,0.2829904464116352
F_pre_адилаи,0.2829904464116352
F_suf_ида,0.30892257629060393
F_suf_аида,0.2713270155807201
F_suf_лаида,0.24774262452052365
F_pre_верони,0.2449713733761676
F_suf_ника,0.28998426842086444
F_вероника,0.2449713733761676
F_pre_верон,0.2449713733761676
F_pre_ве,0.1391727800584975
L_сисенова,0.46799917034843797
L_pre_сисе,0.0038105876548338116
L_pre_сисен,0.0038105876548338116
L_pre_сисено,0.0038105876548338116
L_pre_си,0.0038105876548338116
F_pre_вер,0.3041673329980516
L_pre_сис,0.0038105876548338116
F_suf_ика,0.29784048325568574
F_suf_роника,0.24693891346527955
F_suf_оника,0.24693891346527955
F_pre_веро,0.2449713733761676
L_жумажанов,-0.3453970847802949
L_pre_жумаж,-0.005108316965604452
L_suf_ажанов,-0.34532447001950783
F_suf_абдел,-0.465669846301867
F_suf_бдел,-0.465669846301867
L_pre_жумажа,-0.005108316965604452
F_абдел,-0.465669846301867
F_pre_абде,-0.28950201158270616
F_pre_абдел,-0.29641193203089294
L_suf_шбай,-0.48262057705857714
F_suf_ияз,-0.3148125500863941
F_suf_ілияз,-0.3374855747522211
L_қуанышбай,-0.48262057705857714
L_pre_қуан,0.0509308649665501
L_pre_қуаныш,0.05967595903771645
F_suf_лияз,-0.3374855747522211
F_suf_яз,-0.3148125500863941
L_pre_қуа,0.011117979271847352
F_pre_ілияз,-0.3374855747522211
L_pre_қу,0.011117979271847352
L_suf_ышбай,-0.48262057705857714
L_suf_нышбай,-0.48262057705857714
F_pre_ілия,-0.29196164541340774
L_pre_қуаны,0.05967595903771645
F_ілияз,-0.3374855747522211
L_pre_тулепб,0.004943099707646918
F_pre_адина,0.31547036641879606
F_suf_ибі,0.31613511671196093
L_pre_тулеп,0.003454941594011364
L_suf_генова,0.42073758001190764
F_suf_бибі,0.31613511671196093
F_suf_бі,0.31613511671196093
F_suf_набибі,0.25532844673022437
F_адинабибі,0.25532844673022437
L_тулепбергенова,0.4742542085421623
F_pre_адинаб,0.2698963512258263
F_suf_абибі,0.31179219874336134
L_suf_ллаева,0.3466170576236956
L_абдуллаева,0.3466170576236956
L_suf_лаева,0.4333292684572039
F_suf_дулла,-0.3883524061899485
F_suf_бдулла,-0.4663968876123322
L_бекбулатов,-0.3982684831145393
L_suf_улатов,-0.4123768342653646
L_pre_бекб,-0.00557731125625958
F_pre_абдулл,-0.3921533260842522
L_pre_бекбу,-0.014984822470848437
L_suf_латов,-0.42505876899314465
F_абдулла,-0.4663968876123322
L_pre_бекбул,-0.014984822470848437
F_pre_абдул,-0.18737807922096308
F_suf_улла,-0.3953876673832203
L_pre_құрман,-0.03997476301514008
F_suf_ён,-0.3940988954574811
L_suf_ғали,-0.45387837961903066
L_suf_анғали,-0.49559830982722347
F_pre_аё,-0.44911425013786715
L_pre_құрм,-0.03997476301514008
L_құрманғали,-0.5872768074657113
L_pre_құрма,-0.03997476301514008
L_suf_али,-0.49861837184107105
L_pre_құр,-0.02303762005972058
L_pre_құ,-0.016636512585495446
L_suf_нғали,-0.49559830982722347
F_pre_аён,-0.44911425013786715
L_suf_ли,-0.49861837184107105
F_suf_аён,-0.44911425013786715
F_аён,-0.44911425013786715
F_pre_арз,0.08212736561370035
L_pre_бауржа,0.0008905273440554971
F_suf_зыман,-0.3612513765062756
L_pre_бау,0.01395156637549758
F_pre_арзым,-0.3612513765062756
L_suf_ржан,-0.44005870269125075
L_pre_баур,0.0008905273440554971
L_бауржан,-0.3692907901281142
L_suf_уржан,-0.3692907901281142
L_suf_ауржан,-0.3692907901281142
F_pre_арзы,0.10269778112970819
F_suf_ыман,-0.3612513765062756
F_suf_рзыман,-0.3612513765062756
F_арзыман,-0.3612513765062756
L_pre_баурж,0.0008905273440554971
F_pre_арзыма,-0.3612513765062756
L_pre_бақ,-0.004919782555260669
L_pre_бақытқ,0.397319397859112
F_suf_лдиз,0.322553277820523
F_pre_айжулд,0.322553277820523
F_suf_улдиз,0.322553277820523
F_pre_айжу,0.322553277820523
L_бақытқызы,0.397319397859112
F_pre_айжул,0.322553277820523
L_pre_бақыт,-0.016568460443559224
F_suf_диз,0.322553277820523
F_айжулдиз,0.322553277820523
L_suf_ытқызы,0.43412145020481757
L_pre_бақы,-0.016568460443559224
F_suf_жулдиз,0.322553277820523
F_suf_гуль,0.28698097324662736
F_suf_емгуль,0.29431914202006004
L_suf_ықызы,0.41682300183344073
F_suf_уль,0.28698097324662736
L_pre_нұрал,0.06858852045391353
L_pre_нұра,0.06858852045391353
L_suf_лықызы,0.4173427286288576
F_suf_мгуль,0.27615467806298494
L_нұралықызы,0.3974396941286803
F_pre_адемг,0.29431914202006004
F_pre_адемгу,0.29431914202006004
L_pre_нұралы,0.06858852045391353
F_адемгуль,0.29431914202006004
L_қожахметқызы,0.4867396005675975
L_pre_қож,-0.0320156081162608
F_pre_авел,0.06733459105676105
F_pre_авели,0.30162487907152463
F_pre_аве,0.02854832139269936
L_pre_қожа,-0.0320156081162608
F_pre_авелин,0.30335840370233136
F_авелина,0.30335840370233136
F_suf_велина,0.2615776194648723
L_pre_қожахм,-0.0320156081162608
L_pre_қожах,-0.0320156081162608
F_suf_есса,0.2390586228709972
L_pre_тұрға,0.013686010119508998
F_pre_инес,0.23412349868623142
F_suf_сса,0.2390586228709972
F_pre_инесса,0.23412349868623142
L_тұрғанбекқызы,0.5390838220690943
L_pre_тұрған,0.013686010119508998
F_pre_ине,0.23412349868623142
F_suf_инесса,0.23412349868623142
F_инесса,0.23412349868623142
F_pre_инесс,0.23412349868623142
F_pre_ин,0.3048262237978385
L_pre_тұрғ,0.013686010119508998
F_suf_несса,0.2390586228709972
L_suf_ринов,-0.36651019594495143
L_pre_аринов,-0.00486522016415056
L_аринов,-0.36651019594495143
F_suf_гей,-0.29175778918052303
L_suf_аринов,-0.36651019594495143
L_pre_арино,-0.00486522016415056
L_pre_арин,-0.00486522016415056
L_pre_ари,-0.00486522016415056
F_pre_сер,-0.29175778918052303
F_pre_сергей,-0.29175778918052303
F_pre_се,0.203197358890487
F_pre_серг,-0.29175778918052303
F_pre_серге,-0.29175778918052303
F_suf_ргей,-0.29175778918052303
F_suf_ергей,-0.29175778918052303
F_сергей,-0.29175778918052303
F_suf_сергей,-0.29175778918052303
F_pre_юс,-0.35479514104264076
L_suf_аликов,-0.47187992052249966
L_pre_малико,0.0053890670907101226
F_pre_юсуф,-0.3763065077348733
L_pre_мали,0.0053890670907101226
L_маликов,-0.47187992052249966
F_юсуф,-0.3763065077348733
L_pre_мал,0.0053890670907101226
L_pre_малик,0.0053890670907101226
L_suf_иков,-0.45960708808905226
L_suf_ликов,-0.47187992052249966
F_pre_юсу,-0.3763065077348733
F_suf_умар,-0.15837681000536027
F_pre_айтума,0.48285615046206626
F_pre_айту,0.1375020169395465
L_pre_ху,0.020083690658682103
L_pre_худай,-0.01021544743475322
L_худайбергенова,0.3738379467149314
F_suf_тумар,0.48285615046206626
F_айтумар,0.48285615046206626
F_suf_йтумар,0.48285615046206626
F_suf_мар,-0.1306918788863449
L_pre_худ,-0.01021544743475322
F_pre_айтум,0.48285615046206626
L_pre_худа,-0.01021544743475322
L_pre_худайб,-0.01021544743475322
F_pre_саид,-0.38669458247746946
F_саид,-0.38669458247746946
F_suf_аид,-0.38669458247746946
L_suf_збай,-0.4265825448069611
L_suf_ызбай,-0.4142700164447909
L_suf_рызбай,-0.42970675062142993
F_suf_саид,-0.38669458247746946
L_pre_наурыз,-0.015476070079066283
L_pre_науры,-0.015476070079066283
F_pre_са,-0.03830658728211135
F_pre_саи,-0.38669458247746946
L_наурызбай,-0.42970675062142993
L_pre_наур,-0.015476070079066283
L_pre_нау,-0.015476070079066283
L_suf_лтаева,0.3997395156333991
F_рада,0.4613701098352465
F_pre_рада,0.4613701098352465
L_елтаева,0.31477288392385494
F_suf_ада,0.37221194474906083
L_pre_елтаев,0.31477288392385494
L_pre_елтае,0.31477288392385494
F_suf_рада,0.4613701098352465
L_pre_елта,-0.0029561807183633277
L_pre_елт,-0.0029561807183633277
F_pre_абдіх,-0.24741034414903074
F_suf_амит,-0.24582216872207682
L_pre_жом,-0.0033958212513327903
L_suf_жомарт,-0.3925759891249484
F_suf_мит,-0.24582216872207682
L_pre_жомар,-0.0033958212513327903
L_pre_жома,-0.0033958212513327903
L_pre_жомарт,-0.0033958212513327903
L_suf_омарт,-0.3925759891249484
F_pre_абдіха,-0.24741034414903074
L_suf_арт,-0.3925759891249484
L_жомарт,-0.3925759891249484
F_абдіхамит,-0.24694372069229129
F_suf_іхамит,-0.24694372069229129
L_suf_март,-0.3925759891249484
L_suf_рт,-0.3925759891249484
L_pre_жо,-0.014291059140057879
F_suf_ит,-0.27147392044351415
F_suf_хамит,-0.24582216872207682
L_suf_іл,-0.46031937217891605
L_әділ,-0.46031937217891605
L_suf_діл,-0.46031937217891605
F_suf_ильбек,-0.3327915097466482
F_suf_льбек,-0.3327915097466482
F_pre_адильб,-0.449971171557004
L_suf_әділ,-0.46031937217891605
F_адильбек,-0.449971171557004
F_suf_ьбек,-0.3327915097466482
F_pre_адиль,-0.14134510760676433
F_pre_нура,0.19601196271472585
F_suf_урасыл,-0.37391595874830813
F_нурасыл,-0.37391595874830813
F_suf_асыл,-0.27842030888979646
F_suf_сыл,-0.27842030888979646
F_suf_ыл,-0.19190248351884576
F_pre_нурасы,-0.37391595874830813
F_pre_нурас,-0.37391595874830813
F_suf_расыл,-0.27842030888979646
F_suf_ария,0.26471907269142686
L_pre_советқ,0.4478279342228421
L_pre_сов,0.0028449812763072318
L_советқызы,0.4478279342228421
L_pre_совет,0.0028449812763072318
F_pre_ария,0.5581671381080486
L_pre_со,0.0028449812763072318
F_ария,0.5581671381080486
L_pre_сове,0.0028449812763072318
F_suf_бдия,0.4961903482285979
F_абдия,0.4961903482285979
F_pre_абдия,0.4961903482285979
F_suf_абдия,0.4961903482285979
L_pre_да,0.012901166197535225
L_pre_дау,0.01483410553729464
L_pre_дауле,-0.004635724323003626
L_даулетова,0.43876372662482566
L_pre_даулет,-0.004635724323003626
F_suf_ёна,0.27850413521793393
F_suf_райёна,0.25908087477019387
F_pre_райён,0.25908087477019387
F_pre_райё,0.25908087477019387
F_suf_айёна,0.25908087477019387
L_suf_летова,0.41950559329409687
F_pre_райёна,0.25908087477019387
L_pre_даул,0.02085330944274746
F_райёна,0.25908087477019387
F_suf_йёна,0.25908087477019387
F_матвей,-0.302736255957056
F_suf_атвей,-0.302736255957056
F_suf_вей,-0.302736255957056
F_pre_матв,-0.302736255957056
L_suf_ғанбай,-0.3618649568261195
F_pre_мат,-0.024939245998634996
F_suf_твей,-0.302736255957056
L_тұрғанбай,-0.3618649568261195
F_pre_матвей,-0.302736255957056
F_suf_матвей,-0.302736255957056
F_pre_матве,-0.302736255957056
F_pre_іңқәр,0.3458167124887254
F_pre_іңқә,0.3458167124887254
L_pre_ға,-0.004384015347793761
L_pre_ғалы,0.03851171601470357
F_pre_іңқ,0.3458167124887254
F_suf_іңқәр,0.3458167124887254
F_suf_әр,0.2057230788151108
L_pre_ғалым,0.03851171601470357
L_pre_ғал,0.03851171601470357
F_suf_ңқәр,0.3458167124887254
L_ғалымжанқызы,0.3614899084682349
F_suf_қәр,0.33743457348270806
L_pre_ғалымж,0.025697420099927534
F_іңқәр,0.3458167124887254
F_pre_ің,0.15480126290103724
F_ілесхан,-0.3055403447567021
F_suf_лесхан,-0.3055403447567021
L_pre_жумабе,-0.011616503713892527
F_pre_ілесха,-0.3055403447567021
F_suf_схан,-0.1627430700263785
F_pre_ілесх,-0.3055403447567021
F_suf_есхан,-0.3055403447567021
L_жумабеков,-0.3601613558780486
F_pre_алис,0.1624215683567472
F_алисавиктория,0.2775753596260804
F_pre_алисав,0.2775753596260804
F_pre_алиса,0.34265268483761263
F_suf_ания,0.36810745352050017
L_suf_малова,0.563509486468042
F_мелания,0.2081103045710898
F_pre_мелани,0.29523168186279675
F_pre_мелан,0.29523168186279675
F_suf_ния,0.31364129781234396
L_pre_кама,-0.05103686817390702
F_pre_мел,0.29523168186279675
L_pre_камало,0.03471109828861813
F_suf_лания,0.2081103045710898
L_suf_алова,0.563509486468042
L_pre_камал,-0.05103686817390702
F_suf_елания,0.2081103045710898
F_pre_мела,0.29523168186279675
L_камалова,0.563509486468042
F_suf_лена,0.2913714568472733
F_милена,0.25820675674941657
L_pre_боранб,0.04572231636660834
L_pre_бо,0.0005487311248226261
F_pre_милен,0.25820675674941657
F_suf_милена,0.25820675674941657
L_pre_бора,0.04572231636660834
L_pre_боран,0.04572231636660834
F_pre_миле,0.25820675674941657
F_pre_милена,0.25820675674941657
L_pre_бор,0.04572231636660834
L_боранбаева,0.3399642224264109
F_suf_илена,0.25820675674941657
L_сабиров,-0.4163114937953867
L_pre_сабир,-0.06269602840564938
F_pre_ис,-0.3390206191367983
F_suf_моил,-0.24017230517733162
F_pre_исмоил,-0.24017230517733162
F_pre_исм,-0.2515652011767506
L_pre_саб,-0.006102163680474465
L_suf_абиров,-0.4163114937953867
F_suf_оил,-0.24017230517733162
L_pre_саби,-0.018812068171439045
F_pre_исмо,-0.24017230517733162
F_suf_исмоил,-0.24017230517733162
L_pre_сабиро,-0.06269602840564938
F_исмоил,-0.24017230517733162
F_suf_смоил,-0.24017230517733162
L_suf_биров,-0.4163114937953867
F_pre_исмои,-0.24017230517733162
L_айтжанов,-0.5280840150323649
L_pre_айтжан,0.018354973836279338
L_pre_айтж,0.018354973836279338
L_pre_айтжа,0.018354973836279338
F_suf_азель,0.37873364477085375
F_suf_зель,0.37873364477085375
F_азель,0.37873364477085375
F_pre_азе,0.29907389338045415
F_pre_азел,0.30159033584565625
F_pre_азель,0.37873364477085375
F_pre_адлия,0.347085745528743
F_pre_адл,-0.1430366859189005
F_suf_длия,0.347085745528743
F_pre_адли,0.347085745528743
F_адлия,0.347085745528743
F_suf_адлия,0.347085745528743
L_джумабекова,0.3935752963401939
F_pre_салт,0.46574420428595675
L_pre_джу,-0.0005768322660226042
F_pre_салта,0.46574420428595675
F_suf_танат,0.46574420428595675
L_pre_дж,-0.0005768322660226042
L_pre_джумаб,-0.007683858754544557
F_салтанат,0.46574420428595675
F_suf_лтанат,0.46574420428595675
F_pre_сал,-0.04600045609611429
L_pre_джум,-0.004253780450904244
L_pre_джума,-0.004253780450904244
F_pre_салтан,0.46574420428595675
L_бейсенбек,-0.4923684504891022
F_suf_ллаһ,-0.24306822502708655
L_suf_дарбек,-0.4231561309096259
F_suf_аллаһ,-0.23660522908049436
L_pre_жанда,-0.0014567944610305427
F_pre_абдал,-0.2883285936327642
F_suf_даллаһ,-0.22524010031466063
F_pre_абдалл,-0.3505601992235886
L_suf_арбек,-0.4334352416996595
L_pre_жандар,-0.0014567944610305427
F_pre_абда,-0.29062991066639343
L_pre_жанд,-0.0014567944610305427
F_suf_лаһ,-0.24306822502708655
F_suf_аһ,-0.24306822502708655
L_жандарбек,-0.33454357810059376
F_абдаллаһ,-0.22524010031466063
F_pre_cәбина,0.22980040542786584
L_pre_избас,0.028203980044579746
L_pre_из,0.028203980044579746
L_избасарова,0.35907192339979976
F_pre_cәбин,0.22980040542786584
F_cәбина,0.22980040542786584
F_pre_cәб,0.22980040542786584
L_pre_изба,0.028203980044579746
L_pre_избаса,0.028203980044579746
F_pre_cә,0.22980040542786584
F_suf_cәбина,0.22980040542786584
F_suf_әбина,0.22980040542786584
L_pre_изб,0.028203980044579746
F_suf_бина,0.29211957720465226
F_pre_cәби,0.22980040542786584
L_suf_сарова,0.4015817331755432
L_арынова,0.43291334947073196
F_милана,0.3195387890669566
F_suf_илана,0.25110468464894947
L_pre_арын,-0.02641239871947599
L_suf_ынова,0.43064044997868256
F_suf_милана,0.25583196654237494
L_pre_арыно,-0.02641239871947599
F_pre_милан,0.00968156502661177
F_pre_милана,0.3195387890669566
L_pre_арынов,-0.02641239871947599
L_suf_рынова,0.43291334947073196
F_suf_далина,0.23655382943883438
L_pre_мурато,0.022982042701868828
L_suf_атова,0.45620234184550457
L_suf_ратова,0.43719455926772555
F_pre_адалин,0.2648382419075217
L_муратова,0.5277210527968036
F_адалина,0.20331403823586414
F_pre_адали,0.32738203362602264
L_pre_мура,-0.04128411564701851
F_suf_алина,0.281052207934596
L_pre_мурат,-0.04128411564701851
L_pre_мур,-0.0404952387769956
F_ратмир,-0.26577972736088173
F_suf_тмир,-0.26577972736088173
F_suf_ратмир,-0.26577972736088173
F_pre_ратмир,-0.26577972736088173
F_pre_рат,-0.26577972736088173
F_pre_ратм,-0.26577972736088173
F_suf_атмир,-0.26577972736088173
F_pre_ратми,-0.26577972736088173
L_pre_серікб,0.04541088337633476
L_серікбаева,0.3656501362640212
L_suf_асымов,-0.3802726029170204
L_suf_сымов,-0.3802726029170204
F_эрвин,-0.31252766888389955
F_pre_эрв,-0.31252766888389955
F_suf_эрвин,-0.31252766888389955
F_pre_эр,-0.30176560759562726
F_suf_рвин,-0.31252766888389955
F_pre_эрвин,-0.31252766888389955
F_suf_вин,-0.31252766888389955
L_касымов,-0.3802726029170204
L_pre_касымо,0.018979079585758566
L_suf_ымов,-0.3802726029170204
F_pre_эрви,-0.31252766888389955
F_pre_гор,-0.4008658849100691
L_pre_теми,-0.01580679272674666
L_темирбеков,-0.3841971962061045
L_pre_темир,-0.01580679272674666
L_pre_те,-0.004386681760665232
F_гор,-0.5654641191827378
L_pre_тем,-0.004386681760665232
L_pre_темирб,-0.010554040119840761
F_pre_го,-0.4008658849100691
F_ілсияр,0.39561764919956705
L_suf_закова,0.40239946306215063
F_pre_ілс,0.39561764919956705
F_pre_ілсияр,0.39561764919956705
L_умурзакова,0.3740824272889568
F_suf_ияр,-0.23564062865856397
F_suf_лсияр,0.39561764919956705
L_pre_уму,-0.017316135085186615
L_pre_умурза,-0.017316135085186615
F_suf_ілсияр,0.39561764919956705
F_suf_яр,-0.23564062865856397
F_suf_сияр,0.39561764919956705
L_pre_умур,-0.017316135085186615
L_pre_ум,-0.004446610690452055
F_pre_ілси,0.39561764919956705
L_suf_акова,0.4113229082813466
L_pre_умурз,-0.017316135085186615
F_pre_ілсия,0.39561764919956705
L_елеусизова,0.4508564966795893
L_pre_елеу,0.0002956397788175535
L_suf_изова,0.4326148058655936
L_pre_елеуси,-0.0434492664818535
F_suf_аржан,0.4270172145363141
L_suf_зова,0.4420634517596874
L_suf_сизова,0.4508564966795893
F_pre_інжума,0.3766039533066949
F_інжумаржан,0.4416545893488029
F_pre_інжум,0.3697786663217805
L_pre_елеус,-0.0434492664818535
F_suf_маржан,0.44609923167422033
F_suf_усар,0.34909883359827093
F_pre_кау,0.36125562029464986
F_pre_каусар,0.36125562029464986
F_pre_каус,0.36125562029464986
F_каусар,0.36125562029464986
F_suf_сар,-0.11649393782216148
F_suf_аусар,0.36125562029464986
F_suf_каусар,0.36125562029464986
L_батырханқызы,0.5364870135730372
F_pre_кауса,0.36125562029464986
F_suf_ахрух,-0.30234252016196095
F_suf_рух,-0.2839148805773227
F_suf_хрух,-0.27415916715712607
F_pre_шахру,-0.30234252016196095
F_шахрух,-0.30234252016196095
L_pre_джумаг,-0.00018775217693208152
L_джумагалиев,-0.4629508819236111
F_suf_ух,-0.2839148805773227
F_suf_шахрух,-0.30234252016196095
F_pre_шахрух,-0.30234252016196095
F_pre_шахр,-0.29971670827922375
L_pre_шаки,-0.00500959933936828
F_pre_абигел,0.3447479107305772
L_pre_шакиро,-0.00500959933936828
L_suf_кирова,0.4533896410666574
L_pre_шакир,-0.00500959933936828
L_шакирова,0.4755600877720294
F_pre_абиг,0.348176764117039
L_pre_ша,0.016385666881874174
F_suf_гель,0.312672154782576
L_pre_шак,0.018376416302862797
F_абигель,0.312672154782576
F_pre_абиге,0.3281167795336741
F_suf_бигель,0.312672154782576
L_suf_ирова,0.4412498741612722
F_suf_игель,0.312672154782576
F_suf_ын,0.01536562498556039
L_болатбекова,0.3611818202488748
F_pre_алт,0.24792335112953223
F_suf_лтын,0.37899618702657806
L_pre_болатб,-0.053224419250539466
F_suf_тын,0.37899618702657806
L_pre_бола,-0.01945273781080369
F_pre_алтын,0.3506627225812354
F_suf_алтын,0.37899618702657806
L_pre_бол,-0.01945273781080369
F_алтын,0.4147034241209515
L_pre_болат,-0.01945273781080369
F_pre_алты,0.3506627225812354
L_suf_ққызы,0.451599602705897
L_pre_қуанд,0.01947316365878306
L_қуандыққызы,0.4657382357228521
L_pre_қуанды,0.01947316365878306
L_suf_ыққызы,0.45732151856369463
F_suf_гул,0.3285982712616197
L_максутова,0.42083012734520236
L_suf_сутова,0.42083012734520236
F_pre_айшаг,0.26791759885274524
L_suf_утова,0.42015578190174313
F_suf_агул,0.31586053874971926
L_pre_мак,-0.014634539226015826
L_pre_макс,-0.030235330223212953
F_pre_айшагу,0.26791759885274524
L_pre_максут,-0.030235330223212953
F_айшагул,0.26791759885274524
F_suf_йшагул,0.26791759885274524
F_pre_айша,0.32169862562954615
L_pre_максу,-0.030235330223212953
F_suf_шагул,0.26791759885274524
L_pre_ил,0.016115404334436707
L_pre_ильяс,0.016115404334436707
F_pre_абид,0.3362600190649192
L_suf_сова,0.4547424947210509
L_suf_ьясова,0.446250670392017
L_suf_ясова,0.446250670392017
L_pre_ильясо,0.022669474313149016
F_абида,0.3130425185831688
F_suf_бида,0.3130425185831688
L_ильясова,0.446250670392017
F_suf_абида,0.3130425185831688
L_pre_илья,0.016115404334436707
L_pre_иль,0.016115404334436707
F_pre_абида,0.3362600190649192
L_pre_сунд,-0.042269021578740636
L_pre_сун,-0.042269021578740636
L_pre_сундет,-0.042269021578740636
L_suf_детова,0.4833795150077939
L_сундетова,0.4327885240412597
L_pre_сунде,-0.042269021578740636
F_эльфира,0.2829451303414343
L_темирбекова,0.4465548808026782
F_suf_ьфира,0.2829451303414343
F_pre_эльфир,0.2829451303414343
F_pre_эльф,0.2829451303414343
F_suf_льфира,0.2829451303414343
F_suf_ира,0.29933756204276923
F_pre_эльфи,0.2829451303414343
F_pre_эль,-0.06332135664379704
F_suf_фира,0.255087874790281
F_pre_эл,0.039270331259718905
F_suf_асмуар,0.3811609447628827
F_pre_асмуар,0.3811609447628827
F_асмуар,0.3811609447628827
L_pre_балгаб,0.07491692943082234
F_suf_смуар,0.3811609447628827
L_балгабаева,0.47706058426014475
F_suf_уар,-0.13543743818645917
F_pre_асм,0.13123402940017465
F_pre_асмуа,0.3811609447628827
F_pre_асму,0.3811609447628827
F_suf_муар,0.3811609447628827
L_pre_балга,0.07491692943082234
L_pre_балг,0.07491692943082234
L_болат,-0.4301140469119947
L_қожахмет,-0.4495643019145278
F_pre_ады,-0.13898092519786903
L_suf_хмет,-0.4039245021916044
F_suf_дым,-0.5253498135806622
F_адым,-0.5253498135806622
F_suf_адым,-0.5253498135806622
L_suf_жахмет,-0.4495643019145278
L_suf_мет,-0.4039245021916044
F_pre_адым,-0.5253498135806622
L_suf_ахмет,-0.4039245021916044
F_suf_ясбек,-0.2532876182202956
F_suf_иясбек,-0.2532876182202956
F_pre_ілияс,-0.291387995787241
F_pre_ілиясб,-0.2532876182202956
L_pre_ерғали,-0.03456634018226774
L_pre_ерғал,-0.03456634018226774
L_suf_рғали,-0.4201421731698231
F_ілиясбек,-0.2532876182202956
L_pre_ерғ,-0.03456634018226774
L_pre_ерға,-0.03456634018226774
L_suf_ерғали,-0.3910804329193566
L_ерғали,-0.3910804329193566
F_suf_сбек,-0.26538275232024594
F_suf_силбек,-0.38738235284541567
F_pre_асилб,-0.38738235284541567
F_suf_лбек,-0.31403172344350605
F_suf_илбек,-0.38738235284541567
F_pre_асил,0.14313061835261623
F_асилбек,-0.38738235284541567
F_pre_аси,0.24050116355786127
F_pre_асилбе,-0.38738235284541567
L_pre_секс,-0.027223574046493535
L_pre_сек,-0.027223574046493535
F_азалья,0.2832162247319237
F_pre_азалья,0.2832162247319237
F_suf_ья,0.16608114890725928
F_suf_лья,0.08765827003345213
L_сексенбаева,0.49740377536677904
L_pre_сексе,-0.027223574046493535
F_suf_алья,0.27041422632489004
L_pre_сексен,-0.027223574046493535
F_suf_азалья,0.2832162247319237
F_pre_азаль,0.3503387205984976
F_suf_залья,0.2832162247319237
L_асылбекова,0.3391381107089055
F_маржона,0.255796200954091
L_pre_асылб,-0.01431968929007587
L_pre_асылбе,-0.01431968929007587
F_suf_жона,0.255796200954091
F_pre_маржон,0.255796200954091
F_pre_маржо,0.255796200954091
F_pre_марж,0.3065454801130385
F_suf_аржона,0.255796200954091
L_pre_асыл,0.007483886027353841
L_pre_асы,0.007483886027353841
F_suf_ржона,0.255796200954091
F_suf_кира,0.5016232498035317
L_pre_адилб,0.02673711228610657
F_pre_кира,0.5016232498035317
L_pre_ад,0.025460626588395593
F_кира,0.5016232498035317
L_pre_ади,0.025460626588395593
L_pre_адил,0.025460626588395593
L_pre_адилбе,0.02673711228610657
L_адилбекова,0.47726756035710943
F_suf_анна,0.30151149508559894
F_анна,0.4539203062582724
F_pre_анна,0.31815200588749876
F_pre_анн,0.2946078994140517
F_suf_нна,0.29330816864578313
L_suf_ахтияр,-0.364798999177909
L_бахтияр,-0.364798999177909
L_pre_бахти,-0.03344739945024221
F_suf_асаф,-0.491062964700573
F_suf_саф,-0.491062964700573
F_suf_аф,-0.14646859106698348
L_pre_бахтия,-0.03344739945024221
L_suf_тияр,-0.3969183177363971
F_pre_аса,0.01114343831119651
L_suf_яр,-0.4083382392074789
F_асаф,-0.491062964700573
L_suf_ияр,-0.4083382392074789
L_pre_бахт,-0.03344739945024221
L_suf_хтияр,-0.364798999177909
F_pre_асаф,-0.491062964700573
F_pre_маржа,0.33294716735725427
L_pre_байна,-0.03198226276293076
L_байназарова,0.49732159463223324
L_pre_байн,-0.03198226276293076
L_pre_байназ,-0.03198226276293076
L_suf_зарова,0.43687449103892567
F_маржан,0.46593234729722866
F_pre_маржан,0.33294716735725427
F_suf_сан,-0.10233759518132078
F_pre_хусан,-0.3357270576622921
F_suf_хусан,-0.3357270576622921
L_suf_ибеков,-0.47292119937370164
F_pre_хуса,-0.3357270576622921
F_suf_усан,-0.3357270576622921
L_жанибеков,-0.41707540731143466
F_хусан,-0.3357270576622921
F_pre_святоз,-0.2799833055296653
F_святозар,-0.2799833055296653
F_pre_свя,-0.2563158621813666
F_suf_тозар,-0.2799833055296653
F_pre_свят,-0.2563158621813666
F_pre_свято,-0.2563158621813666
F_suf_озар,-0.2799833055296653
L_болатбеков,-0.36716560663006087
F_suf_ятозар,-0.2799833055296653
L_suf_тбеков,-0.4273406005040374
L_ниязбеков,-0.5482232427081901
F_pre_абу ,-0.26357307636631166
L_pre_ниязбе,-0.026765586894124463
F_suf_ бакр,-0.24273571548516037
L_pre_ния,-0.028355132861968106
L_pre_ниязб,-0.026765586894124463
F_абу бакр,-0.24273571548516037
F_pre_абу ба,-0.26357307636631166
L_suf_збеков,-0.4478297583664473
F_suf_акр,-0.3064770485898677
F_pre_абу б,-0.26357307636631166
L_pre_ни,-0.035288007074390434
F_suf_бакр,-0.3064770485898677
F_suf_кр,-0.3064770485898677
F_suf_у бакр,-0.24273571548516037
L_pre_нияз,-0.028355132861968106
F_suf_мад,-0.2690662026715013
F_suf_амад,-0.25479445547792245
F_suf_хамад,-0.26431821174693265
F_suf_ухамад,-0.26431821174693265
L_suf_асаров,-0.43721180807399235
F_мухамад,-0.26431821174693265
F_pre_мухама,-0.26431821174693265
F_suf_ад,-0.20216917974404555
L_избасаров,-0.46062388793104403
L_suf_саров,-0.43721180807399235
F_pre_адриа,0.09839754361661258
L_suf_амалов,-0.3661102441778061
F_pre_адри,0.05349609380643553
F_pre_адриан,0.09839754361661258
F_suf_дриан,-0.4053210280168591
L_suf_алов,-0.3661102441778061
F_suf_адриан,-0.5563692340370202
F_suf_риан,-0.42195039033006687
F_адриан,-0.5563692340370202
L_камалов,-0.3661102441778061
F_pre_адр,0.05349609380643553
F_suf_иан,-0.4073746737638166
L_suf_малов,-0.3661102441778061
F_pre_абина,0.3326211494312506
L_pre_акимжа,-0.04383266785612597
F_абина,0.3326211494312506
L_pre_акимж,-0.04383266785612597
F_pre_абин,0.3481647672141178
L_акимжанова,0.3548201686991667
F_suf_абина,0.29568070678210706
F_адрианна,0.48285162314426855
L_мырзабекова,0.3674758033677767
F_suf_ианна,0.3143990334925587
F_suf_рианна,0.3648460639361885
F_pre_эсм,0.2267340942333196
F_pre_эсмира,0.2262734278661492
F_suf_мира,0.2857429304662478
F_suf_смира,0.2262734278661492
F_pre_эс,0.23230320688174325
F_suf_эсмира,0.2262734278661492
F_pre_эсми,0.2267340942333196
F_pre_эсмир,0.2262734278661492
F_эсмира,0.2262734278661492
L_suf_тай,-0.38785645960345233
F_pre_вачэ,-0.39349653083229563
F_suf_чэ,-0.39349653083229563
L_suf_антай,-0.38844522533069087
L_амантай,-0.38844522533069087
L_pre_амант,0.03589322398144958
F_suf_вачэ,-0.39349653083229563
F_suf_ачэ,-0.39349653083229563
F_pre_вач,-0.39349653083229563
L_suf_мантай,-0.38844522533069087
L_suf_нтай,-0.4137499423870241
F_вачэ,-0.39349653083229563
L_pre_аманта,0.03589322398144958
F_pre_инабат,0.38758029566828134
F_suf_инабат,0.38758029566828134
F_suf_абат,-0.13750569369446658
F_suf_бат,-0.14537019993678585
F_suf_набат,0.38758029566828134
F_инабат,0.38758029566828134
L_pre_жұмат,0.045331579946255474
F_pre_инаб,0.38758029566828134
F_pre_инаба,0.38758029566828134
F_pre_ина,0.32453864352492773
L_жұматаева,0.4713857602905855
L_suf_атаева,0.4557917834582049
L_pre_жұмата,0.045331579946255474
F_адонис,-0.3360006281688437
F_suf_онис,-0.3360006281688437
F_pre_адо,0.04843402360621139
F_suf_адонис,-0.3360006281688437
F_pre_адонис,-0.3360006281688437
F_pre_адон,-0.3360006281688437
F_suf_нис,-0.38361969260055556
F_suf_донис,-0.3360006281688437
L_есенбек,-0.32800830110151163
L_pre_есенб,0.0010359519640844432
L_pre_есенбе,-0.007664343055993944
F_pre_адони,-0.3360006281688437
F_pre_айгер,0.36447654304855154
L_suf_тафина,0.4488297381456404
F_suf_рім,0.07636115269449531
F_suf_ерім,0.122625017925731
F_pre_айг,0.33688372226930924
F_pre_айгері,0.3186552658701109
F_айгерім,0.3186552658701109
L_мустафина,0.4488297381456404
L_suf_фина,0.4461745224957483
F_suf_ім,0.15676437911997385
F_pre_айге,0.36447654304855154
F_suf_герім,0.3179170441099833
L_suf_афина,0.4461745224957483
F_suf_йгерім,0.31470785917208516
F_санжар,-0.3323271009175895
F_suf_жар,0.070812040775092
F_suf_анжар,-0.3144492621386574
F_suf_санжар,-0.3144492621386574
F_pre_санж,-0.2839196584607557
F_pre_санжа,-0.2839196584607557
F_pre_санжар,-0.2839196584607557
F_suf_нжар,-0.3144492621386574
F_pre_сан,-0.2839196584607557
L_pre_ораза,-0.0033561971442377958
L_оразаева,0.48002092170097793
L_suf_заева,0.48002092170097793
L_pre_оразае,0.052785535272870006
L_suf_азаева,0.48002092170097793
L_мусин,-0.48114937040415307
L_suf_мусин,-0.48114937040415307
L_suf_син,-0.5193984615238697
F_suf_азатим,-0.34007686292222566
L_pre_муси,-0.08185333984764194
F_азатим,-0.34007686292222566
L_pre_мусин,-0.08185333984764194
F_pre_азатим,-0.34007686292222566
F_pre_азати,-0.34007686292222566
F_pre_азат,-0.153493089718079
F_suf_тим,-0.34007686292222566
L_suf_усин,-0.48114937040415307
F_suf_атим,-0.34007686292222566
F_suf_затим,-0.34007686292222566
F_айдана,0.3432797449117897
L_жандарбекқызы,0.44169083484222627
F_suf_йдана,0.3432797449117897
F_suf_айдана,0.3432797449117897
F_suf_дана,0.360314842010475
F_pre_айдана,0.3432797449117897
F_pre_айдан,-0.13356939991813285
F_suf_дарья,0.35821813512416206
F_suf_арья,0.35821813512416206
F_дарья,0.35821813512416206
L_аманбаева,0.5065016240516351
F_pre_дарь,0.35821813512416206
F_pre_дарья,0.35821813512416206
F_pre_дар,0.00835260727536051
F_suf_рья,0.35821813512416206
F_абдімажит,-0.2534464814663313
L_suf_еу,-0.48008644975161885
F_suf_жит,-0.2508370495373304
L_suf_леу,-0.48008644975161885
L_төлеу,-0.48008644975161885
F_suf_ажит,-0.2508370495373304
F_suf_імажит,-0.2534464814663313
F_suf_мажит,-0.2508370495373304
L_suf_өлеу,-0.48008644975161885
L_pre_төлеу,-0.027972693902690405
L_suf_төлеу,-0.48008644975161885
F_suf_раида,0.29301922246947704
F_suf_ураида,0.29301922246947704
F_pre_нураи,0.29301922246947704
F_pre_нураид,0.29301922246947704
F_нураида,0.29301922246947704
L_дуйсенбаева,0.3863627472407984
F_азат,-0.045949925573601856
L_suf_ыров,-0.4208717219692624
L_suf_быров,-0.4535632127619085
L_pre_сабыр,0.016839991510882096
L_pre_сабыро,-0.007022680390291414
L_сабыров,-0.4535632127619085
F_suf_азат,-0.045949925573601856
F_suf_зат,0.13437943557167517
L_pre_сабы,0.016839991510882096
L_suf_абыров,-0.4535632127619085
F_suf_ита,0.17484169080441672
L_pre_хас,-0.0077994897505825654
L_pre_хасано,0.009152873395993421
F_pre_анаита,0.264277531265719
L_хасанова,0.4780507384466963
L_pre_хаса,0.009152873395993421
F_suf_аита,0.3242088121810791
F_suf_анаита,0.264277531265719
L_pre_хасан,0.009152873395993421
F_suf_наита,0.264277531265719
F_анаита,0.264277531265719
F_pre_анаит,0.264277531265719
F_pre_ана,0.14167410329133873
F_pre_анаи,0.264277531265719
L_танирбергенов,-0.43736503447363967
F_suf_дық,-0.24599387558705288
F_suf_ық,-0.2503681269336585
L_pre_танир,-0.04781166121125258
L_suf_ргенов,-0.4630415106828967
F_suf_ісадық,-0.24599387558705288
F_suf_садық,-0.24599387558705288
L_pre_тан,-0.014408337074644933
L_pre_танирб,-0.04781166121125258
F_абдісадық,-0.24599387558705288
L_pre_тани,-0.04781166121125258
F_suf_адық,-0.24599387558705288
F_pre_умидж,-0.33529535887720446
F_pre_умиджо,-0.3197371544959651
F_suf_иджон,-0.3197371544959651
F_suf_джон,-0.27481414453590874
L_suf_ікбаев,-0.3675525753067501
F_pre_уми,-0.030615943369924153
L_серікбаев,-0.3675525753067501
F_pre_умид,-0.030615943369924153
L_suf_кбаев,-0.4321787362967907
F_suf_жон,-0.26378879183156606
F_pre_ум,-0.1381145060368224
F_suf_миджон,-0.3197371544959651
F_умиджон,-0.3197371544959651
L_сартаев,-0.41993299513129123
L_suf_ртаев,-0.45299338626492786
L_suf_артаев,-0.41993299513129123
F_pre_абл,-0.37354453737882853
F_аблай,-0.37354453737882853
F_pre_абла,-0.37354453737882853
F_suf_аблай,-0.37354453737882853
F_suf_лай,-0.06362946140060241
F_suf_блай,-0.37354453737882853
L_suf_таев,-0.43584590946900553
F_pre_аблай,-0.37354453737882853
L_pre_жақс,-0.0069682196018691755
L_pre_жақ,-0.013962500250633822
L_pre_жақсы,-0.0069682196018691755
L_pre_жақсыл,0.02035862752714936
L_жақсылыққызы,0.4887236419946169
F_акберген,-0.3016892532132651
F_suf_ген,-0.2805789594027313
L_pre_сансыз,-0.0605714417181862
F_suf_ерген,-0.2749221534156998
F_pre_акберг,-0.3016892532132651
L_suf_сызбай,-0.4030086036482222
F_pre_акбер,-0.3016892532132651
F_suf_рген,-0.2963427489524496
L_pre_санс,-0.0605714417181862
F_pre_акбе,-0.3016892532132651
L_сансызбай,-0.4030086036482222
L_pre_сан,-0.037220234345128604
F_suf_берген,-0.2749221534156998
L_pre_сансы,-0.0605714417181862
L_pre_байкен,-0.04302605782812197
F_suf_льхан,-0.37014149176587147
F_адильхан,-0.4564070423040901
L_байкенов,-0.3782224188997828
L_pre_байк,-0.04302605782812197
L_pre_байке,-0.04302605782812197
F_pre_адильх,-0.4564070423040901
L_suf_йкенов,-0.3782224188997828
F_suf_ильхан,-0.4564070423040901
F_suf_ьхан,-0.37014149176587147
L_мырзагалиев,-0.574045327164642
L_pre_мырзаг,-0.07536741594549845
F_pre_алианн,0.3084217470373907
L_pre_муха,-0.02060381336512964
L_pre_мухаме,-0.03134092569174515
L_pre_мухам,-0.031430359176798484
L_мухаметжанова,0.3745940392724846
F_pre_алиа,-0.03323658227623011
F_pre_алиан,0.3084217470373907
F_алианна,0.3084217470373907
F_suf_лианна,0.259671260381699
F_pre_абдиль,-0.285970453130326
F_suf_малик,-0.32209788235003056
L_pre_мынб,0.004747618236225716
L_pre_мын,0.004747618236225716
F_suf_алик,-0.37367591538329087
L_suf_ынбаев,-0.43213220644192785
F_suf_ьмалик,-0.31231280164495656
F_абдильмалик,-0.31231280164495656
L_pre_мынба,0.004747618236225716
L_pre_мынбае,0.004747618236225716
L_мынбаев,-0.34892980378787114
F_suf_лик,-0.2548233850972628
F_suf_иса,0.2300863179451406
F_pre_ниса,0.4246807457401126
F_suf_ниса,0.33102731406975716
F_ниса,0.4246807457401126
F_pre_нис,0.4246807457401126
L_pre_қад,-0.04503524687753414
L_pre_қадыр,-0.04503524687753414
L_pre_қады,-0.04503524687753414
F_suf_их,-0.3394906597232913
L_suf_қадыр,-0.5052946302010919
F_suf_лих,-0.31803207758826263
F_pre_абдиса,-0.25529472462792485
F_suf_алих,-0.31803207758826263
F_suf_салих,-0.35182676114258765
L_suf_дыр,-0.5052946302010919
L_suf_ыр,-0.4871414982920993
L_suf_адыр,-0.5052946302010919
F_абдисалих,-0.20252964502254206
L_қадыр,-0.5052946302010919
F_suf_исалих,-0.20252964502254206
F_pre_ізғұт,-0.29025469382517305
F_ізғұтты,-0.2580769573247235
L_қуанышбек,-0.44263781035802646
L_suf_шбек,-0.44263781035802646
L_suf_нышбек,-0.44263781035802646
F_suf_ғұтты,-0.2580769573247235
F_suf_ұтты,-0.28977359157353777
F_suf_ты,-0.28977359157353777
F_pre_ізғұтт,-0.2580769573247235
L_suf_ышбек,-0.44263781035802646
F_suf_зғұтты,-0.2580769573247235
F_pre_ізғұ,-0.29025469382517305
F_suf_тты,-0.28977359157353777
F_pre_ізғ,-0.28869811683025093
L_suf_имбаев,-0.4104369099816263
L_suf_мбаев,-0.41295828402007034
L_акимбаев,-0.35752370991023646
F_абдімансұр,-0.24047225886920304
F_suf_іраман,-0.2170986307879194
F_абдіраман,-0.2170986307879194
F_suf_раман,-0.280461830624951
L_suf_улат,-0.41026754059322834
L_дулат,-0.41026754059322834
L_suf_дулат,-0.41026754059322834
F_suf_аман,-0.41993252021344996
L_pre_дулат,-0.030488994611071647
L_pre_дула,-0.030488994611071647
L_pre_дул,-0.030488994611071647
F_pre_ізімх,-0.35488163657681054
L_pre_нугма,0.04130164723086329
L_pre_нуг,0.03451877604981501
L_нугманов,-0.3956241293100515
F_pre_ізімха,-0.35488163657681054
L_suf_гманов,-0.3956241293100515
L_pre_нугман,0.04130164723086329
F_suf_зімхан,-0.35488163657681054
F_suf_імхан,-0.35488163657681054
F_ізімхан,-0.35488163657681054
L_pre_нугм,0.04130164723086329
L_suf_манов,-0.43669148106807026
F_pre_айшаб,0.2857070776710068
L_suf_хатова,0.4785031703886534
F_suf_биби,0.3378048303969916
L_махатова,0.4785031703886534
L_pre_махато,0.07639303937696725
F_pre_айшаби,0.3378048303969916
L_pre_махат,0.07639303937696725
F_suf_абиби,0.3378048303969916
F_suf_би,-0.119933992829125
F_suf_шабиби,0.3378048303969916
F_suf_иби,0.007654386027779261
F_айшабиби,0.3378048303969916
F_pre_ізтөле,-0.26000386116973995
L_умирбаев,-0.4904512499760547
F_ізтөлеген,-0.2395764116737964
F_pre_ізтөл,-0.26000386116973995
L_pre_умир,0.016578192050527598
F_pre_ізтө,-0.2674297943681448
F_suf_еген,-0.2395764116737964
F_suf_леген,-0.2395764116737964
L_pre_уми,0.016578192050527598
L_pre_умирб,0.010304401270987121
L_pre_умирба,0.01827898163288014
F_suf_өлеген,-0.2395764116737964
L_pre_ан,0.02056409759911627
L_suf_нарбек,-0.43839958303615234
L_анарбек,-0.47686356359440724
L_pre_анар,0.03043730912205708
L_pre_анарбе,-0.0473237812811654
L_pre_анарб,0.03043730912205708
F_абайсұлтан,-0.22896112797928678
F_pre_абайсұ,-0.22896112797928678
F_pre_абайс,-0.22896112797928678
L_pre_ана,0.03043730912205708
F_suf_езім,0.35103689006006494
L_қуанышбаева,0.4554111182201715
F_pre_айсезі,0.26990225771625953
F_pre_айсез,0.3243962568175476
F_suf_сезім,0.35103689006006494
F_suf_йсезім,0.2951112413377401
F_suf_зім,0.24827532435563024
L_suf_шбаева,0.40571292296050904
F_айсезім,0.26990225771625953
F_suf_мубина,0.26291730443929395
L_pre_ормано,0.02102747874279006
F_pre_муб,0.26291730443929395
F_pre_мубина,0.26291730443929395
L_pre_орман,0.02102747874279006
F_pre_муби,0.26291730443929395
L_pre_орм,0.02102747874279006
F_мубина,0.26291730443929395
L_pre_орма,0.02102747874279006
L_орманова,0.4977617525871535
F_suf_убина,0.26291730443929395
F_pre_мубин,0.26291730443929395
L_pre_зак,0.02254024155479038
F_suf_йдулла,-0.3543812644264012
F_pre_ібай,-0.33384850385155534
F_pre_іб,-0.28382212870829093
L_suf_киров,-0.451688662049006
L_suf_акиров,-0.451688662049006
L_pre_закир,0.02254024155479038
L_pre_за,0.02254024155479038
L_pre_закиро,0.02254024155479038
L_закиров,-0.5637235243266219
L_pre_заки,0.02254024155479038
F_pre_ібайд,-0.33384850385155534
F_pre_іба,-0.33384850385155534
F_ібайдулла,-0.33384850385155534
F_pre_ібайду,-0.33384850385155534
F_suf_иддин,-0.2725545312112614
F_pre_мухрид,-0.26912027388825116
L_suf_ар,-0.4306204727122842
F_suf_дин,-0.2980767465827949
L_suf_мухтар,-0.43558300509768433
F_suf_ддин,-0.267069259632079
F_suf_риддин,-0.26912027388825116
F_pre_мухр,-0.26912027388825116
L_мухтар,-0.43558300509768433
L_suf_хтар,-0.3931034947803586
L_suf_ухтар,-0.43558300509768433
L_suf_тар,-0.4148406761287107
F_мухриддин,-0.26912027388825116
F_pre_мухри,-0.26912027388825116
F_pre_інжура,0.3688087380984163
F_suf_райхан,0.5387378309372528
F_suf_йхан,0.029151064961639862
L_есиркепова,0.38682750909863056
F_suf_айхан,0.029151064961639862
L_pre_есирк,0.04983472168377165
L_suf_кепова,0.38682750909863056
F_інжурайхан,0.5387378309372528
L_suf_епова,0.40899321154999796
L_pre_есирке,0.04983472168377165
L_pre_есир,0.04983472168377165
F_pre_інжур,0.3688087380984163
F_pre_әли,-0.4007180704113373
F_pre_әлинұ,-0.28622279920605037
F_әлинұр,-0.28622279920605037
F_suf_линұр,-0.3321027186892523
F_suf_инұр,-0.3242021372059401
F_suf_әлинұр,-0.28622279920605037
F_pre_әлинұр,-0.28622279920605037
F_pre_әлин,-0.28622279920605037
F_pre_ізмұха,-0.24891285648946518
F_suf_ммәд,-0.25670864516567027
F_pre_ізмұ,-0.2572483954751965
L_рысбай,-0.3163260093192368
F_pre_ізмұх,-0.24891285648946518
L_pre_рысбай,-0.3163260093192368
F_suf_хаммәд,-0.25670864516567027
F_suf_әд,-0.25670864516567027
F_pre_ізм,-0.27053857100991985
F_suf_мәд,-0.25670864516567027
L_suf_рысбай,-0.3163260093192368
F_ізмұхаммәд,-0.25670864516567027
F_suf_аммәд,-0.25670864516567027
L_pre_сакен,0.00397020849002803
F_герман,-0.2706126536029011
L_pre_саке,0.00397020849002803
F_pre_гер,-0.2706126536029011
F_suf_герман,-0.2706126536029011
F_pre_герман,-0.2706126536029011
F_suf_ерман,-0.2706126536029011
F_pre_герма,-0.2706126536029011
L_сакенов,-0.4306414313075777
L_pre_сакено,0.05747306052333901
L_pre_сак,-0.01966040566303862
F_pre_герм,-0.2706126536029011
F_pre_виорик,0.24081884862214142
F_pre_виор,0.24081884862214142
L_pre_хасен,-0.012647134936038163
F_suf_орика,0.24081884862214142
F_suf_рика,0.26884024885918134
L_pre_хасе,-0.012647134936038163
F_виорика,0.24081884862214142
L_pre_хасено,0.025704567918106908
L_хасенова,0.3987558924654535
F_pre_виори,0.24081884862214142
F_suf_иорика,0.24081884862214142
F_suf_едали,-0.3059883340644662
L_suf_ылық,-0.41323144547559837
L_жақсылық,-0.41323144547559837
F_suf_дали,-0.1322523786086209
F_suf_медали,-0.3059883340644662
F_мухаммедали,-0.3059883340644662
L_suf_қсылық,-0.41323144547559837
L_suf_лық,-0.41323144547559837
L_suf_ық,-0.43368821553831893
L_suf_сылық,-0.41323144547559837
L_қонысбаева,0.35318432132798083
F_pre_адалж,0.42028289368129373
F_pre_адалжа,0.42028289368129373
F_suf_алжан,0.42028289368129373
F_suf_далжан,0.42028289368129373
F_адалжан,0.42028289368129373
F_suf_лжан,-0.0810040345916276
F_suf_ода,0.3371360439948681
F_suf_илшода,0.3953484303728772
F_suf_лшода,0.3953484303728772
F_pre_дилшод,-0.1030835877607865
F_pre_дилш,-0.1030835877607865
L_аханова,0.43256737911555987
F_suf_шода,0.3953484303728772
L_pre_аха,-0.01106084692254958
L_pre_аханов,-0.01106084692254958
L_pre_ахано,-0.01106084692254958
L_pre_ахан,-0.01106084692254958
F_pre_дилшо,-0.1030835877607865
F_дилшода,0.3953484303728772
F_suf_гел,0.03915720357114947
F_suf_іргел,-0.35494239106907405
F_suf_ргел,-0.35494239106907405
F_pre_ірг,-0.35494239106907405
F_pre_ірге,-0.35494239106907405
F_іргел,-0.35494239106907405
L_худайбергенов,-0.402495136245315
F_pre_ір,-0.35494239106907405
F_pre_іргел,-0.35494239106907405
F_ақниет,0.3498373115862033
F_pre_ақниет,0.3498373115862033
L_pre_қана,-0.003212405957235197
F_suf_ақниет,0.3498373115862033
F_pre_ақни,0.3498373115862033
F_pre_ақние,0.3498373115862033
L_қанатбекқызы,0.3793418530462391
F_pre_ақ,0.2391801628478971
L_pre_қанат,-0.003212405957235197
F_suf_қниет,0.3498373115862033
F_pre_ақн,0.3901066083439467
L_pre_қанатб,-0.04073158344147941
L_pre_қан,-0.003212405957235197
L_жұмабекова,0.34000742699631276
F_suf_стина,0.33668178291586764
F_pre_крис,0.21988108136597342
F_кристина,0.21988108136597342
F_pre_кристи,0.21988108136597342
F_pre_кри,0.21988108136597342
F_pre_крист,0.21988108136597342
F_suf_истина,0.3041910898829874
F_pre_кр,0.21988108136597342
F_pre_агы,0.28702380504563146
F_pre_агым,0.2369338281255428
L_pre_утеул,0.07906025163404888
F_pre_агымж,0.2369338281255428
F_агымжана,0.2369338281255428
L_pre_утеули,0.07906025163404888
F_suf_мжана,0.2369338281255428
L_suf_улиева,0.5446090645929169
F_pre_агымжа,0.2369338281255428
F_suf_ымжана,0.2369338281255428
L_утеулиева,0.5446090645929169
F_suf_жана,0.23403821831597618
L_pre_утеу,0.07906025163404888
F_suf_табек,-0.24399614164233782
F_pre_отабек,-0.23932727959841427
F_pre_отаб,-0.23932727959841427
F_suf_отабек,-0.23932727959841427
F_pre_ота,-0.3168005346320365
F_suf_абек,-0.24532098219598758
F_pre_от,-0.3168005346320365
F_pre_отабе,-0.23932727959841427
F_отабек,-0.23932727959841427
F_suf_амал,-0.1848049711031556
L_куанов,-0.5160603649325934
F_suf_мал,-0.1848049711031556
L_suf_куанов,-0.5160603649325934
L_pre_куанов,0.02667361272296753
F_pre_рамал,-0.4191902391147292
F_рамал,-0.4191902391147292
F_suf_рамал,-0.4191902391147292
L_suf_уанов,-0.5160603649325934
L_pre_куано,0.02667361272296753
F_suf_ал,-0.04955557400422965
L_pre_жанбол,0.0334811992849557
F_pre_алинур,-0.4206297026844618
L_pre_жанб,0.0334811992849557
F_suf_алинур,-0.4206297026844618
F_suf_линур,-0.346750192805375
F_алинур,-0.4206297026844618
F_pre_алин,0.00788664182466323
L_жанболат,-0.4342232519806459
F_pre_алину,-0.4206297026844618
L_pre_жанбо,0.0334811992849557
L_suf_нболат,-0.4342232519806459
F_pre_авилин,0.24526875207656612
F_suf_илина,0.26212956081340627
L_pre_нұрғ,-0.0065290835614950065
F_авилина,0.24526875207656612
L_pre_нұрғаз,-0.004144355229384644
L_нұрғазықызы,0.3283910574180436
L_pre_нұрға,-0.0065290835614950065
F_pre_авили,0.24526875207656612
F_pre_авил,0.24526875207656612
L_suf_зықызы,0.43826202058728486
F_suf_вилина,0.24526875207656612
L_pre_умирбе,0.0015427704902837508
F_suf_ьумар,-0.3465878982022356
F_pre_альу,-0.3465878982022356
F_pre_альум,-0.3465878982022356
F_suf_льумар,-0.3465878982022356
L_умирбеков,-0.42724922405032534
F_pre_альума,-0.3465878982022356
F_альумар,-0.3465878982022356
L_pre_жаңа,0.0659005915751243
F_pre_адилья,0.43703357388465297
L_pre_жаң,0.012510833481823913
F_suf_дилья,0.43703357388465297
F_адилья,0.43703357388465297
L_жаңабаева,0.5331467502661895
L_pre_жаңаб,0.0659005915751243
F_suf_илья,-0.2639727942178939
L_pre_жаңаба,0.0659005915751243
F_suf_адилья,0.43703357388465297
F_алерина,0.26545634207242563
F_pre_алерин,0.26545634207242563
F_suf_рина,0.2807830644446235
F_pre_алери,0.2615417215486376
L_pre_амиро,0.028705485851560287
L_амирова,0.5295815558702802
L_pre_амиров,0.028705485851560287
F_suf_ерина,0.2651812858521739
F_pre_алер,0.2615417215486376
L_suf_мирова,0.4275157758692244
F_suf_лерина,0.26545634207242563
L_бауыржан,-0.45954448236342815
F_абдиманас,-0.22024124972311876
L_suf_уыржан,-0.45954448236342815
L_suf_ыржан,-0.41441088240033963
L_pre_бауы,0.015608350100704499
F_suf_нас,-0.3213158174035375
L_pre_бауырж,0.015608350100704499
L_pre_бауыр,0.015608350100704499
F_pre_абдима,-0.25690149139773805
F_suf_иманас,-0.22024124972311876
F_suf_манас,-0.3213158174035375
F_suf_анас,-0.3213158174035375
F_генуте,0.31009562287071774
F_pre_генут,0.31009562287071774
L_pre_төлепб,-0.04134775071261564
F_pre_гену,0.31009562287071774
F_suf_уте,0.31009562287071774
L_төлепбергенқызы,0.5194638500536821
F_suf_те,0.31009562287071774
F_suf_енуте,0.31009562287071774
F_pre_генуте,0.31009562287071774
L_pre_төлеп,-0.04134775071261564
F_suf_нуте,0.31009562287071774
F_suf_генуте,0.31009562287071774
F_suf_нходжа,0.42516366986988224
F_suf_оджа,-0.031119481358707547
F_suf_ходжа,-0.031119481358707547
F_pre_асалхо,0.42516366986988224
F_suf_джа,0.07486193548449056
F_pre_асалх,0.42516366986988224
F_асалхонходжа,0.42516366986988224
L_рахимбекова,0.527814079289032
F_suf_жа,-0.03570229936764415
F_pre_асал,0.4814130188586873
F_suf_влас,-0.3830593442907244
F_влас,-0.3830593442907244
F_pre_влас,-0.3830593442907244
L_ахмет,-0.37044785027576377
F_абдулазиз,-0.2545038661018249
F_pre_абдула,-0.31334565230066275
F_suf_улазиз,-0.2545038661018249
L_pre_бекна,-0.04355994206423826
L_pre_бекн,-0.04355994206423826
L_pre_бекназ,-0.04355994206423826
L_бекназаров,-0.36691908359743686
F_suf_амир,-0.3552860329595646
L_pre_рустем,-0.010152230111546232
L_pre_ру,0.02511213231488117
L_pre_рус,0.02511213231488117
L_pre_руст,-0.010152230111546232
L_pre_русте,-0.010152230111546232
L_suf_стемов,-0.42734355866674634
F_амир,-0.6322444056957084
F_pre_амир,-0.09878904035506367
L_suf_темов,-0.42734355866674634
L_рустемов,-0.42734355866674634
L_suf_емов,-0.42734355866674634
F_авигаиль,0.4652613289445232
F_suf_иль,-0.28118821285184714
F_suf_гаиль,0.4414128203043718
F_pre_авиг,0.35711812279290306
F_suf_аиль,0.12052515168296078
F_pre_авигаи,0.4652613289445232
F_pre_авига,0.4652613289445232
F_suf_игаиль,0.4414128203043718
F_suf_иша,0.3042560321012519
F_pre_айи,0.2754715337582263
F_suf_айиша,0.2804760657551235
L_pre_ем,0.005494199945128589
L_pre_ембер,0.005494199945128589
F_pre_айиш,0.2804760657551235
F_suf_йиша,0.2804760657551235
F_pre_айиша,0.2804760657551235
L_ембергенова,0.5010401418539217
F_suf_ша,0.3154816284359428
L_pre_ембе,0.005494199945128589
L_pre_емберг,0.005494199945128589
F_айиша,0.2804760657551235
L_pre_емб,0.005494199945128589
F_suf_илля,0.3457741080418285
F_pre_адилля,0.21722529795678797
F_suf_лля,0.3188173575882983
F_адилля,0.21722529795678797
F_suf_дилля,0.3457741080418285
L_амангельдиева,0.4235209062664889
L_suf_ьдиева,0.4235209062664889
F_suf_адилля,0.3457741080418285
F_suf_шидбек,-0.25690351510897963
F_жамшидбек,-0.25690351510897963
F_suf_идбек,-0.25690351510897963
F_suf_дбек,-0.32956323072614546
L_pre_темирх,0.007946708581024415
L_темирханова,0.40125671992112455
F_агидель,0.29027560715503037
F_suf_гидель,0.29027560715503037
F_suf_идель,0.29027560715503037
F_suf_авенир,-0.30714268243560505
F_авенир,-0.30714268243560505
L_pre_ерл,0.04244146517089833
L_suf_анұлы,-0.4379315661978406
L_ерланұлы,-0.482094137449749
F_suf_венир,-0.30714268243560505
L_pre_ерланұ,-0.482094137449749
F_suf_енир,-0.30714268243560505
L_suf_нұлы,-0.4379315661978406
F_pre_авенир,-0.30714268243560505
L_suf_ланұлы,-0.44560682523402023
L_pre_ерла,0.04244146517089833
F_suf_нир,-0.30714268243560505
F_pre_авени,-0.30714268243560505
L_pre_ерлан,0.04244146517089833
F_pre_авен,-0.30714268243560505
F_аита,0.3957889523281438
L_мақсатқызы,0.42021852455454944
F_pre_аит,0.3957889523281438
F_pre_аита,0.3957889523281438
F_pre_юн,-0.3485136207591827
L_pre_болатх,-0.012652617199240908
L_болатхан,-0.3696193647286736
L_suf_латхан,-0.3696193647286736
L_suf_тхан,-0.3696193647286736
F_юнус,-0.3485136207591827
F_suf_ус,-0.3304973607760419
F_suf_нус,-0.3485136207591827
F_suf_юнус,-0.3485136207591827
L_suf_хан,-0.42689353813195363
L_suf_атхан,-0.3696193647286736
F_pre_юнус,-0.3485136207591827
F_pre_юну,-0.3485136207591827
F_suf_жамиль,-0.27156793265069396
L_pre_әлімж,0.041468433994691876
F_suf_миль,-0.396928278039048
L_pre_әл,0.011520882940728611
L_pre_әлімжа,0.041468433994691876
L_pre_әлі,0.011520882940728611
L_suf_лімжан,-0.3963774699561241
L_suf_мжан,-0.4603207983917177
L_әлімжан,-0.3963774699561241
L_pre_әлім,0.041468433994691876
F_абдижамиль,-0.27156793265069396
L_suf_імжан,-0.3963774699561241
F_suf_амиль,-0.3883233609686544
F_suf_тасия,0.2643632678755857
F_pre_анат,-0.08487894937874534
F_suf_асия,0.3155618192301382
F_pre_аната,0.30287402332026114
F_suf_атасия,0.29790781007291994
F_pre_анатас,0.29790781007291994
F_анатасия,0.29790781007291994
L_suf_нусова,0.4203574642248928
F_pre_джа,0.21299778591606808
F_suf_жамиля,0.2551273591819269
F_pre_джам,0.21299778591606808
L_джунусова,0.4471354113125574
L_pre_джуну,0.01724074261543993
F_pre_джами,0.21299778591606808
L_pre_джун,0.01724074261543993
F_suf_миля,0.3171900636985686
F_suf_амиля,0.3171900636985686
F_pre_дж,0.23016413175770167
L_suf_усова,0.4203574642248928
L_pre_джунус,0.01724074261543993
F_pre_джамил,0.21299778591606808
F_джамиля,0.21299778591606808
F_pre_aйя,0.5134271033348458
L_suf_рқызы,0.41983451682046746
F_suf_aйя,0.5134271033348458
L_pre_мұх,-0.03417485399764641
F_aйя,0.5134271033348458
L_pre_мұхта,-0.04658377559632509
F_pre_aй,0.08867463605852298
F_suf_йя,0.3586460142925289
L_pre_мұхт,-0.04658377559632509
L_мұхтарқызы,0.5277046608647935
L_suf_арқызы,0.41534500496656174
L_pre_мұхтар,-0.04658377559632509
F_абдіжамил,-0.263687653650843
L_pre_қадырб,-0.01893865496779727
L_қадырбек,-0.4428415111973988
F_pre_абдіжа,-0.271516698642192
L_suf_ырбек,-0.415022859326394
F_suf_іжамил,-0.263687653650843
L_suf_дырбек,-0.4428415111973988
F_pre_абдіж,-0.265284255899209
F_suf_йнахан,0.4226986460158944
F_pre_айн,0.15746680131489307
F_suf_ахан,0.3043143651607438
F_айнахан,0.4226986460158944
F_suf_нахан,0.4183788543955168
F_pre_айна,0.061244667329526895
F_pre_айнах,0.4226986460158944
L_джумабаева,0.3458333488452658
F_pre_айнаха,0.4226986460158944
L_suf_ғдат,-0.40666763884047336
L_pre_бағда,0.02497370569105804
L_pre_бағдат,0.02497370569105804
L_suf_ағдат,-0.40666763884047336
L_pre_бағ,0.02497370569105804
F_pre_рамиль,-0.32463145724794024
L_suf_бағдат,-0.40666763884047336
F_suf_рамиль,-0.32463145724794024
F_рамиль,-0.32463145724794024
L_pre_бағд,0.02497370569105804
L_бағдат,-0.40666763884047336
F_pre_рамил,-0.32463145724794024
L_suf_дат,-0.40666763884047336
L_адилов,-0.38793566527336243
F_фёдор,-0.2933072710812378
F_pre_фё,-0.2933072710812378
F_suf_дор,-0.3000376394957869
F_pre_фёдор,-0.2933072710812378
L_pre_адилов,0.10606179305635571
L_suf_адилов,-0.42992530493883224
F_suf_фёдор,-0.2933072710812378
F_suf_ёдор,-0.2933072710812378
L_pre_адило,0.10606179305635571
F_pre_фёдо,-0.2933072710812378
L_suf_илов,-0.4228566330556159
F_pre_фёд,-0.2933072710812378
L_suf_дилов,-0.42992530493883224
F_suf_дре,-0.4721175100882358
F_suf_ндре,-0.4721175100882358
F_pre_андре,-0.1346136121757073
F_suf_андре,-0.4721175100882358
F_suf_ре,-0.07986432587841018
F_андре,-0.4721175100882358
L_нурмаханов,-0.4697539603957429
F_suf_алинұр,-0.37270134289967755
F_алинұр,-0.37270134289967755
L_pre_нурма,-0.006969684151387395
F_pre_алинұр,-0.37270134289967755
L_pre_нурмах,-0.04729352698936556
F_pre_алинұ,-0.37270134289967755
L_pre_нурм,-0.009776366386276967
F_pre_райа,0.31714652516232184
F_suf_йана,0.26588797939898134
F_suf_райана,0.31714652516232184
L_pre_кенж,-0.01838958225123994
L_pre_кенжеб,-0.003081771825819879
L_pre_кенже,-0.01838958225123994
F_suf_айана,0.26588797939898134
F_pre_райана,0.31714652516232184
L_кенжебекқызы,0.44518024035320214
L_pre_кен,-0.01931931882650323
F_pre_райан,0.31714652516232184
F_райана,0.31714652516232184
F_pre_айбике,0.28856189459557735
F_suf_йбике,0.28856189459557735
F_suf_бике,0.3025107406003921
F_suf_айбике,0.28856189459557735
F_айбике,0.28856189459557735
F_pre_айбик,0.28856189459557735
L_бактыбаева,0.46318749114125013
L_suf_ыбаева,0.4286742814073957
L_pre_бакт,-0.03645310767833265
L_pre_бакты,-0.03645310767833265
L_pre_бак,-0.008472606311213885
L_pre_бактыб,-0.03645310767833265
L_pre_абишо,-0.05003511496492256
F_pre_мари,0.36131108095636805
L_pre_абишов,-0.05003511496492256
L_pre_абиш,-0.012808204901044135
F_suf_мария,0.2909350953435969
L_suf_бишова,0.4254269374786378
F_pre_мария,0.3783790650180475
L_suf_ишова,0.4254269374786378
L_suf_шова,0.45070081438569254
F_мария,0.34284718403532344
L_абишова,0.4254269374786378
L_pre_курма,0.0012100155822864745
L_pre_курм,0.0012100155822864745
F_pre_расул,-0.4835337103326772
L_pre_курман,-0.0108801436529143
L_курманов,-0.4720307500763006
F_pre_рас,-0.4835337103326772
L_suf_рманов,-0.41496647518613056
F_расул,-0.4835337103326772
F_pre_расу,-0.4835337103326772
L_акишева,0.414477538088534
F_suf_абия,0.374688851485107
F_pre_адабия,0.21332047250159056
F_suf_бия,0.36674056310241665
F_pre_адаби,0.21332047250159056
L_suf_кишева,0.4433731151780539
L_pre_акише,-0.012481556588383883
F_suf_адабия,0.21332047250159056
L_pre_акишев,-0.012481556588383883
L_pre_акиш,-0.012481556588383883
F_адабия,0.21332047250159056
L_suf_ишева,0.4582972393094872
F_suf_дабия,0.21332047250159056
F_pre_адаб,0.21332047250159056
L_pre_маратұ,-0.4219422965103375
L_маратұлы,-0.4219422965103375
L_pre_марат,0.03381547041494155
L_pre_мар,0.03381547041494155
L_pre_мара,0.03381547041494155
F_suf_аммед,-0.25125382638006316
F_мухаммед,-0.24916331170230202
L_мырзаханов,-0.5824052851550642
F_suf_хаммед,-0.25125382638006316
F_suf_ммед,-0.25125382638006316
F_suf_мед,-0.25963909560866694
F_suf_ед,-0.25963909560866694
F_suf_еля,0.272256884388959
L_балтабаева,0.3748248556051623
F_suf_неля,0.30058153608965626
F_анеля,0.3092386412443337
F_suf_анеля,0.30058153608965626
F_pre_анеля,0.3092386412443337
F_pre_алехан,-0.32856049519015346
L_suf_екбаев,-0.4575867497388544
F_suf_андро,-0.35378281027032443
F_suf_хандро,-0.32288068330817393
L_бекбаев,-0.399207930388052
F_suf_ро,-0.03148529883312695
F_алехандро,-0.32288068330817393
F_suf_дро,-0.35378281027032443
L_pre_бекбае,-0.01880825318630471
F_pre_алех,-0.32856049519015346
F_pre_алеха,-0.32856049519015346
L_pre_бекба,-0.01880825318630471
F_suf_ндро,-0.35378281027032443
F_suf_сения,0.23600518162362127
F_pre_есен,0.22638121654608587
F_suf_есения,0.22638121654608587
L_pre_қайыр,-0.03748639507860316
F_есения,0.22638121654608587
F_pre_есения,0.22638121654608587
F_pre_есени,0.22638121654608587
F_suf_ения,0.26353009897754975
L_pre_қайы,-0.03748639507860316
L_pre_қайырб,-0.04397665457223124
F_pre_ес,0.25103873769188323
L_қайырбекқызы,0.4637513833218063
F_pre_есе,0.22638121654608587
L_pre_смагул,0.02348985399431493
F_елена,0.2921057655001843
F_pre_елена,0.2921057655001843
F_pre_ел,0.11470044882953562
F_pre_елен,0.2921057655001843
L_suf_гулова,0.4218063105762181
L_смагулова,0.5559762321688397
F_suf_елена,0.2921057655001843
L_pre_смаг,0.02348985399431493
L_pre_смагу,0.02348985399431493
F_pre_еле,0.2921057655001843
F_suf_бан,-0.31026734184943794
F_suf_құрбан,-0.25258432010088816
L_pre_нуржа,0.05270622588103155
F_pre_абдіқ,-0.2713098248637754
F_абдіқұрбан,-0.25258432010088816
F_pre_абдіқұ,-0.25258432010088816
L_pre_нуржан,0.05270622588103155
F_suf_рбан,-0.25258432010088816
L_нуржанов,-0.3804993045724847
F_suf_ұрбан,-0.25258432010088816
L_pre_нурж,0.05270622588103155
L_suf_ржанов,-0.38588937212253444
F_suf_агат,-0.6506760649554674
F_suf_гат,-0.6506760649554674
F_pre_ага,0.12285091135628534
F_агат,-0.6506760649554674
L_suf_лбеков,-0.4480909390968896
F_pre_агат,-0.1318634040242503
L_адилбеков,-0.37796042145660563
L_pre_сызды,-0.004045816324804128
F_шабнам,0.32858389437171237
F_suf_бнам,0.32858389437171237
L_pre_сыздык,-0.004045816324804128
L_pre_сыз,-0.004045816324804128
L_suf_ыкова,0.41031015154764966
F_suf_нам,0.3300668780064384
L_сыздыкова,0.42239221360445434
F_suf_абнам,0.32858389437171237
L_pre_сы,-0.00662823380500064
F_suf_шабнам,0.32858389437171237
L_pre_сызд,-0.004045816324804128
F_pre_шабнам,0.32858389437171237
L_suf_дыкова,0.41663705621614106
F_pre_шабна,0.32858389437171237
F_pre_шабн,0.32858389437171237
L_pre_садыко,-0.04364583426850272
L_pre_садык,-0.04364583426850272
L_pre_сад,-0.01864378287613787
L_садыкова,0.4732612258105536
L_pre_сады,-0.0299416968078708
L_pre_тажие,-0.07996235514161305
L_pre_таж,-0.0036259909249454336
L_тажиев,-0.4100834053650712
L_suf_тажиев,-0.4100834053650712
L_suf_ажиев,-0.4100834053650712
L_pre_тажи,-0.0011677576953972291
L_suf_жиев,-0.4100834053650712
L_pre_тажиев,-0.07996235514161305
L_pre_нигмет,-0.04828462110468855
L_нигметова,0.4336355675605416
F_інжураяна,0.16632264417075393
L_pre_нигм,-0.04828462110468855
F_suf_аяна,0.37165091771385866
F_suf_раяна,0.2997156692837163
L_pre_ниг,-0.04828462110468855
L_pre_нигме,-0.04828462110468855
F_suf_ураяна,0.16632264417075393
L_suf_йменов,-0.41955020219016187
L_сүлейменов,-0.3918224409928571
F_pre_шахзо,-0.004322138665185638
F_suf_ахзод,-0.421333250072179
F_suf_од,-0.30917434590454906
F_шахзод,-0.421333250072179
F_suf_зод,-0.30270090788017784
L_suf_менов,-0.41955020219016187
F_suf_шахзод,-0.421333250072179
F_pre_шахзод,-0.004322138665185638
F_suf_хзод,-0.421333250072179
F_pre_шахз,-0.004322138665185638
L_pre_абише,0.03252645042519182
L_suf_абишев,-0.3699524217678003
L_suf_бишев,-0.3699524217678003
L_абишев,-0.3699524217678003
L_pre_абишев,0.03252645042519182
L_suf_ишев,-0.4259175099933942
L_кудабаев,-0.4208798259567676
L_pre_куд,0.015374888956734944
F_pre_абулх,-0.2557010853509131
F_абулхаир,-0.2557010853509131
F_pre_абулха,-0.2557010853509131
F_pre_абул,-0.2557010853509131
F_suf_лхаир,-0.24050391263683485
L_pre_кудаб,0.04847892287317863
F_suf_хаир,-0.23685500415686678
L_pre_куда,0.015374888956734944
L_suf_дабаев,-0.44832797063142293
L_pre_кудаба,0.04847892287317863
F_suf_улхаир,-0.2557010853509131
L_suf_брагим,-0.44641031997025515
F_pre_абдиға,-0.2803750087104705
L_suf_агим,-0.44641031997025515
F_абдиғали,-0.28612606851532557
L_suf_гим,-0.44641031997025515
F_pre_абдиғ,-0.2803750087104705
L_ибрагим,-0.44641031997025515
F_suf_иғали,-0.28612606851532557
L_suf_рагим,-0.44641031997025515
F_suf_диғали,-0.28612606851532557
L_suf_им,-1.0342485365891566e-05
F_pre_назым,0.38081785971980886
F_pre_назы,0.38081785971980886
F_suf_зым,0.38081785971980886
F_suf_назым,0.38081785971980886
F_suf_азым,0.38081785971980886
F_назым,0.38081785971980886
F_suf_ёр,-0.280783699063819
L_suf_лымжан,-0.5305867624419898
F_suf_риёр,-0.2977198349622771
L_ғалымжан,-0.5305867624419898
F_pre_шахриё,-0.2977198349622771
F_suf_хриёр,-0.2977198349622771
F_шахриёр,-0.2977198349622771
F_suf_иёр,-0.280783699063819
L_suf_ымжан,-0.4884893031991972
F_pre_шахри,-0.2977198349622771
F_suf_ахриёр,-0.2977198349622771
F_абіл,-0.41252616945088816
F_suf_біл,-0.41252616945088816
F_suf_абіл,-0.41252616945088816
F_suf_лид,-0.2921683232744081
L_pre_мырзал,0.007441689704303235
F_pre_хо,-0.2921683232744081
F_pre_холи,-0.2921683232744081
L_мырзалиев,-0.3072478916371159
L_suf_залиев,-0.3786064147482988
F_suf_холид,-0.2921683232744081
F_suf_олид,-0.2921683232744081
F_холид,-0.2921683232744081
F_pre_холид,-0.2921683232744081
F_pre_хол,-0.2921683232744081
L_pre_момб,0.047835927421937936
F_агапи,0.35008138254547444
F_suf_пи,0.35008138254547444
L_pre_момбек,0.047835927421937936
F_suf_апи,0.35008138254547444
F_suf_гапи,0.35008138254547444
L_момбекова,0.5797617075000723
L_pre_мом,0.047835927421937936
F_pre_агапи,0.35008138254547444
F_suf_агапи,0.35008138254547444
L_pre_момбе,0.047835927421937936
L_pre_мо,0.0005573774663612778
F_pre_агап,0.04176585153816321
L_нургалиева,0.5665397961253771
F_suf_лма,0.5173464681267516
L_pre_нург,0.01715021022499744
L_pre_нургал,0.058407836092130905
F_suf_ма,0.31137785564451426
F_pre_алм,0.03843028272105443
L_pre_нурга,0.01715021022499744
F_suf_алма,0.5173464681267516
F_алма,0.5173464681267516
F_pre_алма,0.03843028272105443
L_pre_кариба,-0.00901834173438052
L_pre_кари,0.02852169687221044
F_абдімалик,-0.21297002118355465
L_pre_кариб,-0.00901834173438052
L_карибаев,-0.47719508228373975
L_suf_ибаев,-0.4259805193116905
F_suf_імалик,-0.21297002118355465
L_suf_рибаев,-0.43895284822465264
F_pre_адемад,0.5752157422037536
L_pre_тоқта,0.01098845378625896
F_адемадениз,0.5752157422037536
L_тоқтасынқызы,0.439827993245684
F_suf_низ,-0.08476745316132157
F_pre_адема,0.31158802057403434
L_pre_тоқт,0.01098845378625896
L_pre_тоқ,0.01098845378625896
L_pre_то,0.008875900934447782
F_suf_ениз,-0.08476745316132157
L_pre_тоқтас,0.05116149474961796
F_suf_дениз,-0.08476745316132157
L_suf_ынқызы,0.466391198416551
F_suf_адениз,0.5752157422037536
F_suf_рил,-0.3563234668926251
F_кирил,-0.3563234668926251
F_suf_ирил,-0.3563234668926251
L_suf_рхан,-0.42715031791417674
L_suf_архан,-0.4131375237151165
F_suf_кирил,-0.3563234668926251
L_айдархан,-0.4131375237151165
L_suf_дархан,-0.4131375237151165
F_suf_др,-0.3340887146272182
F_александр,-0.5319006844523291
L_балтабеков,-0.4914661212608794
F_suf_андр,-0.3340887146272182
F_suf_ксандр,-0.3340887146272182
F_suf_ндр,-0.3340887146272182
F_suf_сандр,-0.3340887146272182
F_suf_адель,0.5590666740393417
F_адель,0.5590666740393417
L_pre_қойш,-0.010190700308184681
L_pre_қойшыб,-0.010190700308184681
L_pre_қойшы,-0.010190700308184681
L_қойшыбаева,0.34072517877426467
L_pre_қой,-0.010190700308184681
L_suf_санов,-0.4287102680761715
F_suf_кер,-0.32773491540798355
L_suf_асанов,-0.43507293622070264
F_suf_скер,-0.32773491540798355
F_suf_аскер,-0.32773491540798355
F_аскер,-0.32773491540798355
F_pre_аске,-0.32773491540798355
F_pre_аскер,-0.32773491540798355
F_pre_аск,-0.3465512451563589
L_хасанов,-0.4369676229408041
F_pre_гри,-0.25959662842756026
F_suf_ришик,-0.25526837476082653
L_suf_самат,-0.3963577661383148
L_самат,-0.3963577661383148
L_pre_сама,0.008767916654980293
F_suf_шик,-0.25526837476082653
F_pre_гришик,-0.25526837476082653
F_pre_гриши,-0.25526837476082653
F_suf_гришик,-0.25526837476082653
F_гришик,-0.25526837476082653
L_suf_амат,-0.41869422672283496
L_pre_самат,0.008767916654980293
L_pre_сам,0.008767916654980293
F_pre_гр,-0.25959662842756026
F_pre_гриш,-0.25526837476082653
F_suf_ишик,-0.25526837476082653
L_suf_мат,-0.41869422672283496
L_pre_алибе,-0.039081745617572355
F_pre_арзыг,0.33022388894015947
F_pre_арзыгү,0.33022388894015947
F_suf_зыгүл,0.33022388894015947
F_suf_рзыгүл,0.33022388894015947
L_pre_алиб,-0.013241648116684119
F_арзыгүл,0.33022388894015947
L_алибекова,0.5253820782874123
F_suf_ыгүл,0.33022388894015947
L_pre_алибек,-0.039081745617572355
F_suf_ансур,-0.26232088874003134
L_мурат,-0.4691135531410465
F_pre_абдума,-0.255805152648189
L_suf_рат,-0.4557387431653645
F_suf_мансур,-0.26232088874003134
L_suf_мурат,-0.4691135531410465
F_suf_сур,-0.2745899977094894
F_pre_абдум,-0.255805152648189
F_suf_нсур,-0.26232088874003134
F_абдумансур,-0.2759118921389124
L_suf_урат,-0.4691135531410465
F_pre_авра,-0.3693315582684903
F_suf_враам,-0.30566854404535204
F_pre_авраам,-0.30566854404535204
F_suf_раам,-0.2868197646945088
F_авраам,-0.30566854404535204
F_suf_аам,-0.2868197646945088
F_suf_авраам,-0.30566854404535204
F_pre_авраа,-0.30566854404535204
F_мусо,-0.4816058798029242
L_suf_айлов,-0.4747662182285569
F_suf_со,0.17882590215002742
F_pre_мусо,-0.4816058798029242
L_исмайлов,-0.49669624380426014
F_suf_мусо,-0.4816058798029242
L_suf_майлов,-0.4747662182285569
F_pre_мус,-0.28586663506930704
L_suf_йлов,-0.4747662182285569
L_pre_исмай,-0.03503193865163024
L_pre_исмайл,-0.03503193865163024
F_suf_усо,-0.4816058798029242
F_pre_амин,-0.025418040197042108
F_амина,0.45614810722469956
F_suf_амина,0.3646237099938799
F_pre_амина,0.4689276906593111
L_pre_мусае,0.007747252005573319
F_suf_айкен,0.4491280535166005
L_pre_мусаев,0.007747252005573319
F_pre_айкен,0.4491280535166005
L_suf_усаева,0.45537883848040417
F_айкен,0.4491280535166005
L_suf_саева,0.41464936160457017
F_pre_айке,0.4491280535166005
L_мусаева,0.45537883848040417
F_suf_йкен,0.4491280535166005
F_pre_айк,0.2321120383082241
L_suf_рнебай,-0.47001837469380875
F_бекзат,-0.31859621557092094
L_suf_небай,-0.47001837469380875
F_pre_бе,-0.15618543757202932
F_pre_бекзат,-0.31859621557092094
F_suf_бекзат,-0.31859621557092094
F_suf_екзат,-0.31859621557092094
L_suf_ебай,-0.43171590684661726
F_pre_бекз,-0.2882349162575799
F_suf_кзат,-0.31859621557092094
L_пернебай,-0.47001837469380875
F_pre_бекза,-0.31859621557092094
F_pre_бек,-0.269305063355885
L_pre_садық,-0.01839959139136081
L_садыққызы,0.4032105252587912
L_pre_садыққ,0.4032105252587912
F_suf_ожа,-0.31315394914764916
F_абдіқожа,-0.31369016162764723
F_suf_қожа,-0.31315394914764916
L_pre_орынба,0.04139673609844922
F_suf_іқожа,-0.31369016162764723
F_pre_абдіқо,-0.31369016162764723
L_орынбасаров,-0.4181300221712922
F_suf_діқожа,-0.31369016162764723
F_pre_беги,0.3569568704829641
F_pre_бегим,0.3569568704829641
F_suf_гимай,0.3569568704829641
F_pre_бег,-0.023553286811044235
L_төлегенқызы,0.43476385573624526
F_suf_егимай,0.3569568704829641
F_pre_бегима,0.3569568704829641
F_бегимай,0.3569568704829641
F_suf_имай,0.2946150010609297
F_suf_май,0.3413985553282981
F_pre_абдр,-0.017485561597659863
F_абдрахман,1.641239217145268
L_керимбаева,0.33919153475816133
F_pre_абдрах,0.7233759604019483
F_pre_абдра,0.046146872034105134
F_pre_алес,0.14871196042273283
L_suf_ратаев,-0.40214937381559185
L_pre_карата,-0.03567987518191072
L_каратаев,-0.40214937381559185
L_suf_атаев,-0.4264496980242048
L_pre_карат,-0.03567987518191072
F_алессандро,-0.3811851718094028
F_pre_алесс,-0.3811851718094028
F_pre_алесса,-0.3811851718094028
F_suf_сандро,-0.3811851718094028
F_pre_ше,-0.24506453007596135
L_suf_лдаев,-0.42879568586752465
F_pre_шерз,-0.24506453007596135
F_pre_шерзо,-0.24506453007596135
F_suf_рзод,-0.24506453007596135
F_шерзод,-0.24506453007596135
F_suf_ерзод,-0.24506453007596135
F_pre_шер,-0.24506453007596135
F_pre_шерзод,-0.24506453007596135
L_suf_илдаев,-0.42879568586752465
L_абилдаев,-0.42879568586752465
F_suf_шерзод,-0.24506453007596135
L_suf_даев,-0.4116745651089674
L_pre_абилда,0.10455197964784575
L_pre_абилд,0.10455197964784575
F_ізмұхаммед,-0.24320820404521887
L_смаилова,0.45884279335894435
F_suf_авелия,0.29993077807285873
L_pre_смаило,0.03139892179950043
L_pre_смаи,0.03139892179950043
F_pre_авелия,0.29993077807285873
L_suf_аилова,0.4873740879907457
F_авелия,0.29993077807285873
F_suf_велия,0.29993077807285873
L_pre_смаил,0.03139892179950043
L_pre_давл,-0.011075674685195862
L_pre_дав,-0.011075674685195862
L_pre_давлет,-0.011075674685195862
L_давлетова,0.4030751546472486
L_pre_давле,-0.011075674685195862
F_аннамария,0.23339901903581925
F_suf_амария,0.293062501345205
F_pre_аннама,0.23339901903581925
F_pre_аннам,0.23339901903581925
F_pre_абдиу,-0.2885679137956436
F_suf_уали,-0.00724290484840261
F_абдиуали,-0.31819829169216185
F_suf_иуали,-0.31819829169216185
F_pre_абдиуа,-0.2885679137956436
F_suf_диуали,-0.31819829169216185
F_suf_мат,-0.19003371628247234
F_pre_абдус,-0.25619658286514474
F_pre_абдуса,-0.25619658286514474
F_suf_амат,-0.3033286999217871
F_абдусамат,-0.28931621453878725
F_suf_усамат,-0.28931621453878725
F_suf_самат,-0.2831217771103085
L_pre_рамаза,0.018794943268270293
L_pre_рам,0.018794943268270293
L_pre_рама,0.018794943268270293
L_рамазанқызы,0.47025744849923445
F_suf_дем,-0.17782218440605224
F_suf_ем,0.09003152147113697
L_pre_рамаз,0.018794943268270293
F_suf_адем,-0.17782218440605224
F_адем,-0.17782218440605224
F_suf_ора,0.2108974927451011
F_suf_тора,0.23868718717619056
L_жумадилова,0.39185052217809463
L_pre_жумади,0.006532612620090383
F_suf_ситора,0.23868718717619056
F_pre_сит,0.23868718717619056
F_pre_сито,0.23868718717619056
F_pre_ситора,0.23868718717619056
F_pre_ситор,0.23868718717619056
F_suf_итора,0.23868718717619056
L_suf_дилова,0.45324431031749596
F_ситора,0.23868718717619056
L_pre_жумад,0.006532612620090383
F_pre_си,0.23868718717619056
F_pre_фир,-0.25472702904478123
L_арынов,-0.39028162469175404
F_suf_рдавс,-0.25472702904478123
F_pre_фирдав,-0.25472702904478123
L_suf_ынов,-0.41171934046654757
F_suf_давс,-0.25472702904478123
L_suf_рынов,-0.39028162469175404
F_suf_ирдавс,-0.25472702904478123
F_pre_фирд,-0.25472702904478123
L_suf_арынов,-0.39028162469175404
F_фирдавс,-0.25472702904478123
F_suf_вс,-0.25472702904478123
F_pre_фи,-0.25472702904478123
F_pre_фирда,-0.25472702904478123
F_suf_авс,-0.25472702904478123
L_рыспаев,-0.4303395191885633
L_pre_рыспа,0.00906795453794108
L_suf_спаев,-0.4303395191885633
L_pre_рысп,0.00906795453794108
L_suf_ыспаев,-0.4303395191885633
L_pre_рыспае,0.00906795453794108
L_suf_паев,-0.4303395191885633
F_pre_абдіре,-0.28624162934340713
F_suf_дірей,-0.28624162934340713
F_абдірей,-0.28624162934340713
F_suf_ірей,-0.28624162934340713
F_suf_рей,-0.04940064165884919
F_suf_бдірей,-0.28624162934340713
L_pre_махм,0.03939837488977904
L_suf_мутов,-0.44787520832442285
F_pre_абилма,-0.4074776107162432
L_махмутов,-0.44787520832442285
L_suf_хмутов,-0.44787520832442285
F_pre_абилм,-0.4074776107162432
F_абилмансұр,-0.4074776107162432
L_pre_махму,0.033523218120042816
L_pre_махмут,0.033523218120042816
L_suf_утов,-0.4651983116523124
L_pre_ізб,-0.008783171363268004
L_pre_ізбаса,-0.008783171363268004
F_ганчина,0.2631339760802418
F_pre_ган,0.2704766335137872
L_pre_ізбас,-0.008783171363268004
F_suf_чина,0.2631339760802418
L_ізбасарқызы,0.44518439553509737
F_pre_ганч,0.2631339760802418
F_suf_нчина,0.2631339760802418
L_pre_ізба,-0.008783171363268004
L_pre_із,-0.008783171363268004
F_suf_анчина,0.2631339760802418
F_pre_ганчи,0.2631339760802418
F_pre_ганчин,0.2631339760802418
F_pre_гар,-0.2871428637874754
F_suf_гарик,-0.31399509773605555
F_suf_рик,-0.34678911024512027
L_pre_бақб,0.0037270238189234467
L_suf_берген,-0.4435811419161294
L_pre_бақбер,0.0037270238189234467
L_suf_рген,-0.4435811419161294
L_suf_ерген,-0.4435811419161294
F_suf_арик,-0.31399509773605555
L_pre_бақбе,0.0037270238189234467
F_гарик,-0.31399509773605555
L_бақберген,-0.3260741874334309
F_pre_гарик,-0.31399509773605555
F_pre_гари,-0.31399509773605555
L_suf_үсен,-0.4465863932942109
L_pre_үс,-0.04659872964094992
L_pre_үсе,-0.04659872964094992
L_suf_сен,-0.4720263259971386
F_pre_лука,-0.45668601263196534
L_pre_үсен,-0.04659872964094992
L_үсен,-0.4465863932942109
F_suf_ука,-0.5838141412918973
F_лука,-0.5838141412918973
F_suf_лука,-0.5838141412918973
L_сайлаубай,-0.39415923065686903
F_pre_жорд,-0.2213221345817752
F_pre_жо,-0.43938506904835845
F_suf_жордан,-0.2213221345817752
L_suf_убай,-0.37253108216589265
F_pre_жор,-0.43938506904835845
L_suf_лаубай,-0.39415923065686903
F_suf_ордан,-0.2213221345817752
F_suf_дан,-0.306503387709051
L_suf_аубай,-0.39415923065686903
L_pre_сай,-0.03242281557885573
F_жордан,-0.2213221345817752
F_pre_жорда,-0.2213221345817752
L_pre_сайл,-0.03242281557885573
L_pre_сайла,-0.03242281557885573
F_suf_рдан,-0.26642843269019323
L_pre_сайлау,-0.03242281557885573
F_pre_жордан,-0.2213221345817752
L_pre_исенов,-0.008896332033646035
F_suf_аль,0.20403012656900765
F_suf_бигаль,0.31335126571905614
F_абигаль,0.31335126571905614
L_pre_исе,-0.008896332033646035
F_pre_абигал,0.31335126571905614
F_suf_галь,0.31335126571905614
L_pre_исен,-0.008896332033646035
L_исенова,0.41348653916718525
L_pre_исено,-0.008896332033646035
F_pre_абига,0.36705284860248166
F_suf_игаль,0.31335126571905614
F_адельаида,0.2348389946766173
L_байзакова,0.39540170103134975
L_pre_байза,0.028784564543441006
L_pre_байзак,0.028784564543441006
F_pre_адельа,0.23011365903695083
F_suf_льаида,0.2348389946766173
F_suf_ьаида,0.2348389946766173
L_pre_байз,0.028784564543441006
F_pre_гульн,0.24052200210337588
F_гульнара,0.18347448931596316
F_suf_ара,0.3025296217708892
L_қадырбекқызы,0.3884471766417746
F_pre_гуль,0.248657936720284
F_suf_ьнара,0.36305316329037834
F_pre_гул,0.26526271577242905
F_suf_нара,0.30652840521421953
F_pre_гульна,0.24052200210337588
F_pre_гу,0.27226035580047936
F_suf_льнара,0.36305316329037834
F_suf_ай хан,-0.26121602100468727
L_suf_ртай,-0.3469386863278436
F_suf_ хан,-0.26121602100468727
F_pre_абай ,-0.2674893914432943
F_suf_й хан,-0.26121602100468727
L_suf_ертай,-0.35702458443404306
L_pre_ерта,-0.020014116186202642
F_абай хан,-0.26121602100468727
L_pre_ерт,-0.020014116186202642
L_ертай,-0.35702458443404306
L_pre_ертай,-0.35702458443404306
F_pre_абай х,-0.26121602100468727
F_pre_сол,0.2417643368905205
F_suf_ха,0.07505426811748178
F_suf_солиха,0.2417643368905205
L_даулбаева,0.4521326305293213
F_pre_солих,0.2417643368905205
F_pre_соли,0.2417643368905205
F_солиха,0.2417643368905205
L_suf_лбаева,0.4373951892013265
F_suf_иха,0.31214343766202907
L_pre_даулб,0.09136040557506056
L_pre_даулба,0.09136040557506056
F_suf_лиха,0.31214343766202907
F_pre_солиха,0.2417643368905205
F_suf_олиха,0.2417643368905205
F_асал,0.7092595637226546
F_suf_асал,0.7092595637226546
F_suf_сал,0.16857312620572473
L_бейсенбекқызы,0.5124789345921971
L_pre_асқар,-0.0028366814179256704
L_pre_асқа,-0.0028366814179256704
L_асқарова,0.44223896690557246
F_алесия,0.2839623564390992
L_suf_қарова,0.44223896690557246
F_pre_алеси,0.2839623564390992
L_pre_асқ,-0.0028366814179256704
F_suf_алесия,0.2839623564390992
F_pre_алесия,0.2839623564390992
F_suf_есия,0.2839623564390992
L_pre_асқаро,0.030024031136716468
F_suf_лесия,0.2839623564390992
F_pre_абдио,-0.2544547646158375
F_pre_абдиок,-0.2544547646158375
F_suf_окап,-0.2544547646158375
F_абдиокап,-0.2544547646158375
F_suf_диокап,-0.2544547646158375
L_pre_ара,-0.009212593512251194
L_pre_аралба,-0.009212593512251194
F_suf_кап,-0.2544547646158375
L_аралбаев,-0.41446407514714245
F_suf_иокап,-0.2544547646158375
L_pre_арал,-0.009212593512251194
L_pre_аралб,-0.009212593512251194
L_suf_албаев,-0.41264113656544793
L_есен,-0.6520568990655913
F_pre_cұлт,-0.27065566831107885
F_suf_танәлі,-0.24566177541963166
F_pre_cұлтан,-0.27065566831107885
F_pre_cұ,-0.27065566831107885
F_suf_нәлі,-0.24566177541963166
F_cұлтанәлі,-0.24566177541963166
F_pre_cұлта,-0.27065566831107885
F_suf_лі,-0.25864394146436276
L_suf_есен,-0.6520568990655913
F_suf_әлі,-0.25864394146436276
F_pre_cұл,-0.27065566831107885
F_suf_анәлі,-0.24566177541963166
L_pre_жол,-0.011168541980970993
L_pre_жолд,-0.018365507713020715
L_жолдасбаева,0.3932413163725693
L_pre_жолдас,-0.02543272197084336
L_pre_жолда,-0.02543272197084336
F_аделин,0.30359955900860314
F_suf_лин,0.35438395310684906
L_pre_ануарб,0.013078454253779556
F_suf_аделин,0.30359955900860314
F_suf_делин,0.30359955900860314
L_ануарбекова,0.45770504206638524
F_pre_аделин,0.2371738001478092
F_suf_елин,0.3416216503518942
F_pre_адели,0.2675549548936438
L_pre_ану,0.013078454253779556
L_pre_ануар,0.013078454253779556
L_pre_ануа,0.013078454253779556
L_suf_ам,-0.3914150335100509
L_suf_рам,-0.3914150335100509
F_армен,-0.3194187356462144
F_pre_армен,-0.3194187356462144
L_мейрам,-0.3914150335100509
L_suf_мейрам,-0.3914150335100509
F_suf_рмен,-0.3194187356462144
F_pre_арме,-0.3194187356462144
L_suf_йрам,-0.3914150335100509
F_pre_арм,-0.3366993762968453
F_suf_армен,-0.3194187356462144
F_suf_мен,-0.3194187356462144
L_suf_ейрам,-0.3914150335100509
L_pre_сарба,0.010831374750945477
L_сарбасова,0.5129085600740485
L_suf_асова,0.49431497185348766
L_pre_сарбас,0.010831374750945477
L_pre_сарб,0.010831374750945477
L_suf_басова,0.546801321233199
F_suf_влад,-0.3981310878515125
L_suf_енбаев,-0.4240675348231937
F_влад,-0.3981310878515125
F_suf_лад,-0.3981310878515125
L_бейсенбаев,-0.4124070004814704
F_suf_ али,-0.29022651709120423
F_suf_д али,-0.28607996965798405
F_suf_ад али,-0.28607996965798405
F_мухаммад али,-0.28607996965798405
L_бейсенов,-0.40032395833738665
L_suf_кишев,-0.44236006788391186
F_pre_абдилм,-0.28598671440599444
F_абдилмансур,-0.2788768844982581
L_акишев,-0.42262881562519855
L_suf_акишев,-0.4609379540550918
F_pre_дунё,0.37371850033689835
F_suf_нё,0.37371850033689835
F_pre_ду,0.31167844211065987
F_suf_унё,0.37371850033689835
L_suf_ртқызы,0.4776535869791699
L_жомартқызы,0.4776535869791699
F_дунё,0.37371850033689835
F_pre_дун,0.37371850033689835
F_suf_дунё,0.37371850033689835
F_pre_родио,-0.28192833112849586
F_suf_одион,-0.28192833112849586
F_родион,-0.28192833112849586
F_suf_родион,-0.28192833112849586
F_pre_род,-0.28192833112849586
F_suf_ион,-0.28192833112849586
F_pre_родион,-0.28192833112849586
F_pre_роди,-0.28192833112849586
F_suf_дион,-0.28192833112849586
L_абдуллаев,-0.4133796551307688
L_suf_ллаев,-0.4133796551307688
F_данис,-0.3992444386086956
F_suf_анис,-0.3992444386086956
L_suf_лаев,-0.42218414100782126
F_suf_данис,-0.3992444386086956
F_pre_данис,-0.3588621429660031
L_suf_уллаев,-0.4133796551307688
L_suf_ленова,0.4516537892870418
L_туленова,0.4587164472247351
F_suf_ргис,-0.025409536202732536
F_suf_гис,0.0496527258175245
L_pre_калдыб,-0.003211351730736988
F_наргис,0.3961196626921967
L_pre_калд,-0.003211351730736988
F_suf_аргис,0.3961196626921967
L_pre_калды,-0.003211351730736988
F_pre_нарги,0.3072486469807449
L_калдыбекова,0.4323225591243714
F_pre_нарг,0.3072486469807449
F_pre_наргис,0.3961196626921967
F_pre_нар,0.3072486469807449
F_suf_наргис,0.3961196626921967
F_pre_ели,-0.07796650473190649
F_pre_елис,-0.3014074152040689
F_suf_елисей,-0.3014074152040689
F_елисей,-0.3014074152040689
L_pre_сыдык,-0.01565944004793649
L_сыдыков,-0.33458315574091596
L_pre_сыды,-0.01565944004793649
L_pre_сыдыко,-0.01565944004793649
F_suf_сей,-0.33601894347710265
L_suf_ыдыков,-0.33458315574091596
L_pre_сыд,-0.01565944004793649
F_suf_исей,-0.31532485939049465
F_pre_елисе,-0.3014074152040689
F_suf_лисей,-0.3014074152040689
F_pre_елисей,-0.3014074152040689
F_suf_ёсин,-0.5909415300321825
F_pre_ёс,0.012608579218466833
L_касымбеков,-0.5438276047420512
F_suf_син,-0.16562809100542164
F_ёсин,-0.5909415300321825
F_pre_ёсин,-0.23357614255677786
F_pre_ёси,-0.23357614255677786
F_pre_ісл,-0.2776841317667509
F_suf_іслам,-0.32570340353884947
F_pre_ісла,-0.2776841317667509
F_іслам,-0.32570340353884947
F_pre_іс,-0.27034550085514525
F_suf_слам,-0.29650264042269936
L_suf_тжан,-0.3876882680421327
F_suf_лам,-0.29026884925830426
L_suf_хытжан,-0.3803104907020747
L_бахытжан,-0.3803104907020747
F_pre_іслам,-0.2776841317667509
L_suf_ытжан,-0.4333550750608154
L_ильясқызы,0.38425099818254804
F_александра,0.3992932265126889
F_suf_андра,0.3272867358728723
F_suf_ндра,0.3272867358728723
F_suf_дра,0.3272867358728723
L_pre_ильясқ,0.38425099818254804
L_suf_ясқызы,0.38425099818254804
F_suf_сандра,0.3272867358728723
L_suf_сқызы,0.41858862482076703
F_аймээрим,0.36860219461309557
F_suf_рим,-0.04340490908885894
L_отарбаева,0.4354873534752699
F_pre_аймэ,0.36860219461309557
L_pre_отар,-0.0226950987946666
F_suf_мээрим,0.34300986401166045
F_suf_ээрим,0.34300986401166045
L_pre_ота,-0.0226950987946666
F_pre_айм,0.30494115929950144
F_pre_аймээ,0.36860219461309557
L_pre_отарба,-0.0226950987946666
L_suf_рбаева,0.4296034668344261
F_pre_аймээр,0.36860219461309557
F_suf_эрим,0.34300986401166045
L_pre_отарб,-0.0226950987946666
L_pre_от,-0.0226950987946666
L_сейдахметов,-0.373131438389636
L_pre_сейда,-0.01577732270209433
F_pre_абдісе,-0.2682941367753749
F_абдісерік,-0.2682941367753749
F_suf_ік,-0.03643840837894899
L_pre_сейдах,-0.029379497990400762
F_suf_ерік,-0.2682941367753749
F_suf_серік,-0.2682941367753749
F_suf_рік,-0.2682941367753749
F_suf_ісерік,-0.2682941367753749
L_pre_сейд,-0.01577732270209433
F_аделлина,0.24251208907548452
F_suf_ллина,0.24251208907548452
F_suf_еллина,0.24251208907548452
F_pre_аделли,0.24251208907548452
L_pre_ерн,0.048537248115364966
F_іңкар,0.007955579879139585
F_suf_іңкар,0.007955579879139585
L_pre_ерна,0.048537248115364966
F_pre_іңк,0.14702661222798677
F_suf_ңкар,0.007955579879139585
L_pre_ерназа,0.048537248115364966
L_pre_ерназ,0.048537248115364966
F_pre_іңкар,0.13179643339003413
L_ерназарова,0.35739497852179314
F_pre_іңка,0.13179643339003413
L_suf_ешова,0.4644812669398065
F_suf_нжу,0.4156852393248183
L_утешова,0.4446731821240907
F_suf_жу,0.4118997310452891
L_suf_тешова,0.4446731821240907
L_pre_утешо,0.016493200903646477
L_pre_утеш,0.016493200903646477
F_suf_інжу,0.4156852393248183
L_pre_утешов,0.016493200903646477
F_інжу,0.4156852393248183
F_pre_інар,0.5922260713049807
F_інар,0.5922260713049807
F_pre_іна,0.4706737516444616
F_suf_інар,0.5922260713049807
F_suf_нтония,0.4161195786317039
F_suf_тония,0.4161195786317039
L_бауыржанқызы,0.35284926590734966
F_pre_антони,-0.024083393524568807
F_pre_антон,-0.08552304522513
F_pre_анто,-0.08552304522513
F_антония,0.4161195786317039
F_pre_ант,-0.04138776263413893
F_suf_ония,0.4161195786317039
F_бехруз,-0.35688815763333076
L_pre_адиль,-0.06442551596672028
F_pre_бехр,-0.27735604562617894
L_pre_адильб,-0.06442551596672028
F_suf_бехруз,-0.35688815763333076
F_suf_уз,0.13956685890864143
F_suf_руз,0.04382360435265342
F_pre_бехру,-0.27735604562617894
L_адильбеков,-0.46343604407561634
F_pre_бехруз,-0.27735604562617894
F_suf_ехруз,-0.35688815763333076
F_suf_хруз,-0.35688815763333076
F_pre_бех,-0.27735604562617894
L_suf_ьбеков,-0.46343604407561634
F_pre_луи,0.317954248434996
F_suf_уиза,0.317954248434996
F_pre_луиза,0.317954248434996
F_pre_луиз,0.317954248434996
L_жанболатқызы,0.5358312850688085
F_луиза,0.317954248434996
F_suf_луиза,0.317954248434996
F_pre_aл,-0.33252693262539257
F_suf_ихан,-0.27877918967280196
F_pre_aлих,-0.2524999229630061
L_мұратұлы,-0.38313601129831937
F_pre_aлихан,-0.2524999229630061
F_suf_aлихан,-0.2524999229630061
L_pre_мұратұ,-0.38313601129831937
F_pre_aлиха,-0.2524999229630061
F_suf_лихан,-0.280697861287841
F_pre_aли,-0.34680123539304225
F_aлихан,-0.2524999229630061
L_pre_манар,0.02627889167138548
F_suf_тонин,-0.41987179766548555
L_pre_манарб,0.02627889167138548
F_антонин,-0.41987179766548555
F_suf_онин,-0.41987179766548555
F_suf_нин,-0.41987179766548555
F_suf_нтонин,-0.41987179766548555
L_манарбек,-0.39173653228389044
F_suf_узанна,0.24426578740459945
F_pre_руза,0.24426578740459945
F_pre_рузан,0.24426578740459945
F_pre_рузанн,0.24426578740459945
F_рузанна,0.24426578740459945
F_suf_занна,0.24426578740459945
F_pre_руз,0.24426578740459945
F_pre_даром,-0.28565781699110593
F_suf_аромир,-0.28565781699110593
F_даромир,-0.28565781699110593
L_ембергенов,-0.41518430197269357
F_pre_даро,-0.28565781699110593
F_suf_омир,-0.2893955999030203
F_suf_ромир,-0.28565781699110593
F_pre_дароми,-0.28565781699110593
F_suf_миника,0.4822695936731925
F_suf_иника,0.4822695936731925
F_pre_домин,-0.05205245289018281
F_доминика,0.4822695936731925
F_pre_до,-0.07773425014100045
F_pre_доми,-0.05205245289018281
F_pre_дом,-0.040669410308510935
F_pre_домини,-0.05205245289018281
F_pre_адилия,0.33985035582284434
F_адилия,0.28082661107355344
F_suf_адилия,0.28082661107355344
F_pre_адили,0.30853252452594143
F_suf_илия,0.07882107500135799
F_suf_дилия,0.28082661107355344
F_suf_мэри,0.4085676499061731
L_pre_әб,-0.008621835086944236
F_suf_эри,0.4085676499061731
L_pre_әбі,-0.008621835086944236
L_suf_ымқызы,0.43798885373255214
L_pre_әбіл,-0.008621835086944236
F_pre_мэ,0.3613392500601283
F_suf_ри,0.0628493791519626
F_pre_мэри,0.4085676499061731
L_pre_әбілқ,-0.008621835086944236
F_pre_мэр,0.4085676499061731
L_suf_мқызы,0.4231501317497107
L_әбілқасымқызы,0.5743082840625406
L_pre_әбілқа,-0.008621835086944236
F_мэри,0.4085676499061731
L_suf_рамов,-0.4036788622948402
L_мейрамов,-0.4036788622948402
F_ілияшахтияр,-0.2569637257633508
F_suf_хтияр,-0.28292424478898104
F_pre_ілияша,-0.2569637257633508
F_pre_ілияш,-0.2569637257633508
L_suf_йрамов,-0.4036788622948402
L_suf_амов,-0.4036788622948402
F_suf_ахтияр,-0.28292424478898104
F_suf_тияр,-0.28292424478898104
F_pre_іздіғ,-0.2829644168599487
F_іздіғали,-0.2829644168599487
F_suf_іғали,-0.2747124814384467
F_suf_діғали,-0.2747124814384467
F_pre_іздіға,-0.2829644168599487
F_pre_ізді,-0.28896548073641704
L_сегизбаева,0.43160363453936773
F_suf_амия,0.3709532656164616
F_pre_сам,-0.026490830585329805
L_pre_сегиз,-0.013721164772457523
F_pre_сами,0.07687648277756734
L_pre_сеги,-0.013721164772457523
F_suf_мия,0.4694994568749985
F_самия,0.3709532656164616
L_pre_сегизб,-0.013721164772457523
F_suf_самия,0.3709532656164616
F_pre_самия,0.3709532656164616
L_pre_сег,-0.013721164772457523
F_suf_камрон,-0.3088771942591191
L_ерманов,-0.3565033585333868
F_камрон,-0.3088771942591191
F_pre_камр,-0.3088771942591191
F_suf_мрон,-0.3608021797073658
L_pre_ерма,0.013193509508408634
F_suf_амрон,-0.3088771942591191
L_pre_ерман,0.043497555637091824
L_pre_ермано,0.043497555637091824
F_pre_камрон,-0.3088771942591191
F_pre_камро,-0.3088771942591191
L_pre_ерм,-0.0009706492536321595
F_pre_айса,0.27331492870639046
F_suf_йсанам,0.3436700911753302
L_pre_бисе,-0.007718473642084422
L_pre_бис,-0.007718473642084422
F_pre_айсана,0.269308229196339
L_pre_бисенб,0.006313333513443644
F_suf_анам,0.33092998653868744
F_айсанам,0.3436700911753302
L_бисенбаева,0.4115096233735961
L_pre_би,-0.005448468415847457
L_pre_бисен,0.002752408427787613
F_pre_айсан,0.2793513034670183
F_suf_санам,0.33092998653868744
F_адина,0.3014512921071007
F_suf_дина,0.3262699575476682
F_suf_адина,0.30179772570324115
F_ажибубу,0.25615107997285796
F_pre_ажибу,0.25615107997285796
L_омарқызы,0.38292219105936165
L_pre_омар,-0.008777923722553907
F_suf_ибубу,0.25615107997285796
F_suf_бу,0.25615107997285796
F_suf_убу,0.25615107997285796
F_suf_бубу,0.25615107997285796
F_pre_ажибуб,0.25615107997285796
L_pre_омарқы,0.38292219105936165
F_pre_ажиб,0.25615107997285796
F_pre_ажи,0.25615107997285796
L_pre_омарқ,0.38292219105936165
L_pre_ома,-0.008777923722553907
L_pre_ом,-0.008777923722553907
F_suf_жибубу,0.25615107997285796
F_ержан,-0.40928971955098176
F_pre_ерж,-0.40928971955098176
F_suf_ержан,-0.40928971955098176
L_pre_ербол,0.04057118434153048
F_pre_ержан,-0.40928971955098176
L_suf_рбол,-0.4473216343838007
L_suf_ол,-0.45360662151528564
L_pre_ербо,0.04057118434153048
F_pre_ержа,-0.40928971955098176
L_pre_ерб,0.04057118434153048
L_suf_бол,-0.4473216343838007
L_suf_ербол,-0.4473216343838007
L_ербол,-0.4473216343838007
F_pre_махина,0.2515732718938979
F_махина,0.2515732718938979
F_suf_хина,0.2515732718938979
L_pre_сәкенқ,0.39507873129487747
F_pre_махин,0.2515732718938979
L_pre_сәкен,-0.057831077603641624
F_pre_махи,0.2515732718938979
F_suf_махина,0.2515732718938979
L_сәкенқызы,0.39507873129487747
F_pre_мах,0.2515732718938979
F_suf_ахина,0.2515732718938979
L_pre_сәк,-0.057831077603641624
L_pre_сәке,-0.057831077603641624
L_suf_ентаев,-0.44563284127634756
L_suf_нтаев,-0.4443602849919654
F_suf_дешбек,-0.2448596025717756
F_pre_абдешб,-0.2448596025717756
L_pre_есента,-0.019751722726509345
L_pre_есент,-0.019751722726509345
F_suf_шбек,-0.2448596025717756
F_pre_абдеш,-0.2448596025717756
F_абдешбек,-0.2448596025717756
F_suf_ешбек,-0.2448596025717756
L_есентаев,-0.44563284127634756
F_майя,0.3824652561755342
F_pre_майя,0.3824652561755342
F_pre_май,0.3824652561755342
F_suf_айя,0.38909769521732124
F_suf_майя,0.3200107622661252
F_pre_айзир,0.31660331496586813
F_suf_рек,0.31660331496586813
F_pre_айзире,0.31660331496586813
F_pre_айзи,0.31660331496586813
F_suf_йзирек,0.31660331496586813
L_мынбаева,0.39952661002605633
F_pre_айз,0.32843461404929175
F_suf_ирек,0.31660331496586813
F_айзирек,0.31660331496586813
F_suf_зирек,0.31660331496586813
F_pre_абдулх,-0.014009969297261237
F_абдулхади,0.8049507671457155
F_suf_лхади,0.8049507671457155
F_suf_хади,0.8049507671457155
F_suf_улхади,0.8049507671457155
L_есенбекқызы,0.5361372388970068
L_сайлаубаева,0.44779608750756805
F_pre_ази,0.059549836990776116
F_pre_азия,0.4417951537968988
L_аманжолова,0.417781110349428
L_suf_жолова,0.417781110349428
F_азия,0.4417951537968988
F_suf_азия,0.4417951537968988
L_pre_аманж,0.024204104658996577
L_suf_олова,0.41118160112900426
F_suf_зия,0.33291941362343574
L_pre_аманжо,0.024204104658996577
L_асанов,-0.434925456844016
F_pre_алн,-0.28881264259247036
F_pre_алныд,-0.28881264259247036
F_pre_алны,-0.28881264259247036
F_suf_ныдин,-0.28881264259247036
F_pre_алныди,-0.28881264259247036
F_suf_ыдин,-0.28881264259247036
F_suf_лныдин,-0.28881264259247036
F_алныдин,-0.28881264259247036
F_анджели,0.4064586138333268
F_pre_анджел,0.3641709002050465
F_suf_нджели,0.4064586138333268
F_suf_джели,0.4064586138333268
L_курманалиева,0.3957458083778906
F_suf_ели,0.26206398728883046
F_suf_жели,0.4064586138333268
L_әмірқызы,0.37760429871519524
L_suf_ірқызы,0.37760429871519524
L_pre_әмірқ,0.37760429871519524
L_pre_әмірқы,0.37760429871519524
F_suf_угул,0.35493049572371616
F_арзугул,0.35493049572371616
F_pre_арзуг,0.35493049572371616
F_pre_арзугу,0.35493049572371616
F_suf_рзугул,0.35493049572371616
F_pre_арзу,0.0613391677698286
F_suf_зугул,0.35493049572371616
L_suf_рмашев,-0.576419966867588
F_рустам,-0.2945616342029456
F_pre_руста,-0.2945616342029456
F_pre_рустам,-0.2945616342029456
F_suf_рустам,-0.2945616342029456
F_suf_стам,-0.2945616342029456
F_suf_там,-0.2945616342029456
L_pre_курмаш,0.05362864905734993
L_курмашев,-0.576419966867588
F_suf_устам,-0.2945616342029456
F_pre_руст,-0.3049352539152522
F_pre_ёлк,-0.06317121802828775
L_pre_раис,-0.0011684333034639063
L_pre_раисо,-0.0011684333034639063
L_pre_раи,-0.020190307290312796
F_ёлк,-0.5864335171523916
L_suf_аисов,-0.4591657986784677
L_pre_раисов,-0.0011684333034639063
F_suf_лк,-0.5864335171523916
F_pre_ёл,-0.06317121802828775
L_suf_раисов,-0.4591657986784677
F_suf_ёлк,-0.5864335171523916
L_раисов,-0.4591657986784677
L_pre_асқарқ,0.39228938634182214
F_аджар,0.44338479835213795
L_асқарқызы,0.39228938634182214
F_pre_адж,0.3177116928392817
F_suf_аджар,0.44338479835213795
F_pre_аджа,0.34688687293541665
F_suf_джар,0.44338479835213795
F_pre_аджар,0.363973853771855
F_suf_шыңғыс,-0.25721708530775084
F_шыңғыс,-0.25721708530775084
F_suf_ғыс,-0.25721708530775084
F_pre_шыңғ,-0.25721708530775084
F_suf_ңғыс,-0.25721708530775084
L_сәрсенбек,-0.47333908818178416
F_suf_ыс,-0.25484630097320443
F_suf_ыңғыс,-0.25721708530775084
F_pre_шыңғы,-0.25721708530775084
F_pre_шы,-0.25721708530775084
F_pre_шыңғыс,-0.25721708530775084
F_pre_шың,-0.25721708530775084
L_suf_ламан,-0.3984850122169314
F_хантөре,-0.29741185140710835
L_suf_оламан,-0.3984850122169314
L_жоламан,-0.3984850122169314
F_suf_төре,-0.31065934488242575
F_pre_хантө,-0.29741185140710835
L_suf_аман,-0.49049118511387074
F_suf_антөре,-0.3016150381364508
F_pre_ха,-0.08034082010096243
L_pre_жолам,0.02412950368240967
F_suf_нтөре,-0.3016150381364508
L_pre_жола,0.02412950368240967
F_pre_хан,-0.25485688057801764
F_pre_хант,-0.29741185140710835
F_pre_хантөр,-0.29741185140710835
F_suf_өре,-0.31065934488242575
L_pre_жолама,0.02412950368240967
F_pre_ала,-0.019325936247856123
F_pre_алан,-0.0627741860759309
F_suf_анбек,-0.32512443100263294
F_suf_ланбек,-0.32512443100263294
L_pre_жұмаба,-0.006642917586546017
F_pre_аланб,-0.32512443100263294
F_pre_аланбе,-0.32512443100263294
L_suf_мабаев,-0.3854676926226944
F_suf_нбек,-0.3112444148193161
L_жұмабаев,-0.3934037740976471
F_аланбек,-0.32512443100263294
F_pre_абб,-0.24123959752489976
L_исаев,-0.44421328582571523
F_pre_аббос,0.125105284616827
F_аббос,0.125105284616827
F_suf_ббос,0.125105284616827
F_suf_бос,0.125105284616827
L_suf_исаев,-0.44421328582571523
L_pre_исаев,-0.0902062517906233
L_pre_исае,-0.0902062517906233
F_pre_аббо,0.125105284616827
F_suf_аббос,0.125105284616827
L_suf_саев,-0.45309920704402173
F_suf_павел,-0.36197516206705105
F_pre_пав,-0.36197516206705105
F_pre_па,0.14376419537424054
F_suf_авел,-0.36197516206705105
F_павел,-0.36197516206705105
F_pre_павел,-0.36197516206705105
F_pre_паве,-0.36197516206705105
F_suf_вел,-0.33490914631186064
F_suf_абыр,-0.2467066932223108
L_pre_тастан,0.02768824969244871
F_suf_ісабыр,-0.2467066932223108
F_suf_быр,-0.2467066932223108
L_pre_таста,0.02768824969244871
L_pre_таст,0.02768824969244871
L_тастанбеков,-0.4893043564763581
F_suf_сабыр,-0.2467066932223108
F_абдісабыр,-0.2467066932223108
L_pre_мука,0.009290351122033259
F_suf_әрім,0.10584828639632102
L_мукажанов,-0.34483189297597633
L_pre_мукаж,-0.05600730845472842
F_абдкәрім,-0.4427826542458707
L_pre_мукажа,-0.05600730845472842
F_pre_абдк,-0.3102003867633412
F_suf_дкәрім,-0.4427826542458707
L_pre_мук,0.0065913403655582644
F_pre_абдкәр,-0.4427826542458707
F_pre_абдкә,-0.4427826542458707
F_suf_кәрім,0.10584828639632102
L_suf_даева,0.42689868648055834
L_suf_лдаева,0.460124110706021
L_абилдаева,0.460124110706021
F_suf_лика,0.33128293456429686
L_pre_габба,0.011250611316535427
L_pre_габб,0.011250611316535427
F_лика,0.37006719020012446
L_pre_га,-0.012141147916248103
L_габбасова,0.5783245862552625
F_pre_ли,0.3201502312955158
F_pre_лика,0.37006719020012446
F_pre_лик,0.37006719020012446
L_pre_габ,-0.029155577578343993
L_pre_габбас,0.011250611316535427
L_курманова,0.6018935724670773
L_pre_жаңб,-0.049017399643242796
F_suf_һан,-0.2517461036167893
F_pre_іһ,-0.2517461036167893
L_suf_рбай,-0.4230658765340723
L_pre_жаңбы,-0.049017399643242796
F_іһсан бедірһан,-0.2517461036167893
F_suf_ірһан,-0.2517461036167893
L_suf_ырбай,-0.4070971325210949
L_suf_бырбай,-0.38765942161746936
F_suf_дірһан,-0.2517461036167893
F_pre_іһсан,-0.2517461036167893
F_suf_рһан,-0.2517461036167893
F_pre_іһса,-0.2517461036167893
F_pre_іһс,-0.2517461036167893
F_pre_іһсан ,-0.2517461036167893
L_жаңбырбай,-0.38765942161746936
L_pre_жаңбыр,-0.049017399643242796
F_астан,-0.3518981906587426
F_suf_астан,-0.31502202498128035
F_pre_аст,-0.3518981906587426
F_suf_стан,-0.29419583762393464
F_pre_аста,-0.3518981906587426
F_pre_астан,-0.3518981906587426
L_нұрланұлы,-0.49030212337528534
L_suf_метжан,-0.35562337495189184
L_pre_ахметж,-0.056985557538579645
L_ахметжан,-0.35562337495189184
L_suf_етжан,-0.35562337495189184
F_сара,0.5282413562124676
F_suf_сара,0.34662909796519226
F_pre_сара,0.5282413562124676
L_темирбаева,0.4421074207403808
F_pre_сар,-0.05590795402110975
F_авантика,0.2689441478500622
F_pre_авант,0.2689441478500622
L_suf_разова,0.45888745184220714
F_pre_аванти,0.2689441478500622
F_pre_аван,0.2689441478500622
L_suf_азова,0.45888745184220714
F_suf_нтика,0.2689441478500622
F_pre_ава,0.16112109204926603
L_pre_уразов,0.05198091492486275
F_suf_тика,0.2689441478500622
L_уразова,0.5546223223662489
F_suf_антика,0.2689441478500622
L_pre_уразо,0.05198091492486275
F_pre_ану,0.05204109414696892
F_suf_уш,0.46614459409006026
F_suf_нуш,0.46614459409006026
F_pre_ануш,0.46614459409006026
F_suf_ануш,0.46614459409006026
F_ануш,0.46614459409006026
F_pre_лаура,0.2797549391502094
F_pre_ла,0.31688411714808257
L_амантаева,0.40260185907290463
F_pre_лаур,0.2797549391502094
F_suf_аура,0.2797549391502094
F_pre_лау,0.2797549391502094
F_suf_лаура,0.2797549391502094
F_suf_ура,0.2694069298263254
L_suf_нтаева,0.4095568054403014
F_лаура,0.2797549391502094
F_pre_aйсезі,0.3244889557528144
F_pre_aйсез,0.3244889557528144
L_pre_есмаг,0.028621247741525416
F_aйсезім,0.3244889557528144
F_pre_aйс,-0.009106660218225057
L_есмагамбетова,0.36947724516226954
L_pre_есма,0.028621247741525416
F_pre_aйсе,0.3244889557528144
L_suf_бетова,0.41145128171721285
L_pre_есмага,0.028621247741525416
L_pre_есм,0.028621247741525416
L_жәнібек,-0.38471549130119365
F_pre_абду а,-0.24614190313529266
F_абду амир,-0.2306595820780639
F_suf_ амир,-0.2306595820780639
F_suf_у амир,-0.2306595820780639
F_pre_абду ,-0.27687757342816127
L_pre_жәніб,-0.026416495971152677
L_suf_әнібек,-0.38471549130119365
L_suf_нібек,-0.38471549130119365
L_suf_ібек,-0.4079870236992794
L_pre_жә,-0.026416495971152677
L_pre_жән,-0.026416495971152677
L_pre_жәнібе,-0.026416495971152677
L_pre_жәні,-0.026416495971152677
F_suf_исия,0.2714339378361214
F_таисия,0.2887430840346408
F_suf_аисия,0.2887430840346408
F_pre_таисия,0.2887430840346408
F_pre_таи,-0.11574734792248517
L_pre_базарб,-0.018650522496005052
F_suf_таисия,0.2887430840346408
F_pre_та,0.0018522880585576862
F_pre_таиси,0.2887430840346408
F_pre_таис,0.2887430840346408
L_базарбаева,0.4533081397577194
L_pre_дю,0.01024172929442788
L_pre_дюсе,0.01024172929442788
F_suf_алена,0.33718961287264976
L_pre_дюс,0.01024172929442788
L_pre_дюсенб,0.004204851153565019
F_pre_алена,0.33718961287264976
F_pre_ален,0.33718961287264976
L_дюсенбаева,0.4022727635207726
F_алена,0.33718961287264976
L_pre_дюсен,-0.007768626179246174
F_suf_ясин,0.07363122640054592
L_suf_ақ,-0.4564995153114353
L_suf_сқақ,-0.45818899713498124
L_suf_ысқақ,-0.45818899713498124
L_ысқақ,-0.45818899713498124
F_ясин,0.07363122640054592
L_pre_ысқа,-0.046820256038906265
L_pre_ысқ,-0.046820256038906265
L_suf_қақ,-0.45818899713498124
L_pre_ысқақ,-0.046820256038906265
L_pre_ыс,-0.046820256038906265
F_suf_азим,-0.40933700786159055
F_suf_зим,-0.07159329077489426
F_pre_абдази,-0.26429625831685616
F_pre_абдаз,-0.26429625831685616
F_абдазим,-0.2697133963412173
F_suf_бдазим,-0.2697133963412173
F_suf_дазим,-0.2697133963412173
F_pre_гузал,0.29363856494746665
F_pre_гуза,0.29363856494746665
F_гузалия,0.2086213944445743
F_pre_гуз,0.29363856494746665
F_suf_узалия,0.2086213944445743
F_pre_гузали,0.2086213944445743
L_жұматай,-0.4105036309765948
L_suf_матай,-0.4105036309765948
L_suf_ұматай,-0.4105036309765948
F_абдамир,-0.22620907835611598
F_suf_дамир,-0.30807517561402703
L_suf_атай,-0.384032610918782
F_pre_абдам,-0.22620907835611598
F_suf_бдамир,-0.22620907835611598
F_pre_абдами,-0.22620907835611598
F_suf_ксей,-0.38639139992744714
F_алексей,-0.38639139992744714
F_suf_лексей,-0.38639139992744714
F_pre_алексе,-0.38639139992744714
F_suf_ексей,-0.38639139992744714
L_pre_елуба,-0.02682102654408862
F_pre_камол,0.2714156599976144
F_pre_камола,0.2714156599976144
F_suf_ола,0.29108093633899274
F_suf_камола,0.2714156599976144
F_pre_камо,0.2714156599976144
L_елубаева,0.4548736292461025
F_камола,0.2714156599976144
F_suf_мола,0.2714156599976144
F_suf_амола,0.2714156599976144
L_pre_елуб,-0.02682102654408862
L_pre_елубае,0.09458891482074037
L_pre_елу,-0.02682102654408862
L_pre_байме,0.06281109415043194
L_байменов,-0.46346222469356113
F_suf_ырым,-0.3370653690244229
F_pre_cыры,-0.31758009987927655
F_pre_cыр,-0.31758009987927655
F_suf_рым,-0.3370653690244229
F_pre_cырым,-0.31758009987927655
F_pre_cы,-0.31758009987927655
F_cырым,-0.31758009987927655
L_pre_баймен,0.06281109415043194
F_suf_cырым,-0.31758009987927655
F_suf_амани,0.588712460519703
F_pre_амани,0.588712460519703
L_уразалиева,0.4431933018492767
F_pre_ама,-0.009087717662244154
L_pre_ураза,-0.03068511955326299
F_suf_мани,0.588712460519703
F_амани,0.588712460519703
L_pre_уразал,-0.03068511955326299
F_pre_аман,-0.15655226203186134
F_pre_aйқын,-0.35836801112037003
L_suf_ияров,-0.40412997449702853
L_бахтияров,-0.40024618717331556
F_suf_йқын,-0.35836801112037003
F_aйқын,-0.35836801112037003
F_suf_қын,-0.35836801112037003
F_pre_aйқ,-0.35836801112037003
L_suf_яров,-0.40412997449702853
L_suf_тияров,-0.40024618717331556
F_suf_aйқын,-0.35836801112037003
F_pre_aйқы,-0.35836801112037003
F_suf_охим,-0.2892919578688977
L_suf_асенов,-0.46806076497930216
F_pre_ибро,-0.24901494898343485
F_suf_рохим,-0.2892919578688977
L_хасенов,-0.3899498322170116
F_pre_иброх,-0.24901494898343485
F_suf_брохим,-0.24901494898343485
F_иброхим,-0.24901494898343485
F_pre_иброхи,-0.24901494898343485
F_suf_ізетай,0.539150225991212
F_pre_ізет,-0.12886692019122475
F_ізетай,0.539150225991212
L_галиева,0.38655593028329693
F_suf_етай,0.539150225991212
F_pre_ізета,0.05292463068364918
L_pre_гал,-0.0010680273856507158
L_pre_гали,-0.0010680273856507158
L_pre_галиев,-0.0010680273856507158
F_suf_тай,-0.19680693068460156
L_pre_галие,-0.0010680273856507158
F_pre_ізетай,0.539150225991212
F_pre_ізе,-0.12886692019122475
F_suf_зетай,0.539150225991212
F_pre_би,0.0028127121186408677
F_suf_билура,0.2960311101483271
L_pre_жапа,0.03584888804160396
F_pre_билу,0.2960311101483271
F_pre_билура,0.2960311101483271
L_suf_парова,0.5161645907274711
L_pre_жапаро,0.03584888804160396
F_suf_лура,0.2960311101483271
F_билура,0.2960311101483271
F_suf_илура,0.2960311101483271
L_жапарова,0.5613972641044923
F_pre_бил,-0.17061915661738614
F_pre_билур,0.2960311101483271
L_pre_жап,0.03584888804160396
L_pre_жапар,0.03584888804160396
L_калдыбеков,-0.573342611198166
L_suf_ыбеков,-0.5026599251227775
F_suf_абай,-0.4994908128479898
F_абай,-0.4994908128479898
L_pre_кады,0.03182935541886999
L_кадырбаев,-0.46743480003282234
L_pre_кад,0.0071285586075866565
F_абдімансур,-0.25070938110999186
L_suf_ырбаев,-0.44796766299843566
L_pre_кадырб,-0.07097210099171639
L_pre_кадыр,0.03182935541886999
F_suf_аян,-0.3601973484117292
L_suf_анат,-0.40867097306280326
F_pre_рая,-0.06506339505905542
L_suf_қанат,-0.4453738776516663
F_pre_раян,-0.06506339505905542
F_suf_раян,-0.5278420360445133
L_suf_нат,-0.40867097306280326
F_раян,-0.5278420360445133
L_қанат,-0.4453738776516663
L_suf_занов,-0.4436285049754727
F_suf_лдіз,-0.31389730338297694
F_ілдіз,-0.31389730338297694
F_pre_ілдіз,-0.31389730338297694
L_suf_азанов,-0.4436285049754727
L_рамазанов,-0.4436285049754727
F_suf_із,-0.31389730338297694
F_suf_ілдіз,-0.31389730338297694
F_pre_ілді,-0.31389730338297694
F_suf_діз,-0.31389730338297694
F_pre_ілд,-0.30704578507808705
F_pre_алиис,-0.2962651046978513
F_suf_ислам,-0.29055503131759103
L_suf_емес,-0.43774055594444383
L_suf_елемес,-0.43774055594444383
F_pre_алии,-0.2962651046978513
F_алиислам,-0.2962651046978513
F_suf_иислам,-0.2962651046978513
L_suf_мес,-0.43774055594444383
F_pre_алиисл,-0.2962651046978513
L_suf_лемес,-0.43774055594444383
L_елемес,-0.43774055594444383
F_pre_куво,-0.24304125341436358
F_suf_чбек,-0.24304125341436358
F_кувончбек,-0.24304125341436358
F_pre_ку,-0.24304125341436358
F_pre_кув,-0.24304125341436358
F_suf_нчбек,-0.24304125341436358
F_pre_кувонч,-0.24304125341436358
L_suf_рынбай,-0.3755243109818862
F_suf_ончбек,-0.24304125341436358
F_pre_кувон,-0.24304125341436358
L_орынбай,-0.3755243109818862
F_pre_шамил,-0.3388378154472781
F_шамиль,-0.3388378154472781
F_pre_шами,-0.3388378154472781
F_pre_шамиль,-0.3388378154472781
F_suf_шамиль,-0.3388378154472781
F_pre_шам,-0.3388378154472781
L_курманалиев,-0.4104723858297585
L_suf_налиев,-0.3983176143372586
F_алауди,-0.30570183780700183
F_pre_алау,-0.30570183780700183
F_suf_уди,-0.30570183780700183
F_suf_лауди,-0.30570183780700183
F_suf_ауди,-0.30570183780700183
F_pre_алауди,-0.30570183780700183
F_suf_алауди,-0.30570183780700183
F_pre_алауд,-0.30570183780700183
F_suf_нэ,0.33244945378048
F_адинэ,0.33244945378048
F_pre_адинэ,0.33244945378048
F_suf_инэ,0.33244945378048
F_suf_адинэ,0.33244945378048
L_орынбаева,0.48608717722013284
F_suf_динэ,0.33244945378048
F_pre_ісламб,-0.22733623605206996
F_ісламбек,-0.22733623605206996
F_suf_амбек,-0.23781285755512496
F_suf_ламбек,-0.2235387662528668
F_suf_мбек,-0.24113538452391126
F_suf_эль,0.10017095135154304
F_suf_итэль,0.3143815211114121
L_кенжебаева,0.4045739363329811
F_suf_тэль,0.3143815211114121
F_авитэль,0.3143815211114121
F_pre_авитэл,0.3143815211114121
F_pre_авитэ,0.3143815211114121
L_suf_ебаева,0.4329614014987018
F_suf_витэль,0.3143815211114121
F_suf_тізар,0.3578229040908741
F_suf_нтізар,0.3578229040908741
F_pre_інті,0.35036758639592575
L_pre_сулейм,-0.044299293608561864
L_pre_сулей,-0.044299293608561864
F_pre_інтіза,0.3578229040908741
L_suf_менова,0.44382785357451743
F_інтізар,0.3578229040908741
L_pre_суле,-0.044299293608561864
F_pre_інт,0.35036758639592575
F_suf_ізар,0.3578229040908741
F_pre_інтіз,0.3578229040908741
L_сулейменова,0.3492211665866729
L_pre_жакип,0.014545735998094764
L_suf_кипова,0.4449538698443141
L_pre_жакипо,0.014545735998094764
L_жакипова,0.4449538698443141
L_pre_жаки,0.014545735998094764
F_suf_эсмина,0.22727930368538116
L_базарова,0.45251768831846967
F_suf_смина,0.24453927763798727
F_pre_эсмин,0.22727930368538116
F_pre_эсмина,0.22727930368538116
F_эсмина,0.22727930368538116
L_suf_зарбай,-0.45808543352494924
F_suf_ғаффур,-0.2543613495944958
L_базарбай,-0.45808543352494924
F_suf_аффур,-0.2543613495944958
L_suf_арбай,-0.4334912135544789
F_suf_ффур,-0.2543613495944958
F_абдальғаффур,-0.2543613495944958
F_pre_абдаль,-0.24826134997984098
F_suf_фур,-0.2585567056123054
L_тлеубаева,0.4581900330027919
F_suf_айым,0.2772036097829121
F_suf_шайым,0.4038459024608273
F_suf_ншайым,0.4038459024608273
L_pre_тлеу,0.018097527779183598
F_pre_ханша,0.4038459024608273
F_pre_ханшай,0.4038459024608273
F_suf_йым,0.2772036097829121
F_pre_ханш,0.4038459024608273
L_pre_тлеуба,-0.005153502420980088
F_ханшайым,0.4038459024608273
L_pre_тлеуб,0.0047214024410185094
L_pre_тле,0.02207897554815629
L_pre_тл,0.02207897554815629
F_suf_разак,-0.2737977413392031
L_исатаев,-0.4094347528202634
F_suf_азак,-0.2737977413392031
L_pre_исат,0.054085386851065564
L_pre_исатае,0.1371727737176009
F_suf_дразак,-0.30341861040825047
F_абдразак,-0.30341861040825047
L_suf_сатаев,-0.40882292718233887
F_suf_ак,-0.2773259174684873
L_pre_исата,0.054085386851065564
F_suf_зак,-0.2737977413392031
F_pre_абдраз,-0.3373173938842054
F_suf_нсар,-0.4787941798188815
F_pre_інса,0.03169719145064151
L_suf_ыбек,-0.432734112465185
L_pre_қалды,0.020595952369703786
L_pre_қалдыб,0.020595952369703786
F_pre_інс,0.03169719145064151
L_pre_қал,0.008734218791795936
F_pre_інсар,-0.5385160366596821
F_інсар,-0.5385160366596821
F_suf_інсар,-0.5385160366596821
L_suf_лдыбек,-0.44319516691302385
L_pre_қалд,0.020595952369703786
L_қалдыбек,-0.44319516691302385
L_suf_дыбек,-0.44319516691302385
F_suf_дэлия,0.2299081426110597
F_suf_элия,0.2675234315435907
F_pre_адэлия,0.2299081426110597
F_pre_адэли,0.2726412384511595
F_адэлия,0.2299081426110597
F_suf_адэлия,0.2299081426110597
F_pre_адэл,0.27888578712553397
F_suf_зу,-0.013141561487754888
F_suf_арзу,-0.013141561487754888
F_suf_рзу,-0.013141561487754888
F_арзу,-0.013141561487754888
L_pre_кума,-0.0036474482737879777
L_pre_кум,-0.0036474482737879777
L_кумарова,0.4077248904899937
F_suf_тонина,0.44137907097660284
L_suf_марова,0.4585695903367423
L_pre_кумар,-0.0036474482737879777
F_suf_нина,0.3967962754946655
L_pre_кумаро,-0.0036474482737879777
F_антонина,0.44137907097660284
F_suf_онина,0.44137907097660284
L_pre_ташимо,0.029331077223231104
L_pre_ташим,0.029331077223231104
F_suf_агис,0.5703462043302805
F_pre_агис,0.5703462043302805
F_агис,0.5703462043302805
L_pre_таши,0.029331077223231104
L_ташимова,0.47374683718166277
L_pre_таш,-0.0015881072102282951
L_suf_шимова,0.4725224259122127
F_suf_сыр,-0.31664933377704013
F_pre_абунас,-0.24962845326589242
F_pre_абун,-0.24962845326589242
F_suf_унасыр,-0.24962845326589242
F_абунасыр,-0.24962845326589242
F_suf_насыр,-0.31664933377704013
F_pre_абуна,-0.24962845326589242
F_suf_асыр,-0.31664933377704013
F_suf_ртемий,-0.24800897332417465
F_артемий,-0.24800897332417465
F_pre_арт,-0.3138005177601224
F_suf_темий,-0.24800897332417465
F_pre_артем,-0.3099968330127899
F_pre_артеми,-0.24800897332417465
F_pre_арте,-0.3099968330127899
F_suf_емий,-0.24800897332417465
L_рахымжан,-0.45896286770509226
F_suf_мий,-0.24800897332417465
L_suf_хымжан,-0.45896286770509226
F_pre_адэя,0.3719085653250685
F_suf_дэя,0.3719085653250685
L_pre_анарба,0.07578418899910774
F_адэя,0.3719085653250685
L_анарбаева,0.41203620583555284
F_suf_адэя,0.3719085653250685
F_suf_эя,0.3174153840560671
F_suf_нта,0.3180216050790297
F_suf_ента,0.37961538643002685
F_алексавинсента,0.37961538643002685
F_suf_сента,0.37961538643002685
F_suf_нсента,0.37961538643002685
L_тулегенқызы,0.5507077510748242
F_suf_лноза,0.24481134654719727
F_suf_улноза,0.22080279433830413
F_suf_оза,0.30272948156618956
F_pre_гулн,0.2946548533484041
F_suf_ноза,0.258414891402666
F_гулноза,0.22080279433830413
F_pre_гулноз,0.22080279433830413
F_pre_гулно,0.22080279433830413
F_анисия,0.24055376687513336
F_pre_ани,0.20541368060475254
F_pre_анисия,0.24055376687513336
F_suf_нисия,0.24055376687513336
F_pre_аниси,0.24055376687513336
F_pre_анис,0.2820206568768759
F_suf_анисия,0.24055376687513336
F_suf_уаллаһ,-0.25155264651942544
F_pre_аббдуа,-0.25155264651942544
F_аббдуаллаһ,-0.25155264651942544
F_pre_аббду,-0.25155264651942544
F_pre_аббд,-0.25155264651942544
L_pre_аяпов,0.012542495091903591
L_pre_аяп,0.011930001798637329
F_suf_лхайыр,-0.23529457358790135
L_suf_аяпов,-0.3893183281247114
L_pre_аяпо,0.012542495091903591
F_pre_абілх,-0.2590160224008584
L_аяпов,-0.3893183281247114
F_suf_хайыр,-0.23529457358790135
L_suf_япов,-0.3893183281247114
F_pre_абілха,-0.2590160224008584
F_абілхайыр,-0.23529457358790135
F_suf_эмин,-0.459984077659317
L_suf_сұлтан,-0.45831775907662836
L_suf_ұлтан,-0.45831775907662836
L_suf_тан,-0.42530718664935824
L_сұлтан,-0.4190159212846456
F_pre_эм,-0.21546791522719919
F_pre_эмин,-0.459984077659317
F_эмин,-0.459984077659317
L_suf_лтан,-0.45831775907662836
F_pre_эми,-0.21546791522719919
L_pre_мусақ,0.3776580342253489
F_pre_ча,0.34428883381562114
F_suf_чарос,0.34428883381562114
F_pre_чар,0.34428883381562114
F_suf_арос,0.34428883381562114
L_pre_мусақы,0.3776580342253489
F_чарос,0.34428883381562114
F_suf_рос,0.34428883381562114
F_pre_чаро,0.34428883381562114
F_pre_чарос,0.34428883381562114
L_мусақызы,0.3776580342253489
F_pre_арле,-0.3422934754306115
L_suf_ебеков,-0.3761464014783368
F_pre_арлен,-0.3422934754306115
F_арлен,-0.3422934754306115
L_туребеков,-0.33411873349794075
L_pre_туребе,0.007292231630701464
F_suf_рлен,-0.33135886205594917
L_pre_туре,-0.0059214227945693625
F_pre_арл,-0.3401521829853536
L_pre_туреб,-0.0059214227945693625
F_suf_арлен,-0.33135886205594917
L_артыкбаев,-0.4435004802310425
L_pre_арт,-0.027763830533680433
L_pre_артык,-0.027763830533680433
F_pre_абдірә,-0.2421842963429755
F_абдірәсіл,-0.2421842963429755
L_suf_ыкбаев,-0.4435004802310425
F_suf_сіл,-0.2421842963429755
F_suf_әсіл,-0.2421842963429755
F_suf_рәсіл,-0.2421842963429755
L_pre_артыкб,-0.027763830533680433
L_pre_арты,-0.027763830533680433
F_suf_ірәсіл,-0.2421842963429755
F_абдульазиз,-0.2724827248164381
F_pre_абдуль,-0.2724827248164381
F_suf_ьазиз,-0.24605694553901708
F_suf_льазиз,-0.24605694553901708
F_миржалол,-0.26252640588388104
F_pre_миржа,-0.26252640588388104
F_pre_миржал,-0.26252640588388104
F_suf_лол,-0.29910989994220194
F_suf_ржалол,-0.26252640588388104
F_suf_алол,-0.26252640588388104
L_pre_амирбе,0.024792666656594936
L_амирбеков,-0.3622196608644219
F_suf_ол,-0.3385123654993261
F_pre_мирж,-0.26252640588388104
L_pre_амирб,0.024792666656594936
F_suf_жалол,-0.26252640588388104
F_pre_асиля,0.33452828760720194
F_асиля,0.33452828760720194
L_омарова,0.5093005467126749
F_suf_асиля,0.33452828760720194
L_pre_омаров,0.09808670911193561
L_pre_омаро,0.09808670911193561
F_suf_силя,0.33452828760720194
F_suf_дема,0.2629748432950896
L_маратқызы,0.41557591312510983
F_pre_аддема,0.2375033002671186
F_suf_ддема,0.2375033002671186
F_аддема,0.2375033002671186
F_suf_ема,0.26303133556557323
L_pre_маратқ,0.41557591312510983
F_pre_аддем,0.2375033002671186
F_suf_аддема,0.2375033002671186
F_pre_макса,-0.29361845993465135
F_максат,-0.29361845993465135
L_pre_рахм,-0.00712691981412922
L_pre_рахме,0.01958841067050912
F_suf_сат,-0.2935642060180373
F_suf_максат,-0.29361845993465135
F_suf_аксат,-0.29361845993465135
L_pre_рахмет,0.01958841067050912
F_suf_ксат,-0.29361845993465135
F_pre_максат,-0.29361845993465135
L_рахметов,-0.42784416553999727
F_suf_лағыл,0.3142242005663686
L_исмагулова,0.3683170883597344
F_pre_інжула,0.3783031409404146
F_suf_улағыл,0.3142242005663686
F_suf_ағыл,0.3142242005663686
F_suf_ғыл,0.3142242005663686
F_pre_інжул,0.3783031409404146
F_інжулағыл,0.3142242005663686
F_pre_биб,0.27569127588995196
F_suf_йша,0.339911928118163
F_pre_бибиой,0.2425839773400535
F_pre_бибио,0.2425839773400535
L_suf_інқызы,0.3506752149944887
F_suf_ойша,0.32843657295079265
F_suf_биойша,0.2425839773400535
L_pre_еркінқ,0.3506752149944887
F_suf_иойша,0.2425839773400535
L_еркінқызы,0.3506752149944887
F_бибиойша,0.2425839773400535
F_pre_биби,0.27569127588995196
F_абдуллах,-0.5041194640636097
F_suf_дуллах,0.054954777812609726
L_suf_аюпов,-0.3800291331790149
L_аюпов,-0.3800291331790149
L_pre_аюпо,-0.01725036348167474
F_suf_ллах,-0.12539503777309755
F_suf_ах,-0.18663330781509724
L_pre_аюп,-0.01725036348167474
L_suf_юпов,-0.3800291331790149
L_pre_аю,-0.01725036348167474
F_suf_уллах,0.054954777812609726
F_suf_лах,-0.12539503777309755
L_pre_аюпов,-0.01725036348167474
F_suf_ьазим,-0.24808138728240917
F_pre_абдель,-0.281154098628
F_абдельазим,-0.24808138728240917
F_suf_льазим,-0.24808138728240917
L_pre_сатыба,-0.021314236160910743
L_pre_сат,-0.012827780911986811
L_suf_алдина,0.5002030920965873
F_алерия,0.23739816571009034
L_сатыбалдина,0.5002030920965873
L_suf_дина,0.5002030920965873
L_pre_сатыб,-0.021314236160910743
L_suf_лдина,0.5002030920965873
L_pre_саты,-0.021314236160910743
F_pre_алерия,0.23739816571009034
L_suf_қали,-0.5719969677656433
L_pre_серікқ,0.21384413925687756
F_pre_нұрта,-0.2905483676812169
F_suf_ұртас,-0.2905483676812169
F_pre_нұр,-0.20518752072293892
L_suf_ікқали,-0.5062754748033792
F_suf_ртас,-0.2905483676812169
F_suf_нұртас,-0.2905483676812169
F_нұртас,-0.2905483676812169
F_pre_нұрт,-0.2905483676812169
F_pre_нұ,-0.20518752072293892
L_серікқали,-0.5062754748033792
F_pre_нұртас,-0.2905483676812169
L_suf_кқали,-0.5062754748033792
F_suf_тас,0.06359113130741546
L_pre_тусупо,-0.006182393152003335
F_абельхаят,0.34011876124635043
F_pre_абел,0.371387233479175
L_pre_тус,-0.03713663888702241
F_pre_абе,0.371387233479175
F_suf_ьхаят,0.34011876124635043
L_suf_упова,0.4615292141710199
L_pre_тусуп,-0.03713663888702241
F_suf_аят,0.029780637994722026
L_suf_супова,0.4998031477959565
F_pre_абельх,0.34011876124635043
L_pre_тусу,-0.03713663888702241
L_тусупова,0.6258152236856985
F_suf_льхаят,0.34011876124635043
F_pre_абель,0.41425590623853553
F_suf_хаят,0.34011876124635043
L_pre_нұрлы,-0.01906189101644755
F_pre_бегс,-0.2566776265440035
F_бегсултан,-0.2566776265440035
L_suf_рлыбек,-0.41861783984224915
L_нұрлыбек,-0.49250778007544105
L_suf_лыбек,-0.41861783984224915
L_pre_нұрлыб,-0.01906189101644755
F_pre_бегсу,-0.2566776265440035
F_pre_бегсул,-0.2566776265440035
F_suf_арен,-0.3699260688546502
F_suf_рен,-0.3699260688546502
F_карен,-0.3699260688546502
F_pre_кар,-0.05208861062788054
F_pre_карен,-0.3699260688546502
F_pre_каре,-0.3699260688546502
F_suf_карен,-0.3699260688546502
L_suf_дыбай,-0.4343260724634446
L_suf_лдыбай,-0.4343260724634446
L_suf_ыбай,-0.4055257469106006
L_қалдыбай,-0.4442136065197333
F_ізман,-0.3474428001555326
L_курманбеков,-0.39428530071276396
F_pre_ізма,-0.3050937101220202
F_pre_ізман,-0.3474428001555326
F_suf_зман,-0.3474428001555326
F_suf_ізман,-0.3474428001555326
L_аманбаев,-0.4077772025755515
L_pre_сабитқ,0.44406842507489996
F_suf_аана,0.26844363779054703
F_suf_кдаана,0.26844363779054703
L_pre_сабит,0.005110526420159913
F_pre_акдаан,0.26844363779054703
F_акдаана,0.26844363779054703
F_pre_акд,0.05617493383518238
F_pre_акда,0.26571969158922076
L_сабитқызы,0.44406842507489996
F_pre_акдаа,0.26844363779054703
F_suf_даана,0.26844363779054703
L_pre_азама,0.031218398941773435
F_suf_урайым,0.4192502919581149
L_pre_аз,0.023612313533102194
L_азаматқызы,0.4052127911844396
F_suf_райым,0.1204921538380784
L_pre_азам,0.031218398941773435
F_pre_нурайы,0.4192502919581149
F_нурайым,0.4192502919581149
L_pre_аза,0.031218398941773435
F_pre_нурай,0.44586802289969774
L_pre_азамат,0.031218398941773435
F_suf_ззет,0.05416752390296023
L_pre_тура,0.011758269225268732
L_pre_тураро,0.011758269225268732
F_suf_іззет,0.05416752390296023
L_suf_раров,-0.4203820911032565
F_pre_ізз,-0.0617255440857985
F_pre_іззет,0.05416752390296023
F_іззет,0.05416752390296023
L_тураров,-0.4203820911032565
F_suf_зет,0.12872091373787195
L_suf_ураров,-0.4203820911032565
L_pre_турар,0.011758269225268732
F_pre_іззе,0.05416752390296023
L_pre_сырл,-0.006392957555600924
L_pre_сырлы,-0.006392957555600924
F_pre_абдінұ,-0.25931701722538436
F_suf_ұрасыл,-0.26073949469458013
F_абдінұрасыл,-0.23070107767996467
L_сырлыбаев,-0.3912190462081979
F_pre_абдін,-0.2626188908458285
L_pre_сырлыб,-0.006392957555600924
L_pre_сыр,-0.006392957555600924
F_pre_іңкә,0.14643975461996714
F_іңкәрбай,-0.47778979800058297
F_suf_рбай,-0.47778979800058297
F_suf_әрбай,-0.47778979800058297
F_pre_іңкәрб,-0.40437428042177875
F_suf_кәрбай,-0.47778979800058297
F_pre_іңкәр,0.14643975461996714
F_pre_aзэ,0.34079619184096016
F_pre_aзэл,0.34079619184096016
F_suf_зэль,0.34079619184096016
L_pre_уали,0.0070407238141460505
F_aзэль,0.34079619184096016
L_pre_уа,0.0070407238141460505
L_pre_уалих,-0.019331738749527504
L_pre_уалиха,-0.019331738749527504
F_pre_aзэль,0.34079619184096016
F_suf_aзэль,0.34079619184096016
F_pre_aз,0.34079619184096016
L_уалиханқызы,0.371312673519765
L_pre_уал,0.0070407238141460505
F_аина,0.3667783667185585
F_pre_аин,0.3667783667185585
F_pre_аина,0.3667783667185585
F_pre_наза,-0.45250307935719103
F_pre_назар,-0.45250307935719103
F_назар,-0.45250307935719103
F_suf_назар,-0.37854568829412577
F_лилиана,0.20476705427328254
F_pre_лилиа,0.21295632873399903
F_pre_лили,0.23832986936608633
F_pre_лил,0.23832986936608633
F_suf_илиана,0.20476705427328254
F_pre_лилиан,0.21295632873399903
F_pre_абы,-0.0668302975209572
F_suf_былбек,-0.2902688878987534
F_pre_абыл,-0.0668302975209572
L_pre_абл,0.02989566512647589
L_suf_аблаев,-0.42914727874963904
F_pre_абылб,-0.2902688878987534
F_suf_ылбек,-0.3071984257299636
L_pre_абла,0.02989566512647589
L_pre_аблае,0.02989566512647589
F_pre_абылбе,-0.2902688878987534
L_pre_аблаев,0.02989566512647589
L_аблаев,-0.42914727874963904
L_suf_блаев,-0.42914727874963904
F_абылбек,-0.2902688878987534
L_калиева,0.6034276901401271
L_pre_калие,-0.015446564312053315
L_pre_калиев,-0.015446564312053315
L_pre_кали,-0.015446564312053315
L_айтбек,-0.38259359343541016
L_suf_йтбек,-0.38259359343541016
L_suf_тбек,-0.37988267348379534
L_pre_айтбе,0.018491903577112456
L_suf_айтбек,-0.38259359343541016
L_pre_айтбек,0.018491903577112456
F_suf_иамин,-0.29770189148585796
F_pre_вениа,-0.29770189148585796
F_вениамин,-0.29770189148585796
F_suf_ниамин,-0.29770189148585796
F_pre_вен,-0.06505812233045812
F_pre_вениам,-0.29770189148585796
F_pre_вени,-0.29770189148585796
L_suf_кеқызы,0.5085403750705361
L_pre_мере,-0.0317486145727098
L_pre_мерек,-0.0317486145727098
L_pre_мереке,-0.0317486145727098
L_мерекеқызы,0.5085403750705361
L_suf_еқызы,0.5085403750705361
L_pre_мер,-0.0317486145727098
F_suf_захар,-0.5188424853788739
F_pre_за,0.0440908333476509
F_pre_зах,-0.035374156992938915
F_захар,-0.5188424853788739
F_pre_заха,-0.5188424853788739
F_suf_ахар,0.029530804578232574
F_suf_хар,0.12814474951235735
F_pre_захар,-0.5188424853788739
F_suf_іңкәр,-0.2674716192052242
F_suf_кәр,0.06192830595270225
F_suf_ңкәр,-0.0661259374977947
F_іңкәр,-0.2674716192052242
F_анелина,0.23662726123955535
F_pre_анелин,0.23662726123955535
F_pre_анели,0.2388150448482819
F_suf_нелина,0.23662726123955535
L_suf_летов,-0.41856541473408043
L_давлетов,-0.3933807620434934
L_suf_влетов,-0.3933807620434934
F_suf_айлин,0.41813212765611213
F_айлин,0.41813212765611213
L_кунанбаева,0.40438058348071626
L_pre_кунанб,0.05431622350425496
L_pre_куна,0.05431622350425496
F_suf_йлин,0.3944370266267356
F_pre_айли,0.2537394042897698
L_pre_кунан,0.05431622350425496
L_pre_кун,0.05431622350425496
F_pre_айл,0.3182274528176193
F_pre_айлин,0.2537394042897698
F_pre_абэли,0.3174842318072985
L_ким,0.23734988107746918
F_suf_бэлия,0.3174842318072985
L_pre_ким,0.23734988107746918
F_pre_абэл,0.36864762255998534
F_suf_абэлия,0.3174842318072985
F_pre_абэлия,0.3174842318072985
F_pre_абэ,0.36864762255998534
L_suf_ким,0.23734988107746918
F_абэлия,0.3174842318072985
L_pre_ки,0.23734988107746918
F_suf_аврам,-0.4652289575984641
F_suf_рам,-0.34225714167426896
F_pre_аврам,-0.4652289575984641
F_suf_врам,-0.4652289575984641
F_аврам,-0.4652289575984641
F_pre_бибисо,0.26779676372020533
F_suf_бисора,0.26779676372020533
F_suf_сора,0.26393476150727574
F_suf_исора,0.26779676372020533
F_pre_бибис,0.26779676372020533
F_бибисора,0.26779676372020533
F_suf_лейтис,0.338494630114221
F_алейтис,0.338494630114221
F_pre_алейти,0.338494630114221
F_suf_тис,0.338494630114221
F_suf_ейтис,0.338494630114221
F_pre_алей,0.338494630114221
F_suf_йтис,0.338494630114221
F_pre_алейт,0.338494630114221
F_алан,-0.7155391656615727
F_pre_пётр,-0.34480803439868335
F_suf_тр,-0.36462276678953937
F_пётр,-0.34480803439868335
F_pre_пёт,-0.34480803439868335
L_кыстаубаев,-0.44143819608476215
F_suf_ётр,-0.34480803439868335
F_suf_пётр,-0.34480803439868335
F_pre_пё,-0.34480803439868335
L_suf_лла,-0.4840010012204932
L_suf_дулла,-0.4709977013477919
L_suf_бдулла,-0.40038685271729674
L_абдулла,-0.40038685271729674
L_suf_ла,-0.4840010012204932
L_suf_улла,-0.4840010012204932
L_pre_жусуп,-0.0474510542465727
L_suf_усупов,-0.35219190219665675
L_pre_жусу,-0.0474510542465727
L_pre_жус,-0.025283336996118216
L_жусупов,-0.34090304695332563
L_pre_жусупо,-0.0474510542465727
F_suf_адэлят,0.2833180051114119
F_pre_адэлят,0.2833180051114119
L_айтжанова,0.5612758625455257
F_pre_адэля,0.28594010373709433
F_suf_дэлят,0.2833180051114119
F_suf_элят,0.2833180051114119
F_адэлят,0.2833180051114119
F_suf_абима,0.32242446466209423
L_сейтжанқызы,0.3943760152957292
F_suf_бима,0.32242446466209423
F_pre_абима,0.32242446466209423
F_абима,0.32242446466209423
F_suf_има,0.3116459061239136
F_pre_абим,0.32242446466209423
F_pre_мухли,0.3261087391344307
F_suf_лиса,0.36530456455372445
F_мухлиса,0.3261087391344307
F_pre_мухлис,0.3261087391344307
F_suf_ухлиса,0.3261087391344307
L_жумабаева,0.4191249258001505
F_suf_хлиса,0.3261087391344307
F_pre_мухл,0.3261087391344307
F_suf_ндрей,-0.35806490197170293
F_suf_андрей,-0.35806490197170293
F_андрей,-0.35806490197170293
F_suf_дрей,-0.35806490197170293
L_suf_забаев,-0.3783946309393961
L_мырзабаев,-0.3783946309393961
F_pre_андрей,-0.35806490197170293
F_габриэль,-0.3375393057971482
F_suf_иэль,-0.4285806794131847
F_suf_риэль,-0.3375393057971482
F_suf_бриэль,-0.3375393057971482
L_pre_рыскул,0.024590842874925058
L_рыскулов,-0.45317571532716583
F_pre_абдул ,-0.2778359116147455
F_suf_арим,-0.37524992731967716
L_suf_скулов,-0.45317571532716583
L_suf_кулов,-0.4245914791389991
F_абдул карим,-0.2778359116147455
F_suf_карим,-0.37524992731967716
F_suf_ карим,-0.2778359116147455
L_pre_рыску,0.024590842874925058
L_pre_рыск,0.024590842874925058
L_pre_касено,0.045732540549558574
L_pre_касе,0.045732540549558574
L_касенов,-0.5625566101943775
L_pre_касен,0.045732540549558574
F_pre_аилан,0.2172488608942888
L_сүлейменова,0.40535435296123046
F_pre_аилана,0.2172488608942888
F_suf_аилана,0.2172488608942888
F_pre_аил,0.3113001084472675
F_pre_аила,0.2172488608942888
F_аилана,0.2172488608942888
F_suf_лшод,-0.3992994677891584
F_suf_шод,-0.3992994677891584
F_suf_дилшод,-0.3992994677891584
F_дилшод,-0.3992994677891584
F_suf_илшод,-0.3992994677891584
L_бисенова,0.391663882875422
F_suf_қар,-0.09750376258622168
L_pre_бисено,0.00030046519234794685
F_pre_інқар,0.4298870896725021
F_suf_нқар,0.4298870896725021
F_інқар,0.4298870896725021
F_pre_інқа,0.4298870896725021
F_pre_інқ,0.3799590042158574
F_suf_інқар,0.4298870896725021
F_suf_диана,0.27785520992838625
F_pre_адиана,0.2195117110325013
L_pre_қасы,-0.013446043297249898
L_pre_қас,-0.013446043297249898
L_pre_қасым,-0.013446043297249898
L_қасымханқызы,0.4574017248086023
L_pre_қасымх,-0.020493090291338764
F_pre_адиа,0.3215613109947583
F_адиана,0.2195117110325013
F_suf_адиана,0.2195117110325013
F_pre_адиан,0.2936011518737683
F_suf_хип,-0.31279059051395186
F_suf_ип,-0.31279059051395186
F_pre_арх,-0.32755074899282305
L_pre_альжа,-0.0020084844459718875
L_pre_альжан,-0.0020084844459718875
L_альжанов,-0.35735408956273984
F_pre_архи,-0.31279059051395186
L_pre_аль,-0.0020084844459718875
F_pre_архип,-0.31279059051395186
F_suf_архип,-0.31279059051395186
F_suf_рхип,-0.31279059051395186
L_pre_альж,-0.0020084844459718875
L_suf_ьжанов,-0.35735408956273984
F_архип,-0.31279059051395186
F_аймира,0.22854427359502497
F_suf_ймира,0.22854427359502497
F_pre_аймир,0.22854427359502497
F_pre_аймира,0.22854427359502497
F_suf_аймира,0.22854427359502497
F_pre_айми,0.22854427359502497
F_pre_пер,0.33357879626650017
F_pre_пери,0.33357879626650017
F_pre_периз,0.33357879626650017
F_suf_изат,0.33357879626650017
L_жаңбырбаева,0.36527480582196
F_pre_периза,0.33357879626650017
F_pre_пе,0.008109248053458064
F_suf_еризат,0.33357879626650017
F_suf_ризат,0.33357879626650017
F_перизат,0.33357879626650017
L_suf_ушев,-0.3655830050813033
L_pre_мукуш,-0.010130053924290453
L_pre_мукуше,-0.010130053924290453
L_мукушев,-0.3655830050813033
L_suf_укушев,-0.3655830050813033
L_pre_муку,-0.010130053924290453
L_suf_кушев,-0.3655830050813033
L_тулепова,0.4220083951075516
F_pre_мали,-0.07403834843855772
F_малика,0.34683386903531993
F_pre_малика,0.34683386903531993
F_suf_алика,0.3965056385146341
F_suf_малика,0.34683386903531993
F_pre_малик,-0.07403834843855772
L_pre_тулепо,0.00025030603494293553
L_suf_лепова,0.4220083951075516
F_pre_раш,-0.32923783956531316
L_suf_емиров,-0.40786318358710083
L_темиров,-0.3871439277137279
L_pre_темиро,-0.01348961715973652
F_pre_раши,-0.32923783956531316
F_рашит,-0.3196260823161523
F_suf_рашит,-0.3196260823161523
L_suf_миров,-0.4119765524697797
F_suf_ашит,-0.3196260823161523
F_pre_рашит,-0.3196260823161523
F_suf_шит,-0.3196260823161523
L_suf_житова,0.4185182533266905
L_pre_мажи,-0.02164996004791636
L_pre_мажит,-0.02164996004791636
L_мажитова,0.4185182533266905
L_pre_мажито,-0.02164996004791636
L_suf_итова,0.4316219922807308
L_pre_маж,-0.02164996004791636
L_pre_кене,-0.02571910619724046
L_pre_кенесо,-0.02571910619724046
L_suf_есова,0.48623577593565476
L_кенесова,0.42160790256830155
L_suf_несова,0.42160790256830155
L_pre_кенес,-0.02571910619724046
L_suf_збаев,-0.45143901965995775
L_suf_ызбаев,-0.4675266707198161
L_наурызбаев,-0.5131947071575924
F_pre_абдур ,-0.39954367042426947
L_pre_вали,0.005413995000676409
L_pre_ва,0.005413995000676409
F_абдур рахман,-0.39954367042426947
L_pre_валие,0.005413995000676409
L_suf_валиев,-0.36321577779683634
L_pre_валиев,0.005413995000676409
L_валиев,-0.36321577779683634
L_pre_вал,0.005413995000676409
F_pre_арсел,-0.4060339912232492
L_suf_кимов,-0.3942210688967769
F_pre_арс,-0.29853841372044404
F_pre_арсе,-0.3089006938068327
L_pre_какимо,-0.005522963749671761
L_какимов,-0.3628169756686388
L_pre_каки,-0.005522963749671761
F_suf_рсель,-0.4060339912232492
L_suf_акимов,-0.3942210688967769
L_pre_как,0.00811684328647007
F_арсель,-0.4060339912232492
F_suf_арсель,-0.4060339912232492
L_pre_каким,-0.005522963749671761
F_pre_арсель,-0.4060339912232492
F_suf_сель,-0.013791409398259097
F_pre_алекси,-0.04123192441798618
F_suf_лексий,-0.42338159711332823
F_алексий,-0.42338159711332823
L_suf_апаров,-0.4195318930761128
L_жапаров,-0.3820738944215568
F_suf_ексий,-0.42338159711332823
F_suf_сий,-0.3139165265018868
F_suf_ксий,-0.42338159711332823
L_suf_паров,-0.4195318930761128
F_suf_тби,-0.3162621964077953
F_ізетби,-0.3162621964077953
F_suf_ізетби,-0.3162621964077953
L_suf_ашимов,-0.4137255943363115
F_suf_етби,-0.3162621964077953
L_suf_шимов,-0.4137255943363115
L_ташимов,-0.4491939353359569
F_pre_ізетб,-0.30151718225810276
F_suf_зетби,-0.3162621964077953
F_pre_ізетби,-0.3162621964077953
L_сәрсенбекқызы,0.42754770972505285
F_pre_зин,0.2254126357126255
F_suf_наида,0.2254126357126255
L_pre_ахметк,0.07083824562279163
F_pre_зина,0.2254126357126255
F_pre_зи,0.251949379726296
F_pre_зинаид,0.2254126357126255
F_pre_зинаи,0.2254126357126255
L_ахметкалиева,0.5055020672312556
F_suf_инаида,0.2254126357126255
F_зинаида,0.2254126357126255
F_suf_әрә,0.302537235993055
F_іңкәрә,0.302537235993055
F_suf_кәрә,0.302537235993055
L_амирбекова,0.4865362208526651
F_suf_ңкәрә,0.302537235993055
F_suf_іңкәрә,0.302537235993055
F_pre_іңкәрә,0.302537235993055
F_suf_рә,0.302537235993055
L_pre_мамаев,0.009361091098047707
L_pre_мамае,0.009361091098047707
L_pre_мама,0.009361091098047707
L_suf_амаев,-0.46601022473451664
L_pre_мам,0.010731930016188017
L_мамаев,-0.46601022473451664
L_suf_мамаев,-0.46601022473451664
L_suf_маев,-0.46601022473451664
F_абдималик,-0.21967867644617656
F_suf_ималик,-0.21967867644617656
L_омарбеков,-0.3297812081590188
F_suf_абадан,-0.26181237443931255
F_suf_бадан,-0.26181237443931255
F_pre_абад,-0.22032126038480643
F_pre_абада,-0.29657766015119325
F_pre_абадан,-0.26181237443931255
F_абадан,-0.26181237443931255
L_pre_омарбе,-0.0018591202015150476
L_pre_омарб,-0.0018591202015150476
F_suf_адан,-0.26181237443931255
F_pre_роз,0.32977421017968395
F_pre_роза,0.3477070307443056
F_роза,0.4383782491296452
F_suf_роза,0.4383782491296452
L_pre_аг,-0.03473482659505677
L_pre_агиб,-0.03473482659505677
L_pre_агиба,-0.03473482659505677
L_pre_аги,-0.03473482659505677
L_агибаева,0.44280926992547115
L_pre_агибае,-0.03473482659505677
L_suf_ибаева,0.4248714171094299
F_pre_абайну,-0.4130025341983039
F_suf_йнур,0.1626414439382977
F_suf_айнур,0.1626414439382977
F_pre_абайн,-0.3883890961324474
F_абайнур,-0.4130025341983039
F_suf_байнур,-0.4130025341983039
F_suf_нэль,0.3688179928829344
F_анэль,0.3688179928829344
L_канаева,0.4677206947661195
L_pre_кан,0.005072913872867256
F_pre_анэ,0.3688179928829344
L_suf_наева,0.4457062932291014
L_pre_канаев,0.015232383892886236
L_pre_канае,0.015232383892886236
F_pre_анэль,0.3688179928829344
L_suf_анаева,0.4457062932291014
F_suf_анэль,0.3688179928829344
F_pre_анэл,0.3688179928829344
L_pre_кана,0.005072913872867256
F_pre_айди,-0.1169893695499532
F_suf_йдин,-0.5263779578588598
L_садық,-0.45199950538717265
L_suf_дық,-0.4399069707733141
F_pre_айдин,-0.1169893695499532
F_suf_айдин,-0.5263779578588598
L_suf_адық,-0.45199950538717265
F_айдин,-0.5263779578588598
L_suf_садық,-0.45199950538717265
F_suf_лнур,0.3461281454813022
F_suf_улнур,0.3461281454813022
L_куанышева,0.43635188331796726
F_pre_гулнур,0.3461281454813022
L_suf_ышева,0.43635188331796726
F_suf_гулнур,0.3461281454813022
L_suf_нышева,0.43635188331796726
F_гулнур,0.3461281454813022
F_pre_гулну,0.3461281454813022
L_ізбасар,-0.421282176038188
L_suf_басар,-0.42434363914944745
L_suf_сар,-0.42434363914944745
F_suf_имажит,-0.24882320686827075
L_suf_збасар,-0.421282176038188
F_абдимажит,-0.24882320686827075
L_suf_асар,-0.42434363914944745
L_suf_реке,-0.4214753500119166
F_pre_оз,0.029792946978009358
F_pre_озодб,-0.3385628618836071
F_suf_одбек,-0.38522271413600456
F_pre_озо,0.029792946978009358
F_pre_озодбе,-0.3385628618836071
L_suf_ереке,-0.4214753500119166
F_озодбек,-0.3385628618836071
L_мереке,-0.4214753500119166
F_pre_озод,0.029792946978009358
L_suf_еке,-0.4214753500119166
L_suf_ке,-0.4214753500119166
F_suf_зодбек,-0.3385628618836071
L_suf_мереке,-0.4214753500119166
F_suf_ариам,0.31615112788086464
F_suf_риам,0.31615112788086464
F_suf_мариам,0.31615112788086464
F_suf_иам,0.31615112788086464
F_інжумариам,0.31615112788086464
F_suf_айжан,0.12624364970757418
L_pre_аширов,-0.001422934684635454
L_suf_аширов,-0.43660165089723435
L_аширов,-0.43660165089723435
L_pre_аширо,-0.001422934684635454
F_pre_абайж,-0.4024433141728494
F_pre_абайжа,-0.4024433141728494
F_suf_байжан,-0.4024433141728494
F_абайжан,-0.4024433141728494
F_suf_йжан,0.12624364970757418
L_suf_широв,-0.43660165089723435
L_suf_пбеков,-0.5038505415799401
L_pre_тусупб,-0.06379367086174383
L_тусупбеков,-0.5038505415799401
F_артем,-0.3698518328022878
F_suf_артем,-0.3698518328022878
L_suf_банов,-0.411538322547037
F_suf_тем,-0.3461989410379153
L_suf_рбанов,-0.411538322547037
F_suf_ртем,-0.3698518328022878
L_курбанов,-0.411538322547037
F_іләс,-0.37183910851759044
F_suf_әс,-0.37183910851759044
F_suf_іләс,-0.37183910851759044
F_pre_ілә,-0.37183910851759044
F_pre_іләс,-0.37183910851759044
F_suf_ләс,-0.37183910851759044
F_suf_исалам,-0.25252744945025063
F_suf_алам,-0.27704711290081463
F_suf_салам,-0.2503296784444023
F_абдисалам,-0.25252744945025063
L_сейтжан,-0.3518515161439648
L_suf_ейтжан,-0.3518515161439648
L_suf_йтжан,-0.3707964030358176
L_pre_шалаб,0.012742236885248536
L_pre_шалаба,0.012742236885248536
F_pre_абіла,-0.24890455093780686
L_pre_шал,0.012742236885248536
L_pre_шала,0.012742236885248536
F_suf_хад,-0.24890455093780686
F_абілахад,-0.24890455093780686
L_шалабаев,-0.4697969324975553
F_suf_ілахад,-0.24890455093780686
F_suf_ахад,-0.24890455093780686
F_pre_абілах,-0.24890455093780686
F_suf_лахад,-0.24890455093780686
F_аббассақы,-0.2532326986717148
F_suf_ссақы,-0.2532326986717148
F_pre_аббас,-0.2741784383731906
F_suf_ассақы,-0.2532326986717148
F_suf_қы,-0.2532326986717148
F_pre_аббасс,-0.2532326986717148
F_suf_ақы,-0.2532326986717148
F_suf_сақы,-0.2532326986717148
F_pre_абба,-0.29589053960122724
F_suf_левани,-0.2975459121767064
L_маханбет,-0.3840180080760932
F_левани,-0.2975459121767064
F_pre_лева,-0.3547296273880538
L_suf_анбет,-0.3840180080760932
L_pre_маханб,-0.04154600506066006
L_pre_махан,-0.014708304588260855
L_suf_нбет,-0.3840180080760932
F_suf_вани,-0.2975459121767064
F_pre_левани,-0.2975459121767064
F_pre_леван,-0.3547296273880538
F_suf_евани,-0.2975459121767064
L_suf_ханбет,-0.3840180080760932
F_suf_абигел,0.3783409676277747
F_suf_бигел,0.3783409676277747
L_нурлыбаева,0.4285058225461006
F_абигел,0.3783409676277747
F_suf_игел,0.3783409676277747
F_suf_ко,0.05797909203383424
F_pre_алико,-0.5419558722895274
F_pre_алик,-0.20242085109787816
F_алико,-0.5419558722895274
F_suf_лико,-0.5419558722895274
F_suf_алико,-0.5419558722895274
F_suf_ико,0.05797909203383424
F_suf_уерт,0.4170260792105283
F_suf_руерт,0.4170260792105283
F_меруерт,0.4170260792105283
F_suf_еруерт,0.4170260792105283
L_pre_берікқ,0.37212757207722447
F_pre_меру,0.4170260792105283
F_pre_мер,0.012535492463823466
F_pre_меруер,0.4170260792105283
F_pre_меруе,0.4170260792105283
L_берікқызы,0.37212757207722447
F_pre_адилин,0.2534379399830104
F_suf_дилина,0.2534379399830104
F_адилина,0.2534379399830104
F_suf_ст,-0.3191105692140986
F_suf_рнест,-0.24463503001067935
F_эрнест,-0.24463503001067935
F_suf_ест,-0.24463503001067935
F_pre_эрнес,-0.24463503001067935
F_suf_нест,-0.24463503001067935
F_pre_эрнест,-0.24463503001067935
F_suf_эрнест,-0.24463503001067935
F_pre_эрне,-0.24463503001067935
F_pre_эрн,-0.24463503001067935
F_suf_гінұр,-0.3487026547687018
F_ізгінұр,-0.3487026547687018
F_pre_ізгінұ,-0.3487026547687018
F_suf_інұр,-0.29841935131939973
L_suf_ұрлан,-0.45410675146500684
F_suf_згінұр,-0.3487026547687018
L_нұрлан,-0.45410675146500684
L_suf_рлан,-0.4364891109330909
L_suf_лан,-0.43856206551665067
L_suf_нұрлан,-0.45410675146500684
F_абдумалик,-0.22963656372690347
F_suf_умалик,-0.22963656372690347
L_смагулов,-0.3641519016188251
F_pre_иван,-0.3915639110706966
F_suf_ван,-0.1601079678120734
F_pre_ива,-0.3915639110706966
F_suf_иван,-0.3915639110706966
F_pre_ив,-0.3915639110706966
F_иван,-0.3915639110706966
F_pre_радом,-0.2943064335883295
F_pre_радо,-0.2943064335883295
F_pre_радоми,-0.2943064335883295
F_радомир,-0.2943064335883295
F_suf_домир,-0.2943064335883295
F_suf_адомир,-0.2943064335883295
L_pre_нурсе,-0.012704669002036817
L_нурсеитова,0.4048683663905333
F_pre_мо,0.06351776940508982
L_pre_нурсеи,-0.012704669002036817
L_pre_нурс,-0.012704669002036817
F_suf_охинур,0.39304494561879366
F_pre_мохину,0.39304494561879366
F_pre_мох,0.39304494561879366
F_мохинур,0.39304494561879366
F_suf_хинур,0.39304494561879366
F_pre_мохи,0.39304494561879366
F_pre_мохин,0.39304494561879366
L_suf_еитова,0.433780081162794
L_suf_ұл,-0.3972699192806377
L_suf_мағұл,-0.3972699192806377
L_жұмағұл,-0.4154235089640495
L_pre_жұмағұ,0.032511476674975004
L_pre_жұмағ,-0.024683471361342163
L_suf_ғұл,-0.3972699192806377
F_pre_абдурр,-0.045570422077324126
F_suf_ррохим,-0.3248103276054687
L_suf_ұмағұл,-0.4154235089640495
F_абдуррохим,-0.3248103276054687
L_suf_ағұл,-0.3972699192806377
F_pre_ёркина,0.2818790005431777
F_suf_ркинай,0.2818790005431777
F_pre_ёрк,0.2818790005431777
F_suf_най,0.31080803213018615
F_ёркинай,0.2818790005431777
F_suf_кинай,0.2818790005431777
F_pre_ёр,0.2760377182376952
F_suf_инай,0.2909376964888298
F_pre_ёркин,0.2818790005431777
F_pre_ёрки,0.2818790005431777
F_pre_арафа,0.3509394144362313
F_pre_араф,0.3509394144362313
L_pre_карабе,-0.011256757882982405
F_pre_арафат,0.3509394144362313
F_suf_афат,0.3509394144362313
F_pre_ара,0.1659604645205225
F_suf_арафат,0.3509394144362313
F_suf_фат,0.17635920904061908
F_suf_рафат,0.3509394144362313
F_арафат,0.3509394144362313
L_карабекова,0.38390041849111656
L_бауржанқызы,0.43050351445480545
F_абдулло,-0.3191064377591691
F_suf_дулло,-0.3191064377591691
L_pre_ермек,-0.024966008700023204
L_pre_ермеко,0.07644408001218772
F_suf_бдулло,-0.3191064377591691
L_suf_меков,-0.4232970512466375
F_suf_лло,-0.3191064377591691
L_pre_ерме,-0.024966008700023204
L_suf_рмеков,-0.4232970512466375
L_ермеков,-0.4232970512466375
F_suf_улло,-0.3191064377591691
L_pre_берда,0.013784177933438864
L_pre_берд,-0.010449898987873619
L_pre_бердал,0.013784177933438864
L_бердалиева,0.3957983443340948
L_еркінбекқызы,0.36970263628544864
F_pre_вера,0.39561264958073356
F_suf_вера,0.39561264958073356
F_suf_ера,0.3372764616607729
F_вера,0.39561264958073356
F_айкөл,0.33639758448641816
F_suf_көл,0.33639758448641816
F_pre_айкө,0.3032074017506164
F_suf_өл,0.33639758448641816
F_suf_айкөл,0.33639758448641816
L_төлегенова,0.3381817196149356
F_pre_айкөл,0.33639758448641816
F_suf_йкөл,0.33639758448641816
F_suf_сафия,0.2635653595893454
F_сафия,0.33921462328055807
L_pre_батыро,0.07733255066055666
L_suf_ырова,0.4606954638752775
L_suf_тырова,0.41807140211194727
L_батырова,0.41807140211194727
F_pre_сафи,0.2861994614631961
F_pre_саф,0.2861994614631961
F_pre_сафия,0.33921462328055807
F_suf_лета,0.2942630496089462
F_suf_иолета,0.23051737001232117
F_suf_олета,0.23051737001232117
L_адильбекова,0.3501508801369528
F_suf_ета,0.29225653067423685
F_виолета,0.23051737001232117
F_suf_ьвира,0.2783579221805686
F_suf_вира,0.2783579221805686
F_эльвира,0.2783579221805686
F_pre_эльвир,0.2783579221805686
F_pre_эльв,0.2783579221805686
L_куанова,0.45325573715028694
F_pre_эльви,0.2783579221805686
F_suf_львира,0.2783579221805686
L_suf_уанова,0.45325573715028694
L_pre_жана,0.008896961427220143
L_жанат,-0.3761311858268562
F_pre_арсен,-0.27339198264994585
F_suf_нтий,-0.24289847033231057
F_suf_ентий,-0.24289847033231057
F_suf_сентий,-0.24289847033231057
L_pre_жанат,-0.03871538528862914
F_pre_арсент,-0.24289847033231057
F_suf_тий,-0.24289847033231057
L_suf_жанат,-0.3761311858268562
F_арсентий,-0.24289847033231057
L_калдыбаев,-0.35833139391026475
F_suf_айби,-0.28525211680514784
F_pre_абайби,-0.28525211680514784
F_suf_йби,-0.28525211680514784
F_suf_абайби,-0.28525211680514784
F_pre_абайб,-0.2546404140675853
F_suf_байби,-0.28525211680514784
F_абайби,-0.28525211680514784
L_suf_дыбаев,-0.3499947355220278
L_suf_руллин,-0.4204177035652864
F_suf_іхалих,-0.225563424524761
L_хайруллин,-0.4204177035652864
L_pre_хайр,-0.008160815016397899
F_suf_халих,-0.225563424524761
L_pre_хайрул,-0.008160815016397899
F_абдіхалих,-0.225563424524761
L_pre_хайру,-0.008160815016397899
L_pre_хай,-0.008160815016397899
F_pre_лина,0.377270582222982
F_лина,0.377270582222982
F_pre_лин,0.377270582222982
L_қыдырбай,-0.42805551406763054
L_pre_қыд,-0.004117532221607156
L_pre_қыдырб,-0.004117532221607156
L_pre_қыдыр,-0.004117532221607156
L_pre_қы,-0.004117532221607156
L_pre_қыды,-0.004117532221607156
L_suf_дырбай,-0.42805551406763054
L_pre_усено,0.002141065309738093
L_pre_усе,-0.010593732085292582
L_усенов,-0.3564874564809799
L_pre_усен,0.005052077374360433
L_pre_усенов,0.002141065309738093
L_suf_усенов,-0.3564874564809799
L_suf_бақыт,-0.38677649875998016
F_suf_сқар,-0.31333209657708977
F_қалиасқар,-0.27034580987305273
F_pre_қа,-0.11584897216058086
L_suf_қыт,-0.38677649875998016
F_pre_қалиа,-0.27034580987305273
L_бақыт,-0.38677649875998016
F_suf_асқар,-0.31333209657708977
L_suf_ыт,-0.4113764747464546
F_pre_қали,-0.27034580987305273
F_pre_қал,-0.27034580987305273
F_suf_иасқар,-0.31333209657708977
L_suf_ақыт,-0.38677649875998016
F_pre_қалиас,-0.27034580987305273
L_аман,-0.5536164948969132
F_ильхам,-0.27161689285005913
F_suf_хам,-0.29602948535710855
F_pre_ильх,-0.27161689285005913
F_pre_ильха,-0.27161689285005913
F_pre_ил,-0.13611947863522603
F_suf_льхам,-0.27161689285005913
F_suf_ильхам,-0.27161689285005913
F_pre_иль,-0.21874580260434484
F_pre_ильхам,-0.27161689285005913
F_suf_ьхам,-0.27161689285005913
F_suf_га,0.32751516371702954
F_pre_инга,0.35012316113800107
F_suf_нга,0.35012316113800107
L_pre_ереже,-0.0013049324703383904
F_suf_инга,0.35012316113800107
L_pre_ере,-0.0013049324703383904
L_pre_ереж,-0.0013049324703383904
L_ережепова,0.39754837741271276
F_pre_инг,0.35012316113800107
F_инга,0.35012316113800107
L_pre_ережеп,-0.0013049324703383904
L_suf_жепова,0.39754837741271276
L_pre_сапар,-0.01675908760723885
L_suf_иқызы,0.3911304724663715
L_сапарғалиқызы,0.4470334091103492
L_pre_сапа,-0.01675908760723885
L_pre_сапарғ,0.019265680563656153
L_pre_сап,-0.01675908760723885
L_suf_лиқызы,0.3965683419672604
F_pre_иолант,0.23574520717582506
L_pre_гума,0.00881008207536529
L_pre_гумаро,0.00881008207536529
F_suf_ланта,0.23574520717582506
L_гумарова,0.46202529563835193
F_pre_иолан,0.23574520717582506
L_pre_гу,0.00881008207536529
F_pre_ио,0.23574520717582506
L_pre_гум,0.00881008207536529
F_suf_оланта,0.23574520717582506
F_иоланта,0.23574520717582506
F_pre_иол,0.23574520717582506
F_pre_иола,0.23574520717582506
L_pre_гумар,0.00881008207536529
F_suf_анта,0.23574520717582506
L_pre_сағ,-0.006800136821466002
L_pre_сағынт,-0.011996146259773173
L_сағынтай,-0.4417546037694996
L_pre_сағын,0.002410279854745211
L_pre_сағы,0.002410279854745211
L_suf_ынтай,-0.4417546037694996
L_suf_ғынтай,-0.4417546037694996
F_pre_іскен,-0.2698847264129941
F_suf_еджан,-0.268598159432993
F_pre_іск,-0.25703830300504776
F_suf_меджан,-0.268598159432993
F_іскендірмұхамеджан,-0.26987176091382314
F_suf_джан,-0.3015187504170433
F_pre_іске,-0.2698847264129941
F_pre_іскенд,-0.2698847264129941
F_suf_іай,0.29280414885890044
F_pre_адеміа,0.29280414885890044
F_pre_адемі,0.3023855468176639
F_suf_міай,0.29280414885890044
F_suf_еміай,0.29280414885890044
F_suf_деміай,0.29280414885890044
F_адеміай,0.29280414885890044
F_suf_ рахим,-0.25447802455509566
L_suf_етбаев,-0.5056048097624967
L_даулетбаев,-0.5056048097624967
F_абди рахим,-0.25447802455509566
F_pre_абди р,-0.25447802455509566
L_suf_тбаев,-0.4739052489046661
F_pre_абди ,-0.25447802455509566
L_наурызбаева,0.36104008218996136
F_айару,0.3130173599675029
F_pre_айа,0.3130173599675029
F_suf_ару,0.3163073075334817
F_suf_ру,0.3102055777764631
F_pre_айару,0.3130173599675029
F_suf_айару,0.3130173599675029
F_pre_айар,0.3130173599675029
F_suf_йару,0.3163073075334817
F_pre_каныке,0.3270167556044108
L_оралбаева,0.4806816556757894
F_suf_ныкей,0.3270167556044108
F_pre_каны,0.31210180443996527
F_suf_аныкей,0.3270167556044108
F_pre_кан,0.31210180443996527
F_suf_кей,0.3270167556044108
F_pre_канык,0.3270167556044108
L_pre_оралба,0.03209598392720251
F_каныкей,0.3270167556044108
F_suf_ыкей,0.3270167556044108
F_pre_абатб,-0.2607188134049059
F_абатбек,-0.2607188134049059
F_suf_тбек,-0.25965061253386706
F_suf_атбек,-0.253968374451541
F_pre_абатбе,-0.2607188134049059
L_suf_аңабай,-0.4640550846026858
L_suf_ңабай,-0.4640550846026858
L_жаңабай,-0.4640550846026858
F_suf_батбек,-0.2607188134049059
F_адар,0.7744201012329857
L_pre_аманқ,0.10407656585638819
F_pre_адар,0.3830012314054986
L_аманқызы,0.3656580010841958
L_pre_аманқы,0.3656580010841958
F_suf_адар,0.7744201012329857
L_pre_мукан,0.07132347969222191
F_suf_уһар,0.48836391558863
F_pre_ілімж,0.09561937659846584
F_pre_ілімжа,0.09561937659846584
L_муканова,0.4425036079425261
L_pre_мукано,0.07132347969222191
F_suf_жауһар,0.48836391558863
F_pre_ілім,0.16011750618732698
L_suf_канова,0.4340068300800831
F_ілімжауһар,0.48836391558863
F_pre_ілі,0.01303124473599218
F_suf_һар,0.48836391558863
F_suf_ауһар,0.48836391558863
F_pre_азодох,0.37041959340314
F_pre_азод,0.37041959340314
F_suf_охан,0.37041959340314
F_pre_азо,0.37041959340314
F_азодохан,0.37041959340314
F_suf_дохан,0.37041959340314
L_базарбекқызы,0.374311660744662
F_pre_азодо,0.37041959340314
F_suf_одохан,0.37041959340314
F_pre_давида,-0.3024480915532789
L_suf_рікбай,-0.4316941257518323
F_pre_дав,-0.23081772028741449
F_suf_авидас,-0.3024480915532789
L_берікбай,-0.47397454436012204
L_suf_кбай,-0.4104770622949021
F_давидас,-0.3024480915532789
F_suf_видас,-0.3024480915532789
F_suf_дас,0.09877519738533753
F_pre_давид,-0.31709981098298196
F_suf_идас,-0.3024480915532789
F_pre_дави,-0.31709981098298196
L_suf_ікбай,-0.4316941257518323
L_джумагалиева,0.4726838592906479
L_pre_бақытж,-0.0035219721225192963
F_suf_алтин,0.4651433445534943
F_pre_алтин,0.4651433445534943
F_алтин,0.4651433445534943
F_pre_алти,0.4651433445534943
F_suf_лтин,0.4651433445534943
L_бақытжанқызы,0.38043707509117414
L_абуова,0.40247197399677187
F_suf_шахар,0.3616392291795912
F_suf_йшахар,0.3616392291795912
L_suf_уова,0.4245876533945397
L_pre_абуов,0.012212405656257072
F_pre_айшах,0.33038586048964613
L_pre_абуо,0.012212405656257072
L_pre_абуова,0.40247197399677187
L_suf_буова,0.40247197399677187
F_айшахар,0.3616392291795912
L_suf_абуова,0.40247197399677187
L_pre_абу,-0.011476606330833162
F_pre_айшаха,0.3616392291795912
F_тахир,-0.36664153404163025
F_suf_ахир,-0.36664153404163025
F_pre_тахир,-0.36664153404163025
F_pre_тахи,-0.36664153404163025
F_suf_тахир,-0.36664153404163025
F_pre_тах,-0.03817078028550449
F_suf_хир,-0.3113462370840804
L_сейткалиева,0.35658252444303457
L_жалғасқызы,0.42914610479153575
L_suf_асқызы,0.44421816649399676
L_сатаева,0.42000723919006216
L_pre_сатае,0.009902152139061492
L_pre_сатаев,0.009902152139061492
L_pre_сата,0.009902152139061492
L_pre_аманов,-0.03230639826128384
L_pre_амано,-0.03230639826128384
F_suf_абді,-0.4733660078440801
F_абді,-0.4733660078440801
L_аманов,-0.47768671544360597
F_suf_ді,-0.13617230110790007
L_suf_аманов,-0.44324950414573094
F_suf_бді,-0.4733660078440801
F_мафтуна,0.2511623220831718
F_pre_маф,0.2511623220831718
F_suf_фтуна,0.2511623220831718
F_suf_афтуна,0.2511623220831718
F_pre_мафт,0.2511623220831718
L_рысбекова,0.49556571985220305
F_pre_мафтун,0.2511623220831718
F_suf_туна,0.2511623220831718
F_pre_мафту,0.2511623220831718
F_suf_финура,0.30103680694131124
L_айтбекқызы,0.4016504097694503
F_альфинура,0.30103680694131124
F_pre_альфин,0.286638371763213
F_suf_нура,0.2646966469432202
F_pre_альфи,0.2792611729265293
F_pre_альф,0.2792611729265293
F_suf_инура,0.26651000180416956
F_pre_агиы,0.3200117057253136
L_pre_абе,0.024947974436513188
F_suf_ых,0.3200117057253136
L_pre_абен,0.024947974436513188
F_suf_агиых,0.3200117057253136
L_suf_бенова,0.4359802838532247
F_pre_агиых,0.3200117057253136
L_pre_абено,0.024947974436513188
L_абенова,0.4359802838532247
F_suf_иых,0.3200117057253136
L_pre_абенов,0.024947974436513188
F_suf_гиых,0.3200117057253136
F_агиых,0.3200117057253136
L_момбеков,-0.44756644426621556
F_pre_иса,-0.9598734844429179
F_иса,-0.9598734844429179
L_бейсенқызы,0.36437756727128967
F_агзада,0.24159151846427257
F_suf_гзада,0.24159151846427257
F_pre_агз,0.19403806235529059
F_suf_агзада,0.24159151846427257
F_pre_агзада,0.24159151846427257
F_suf_зада,0.22334120264117197
F_pre_агзад,0.24159151846427257
F_pre_агза,0.1469011195394096
F_pre_давлат,-0.2841610962892176
L_куспанов,-0.4092217217882512
L_pre_куспа,-0.0142274149141621
L_pre_кусп,-0.0142274149141621
F_давлатбек,-0.24819528534489685
L_pre_куспан,-0.0142274149141621
F_pre_давл,-0.2900751515534234
F_pre_давла,-0.2841610962892176
F_suf_латбек,-0.24819528534489685
L_pre_кус,0.025270914684710113
F_pre_мәрия,0.27280743261347234
L_pre_өмірз,0.0023705183218516532
L_suf_аққызы,0.4315147606779304
L_pre_өмірза,0.0023705183218516532
F_suf_иям,0.31580632091943245
L_pre_өм,-0.009455695176831447
F_pre_мәр,0.27280743261347234
F_suf_әриям,0.27280743261347234
F_suf_мәриям,0.27280743261347234
L_pre_өмір,-0.009455695176831447
F_pre_мәри,0.27280743261347234
F_pre_мә,0.24953784304532212
F_pre_мәриям,0.27280743261347234
L_өмірзаққызы,0.404530699339833
F_suf_риям,0.29889873349379364
L_pre_өмі,-0.009455695176831447
F_мәриям,0.27280743261347234
F_suf_абадай,-0.33453676007416405
F_pre_абадай,-0.33453676007416405
F_suf_дай,-0.055274338787836344
F_suf_бадай,-0.33453676007416405
F_абадай,-0.33453676007416405
F_suf_адай,-0.22554981655953446
F_pre_сафин,0.24357484731144705
F_suf_афина,0.2777074877946607
F_suf_сафина,0.24357484731144705
F_сафина,0.24357484731144705
F_pre_сафина,0.24357484731144705
L_орынбекова,0.37208425964787223
F_suf_фина,0.2755434137087065
F_suf_гли,0.49577355146183627
F_suf_агли,0.49577355146183627
F_pre_агли,0.3886106498395296
L_pre_бекбол,-0.008312674861858516
L_pre_бекбо,-0.018820320105842572
L_бекболатқызы,0.4467247891853682
F_агли,0.49577355146183627
L_pre_жайлау,-0.016320780761544296
L_жайлаубаев,-0.4665346220863893
L_pre_жайла,-0.016320780761544296
L_pre_жай,-0.016320780761544296
L_pre_жайл,-0.016320780761544296
F_pre_апо,0.022552876146708707
L_suf_пбаева,0.5383322058862229
L_pre_копбае,-0.0008362011924098833
F_pre_ап,0.09430649870238246
L_копбаева,0.5383322058862229
F_pre_апол,0.022552876146708707
F_suf_нария,0.2860695555622657
L_pre_копб,-0.0008362011924098833
L_pre_копба,-0.0008362011924098833
F_suf_инария,0.2860695555622657
L_pre_коп,-0.0008362011924098833
F_pre_аполи,0.31938870467872904
F_аполинария,0.31938870467872904
F_pre_аполин,0.31938870467872904
L_pre_ко,0.006734457340518369
F_suf_яжан,0.46449038380280216
F_pre_аяж,0.46449038380280216
F_pre_аяжан,0.46449038380280216
F_pre_ая,0.27517856958852976
F_аяжан,0.46449038380280216
F_suf_аяжан,0.46449038380280216
F_pre_аяжа,0.46449038380280216
L_pre_оразға,-0.02630574055664972
L_pre_оразғ,-0.02630574055664972
L_оразғалиқызы,0.3898453020187376
L_pre_умар,-0.03343770953256353
L_suf_маров,-0.4329797121839985
F_suf_лияр,-0.359631184183517
F_ілияр,-0.359631184183517
L_suf_умаров,-0.44552728859748514
F_suf_ілияр,-0.359631184183517
L_умаров,-0.39984991743026677
L_pre_умаро,-0.03343770953256353
L_pre_умаров,-0.03343770953256353
F_pre_ілияр,-0.359631184183517
L_pre_ума,-0.03343770953256353
L_pre_дариб,0.0005394851478367627
F_suf_имрона,0.4217551491428959
F_имрона,0.4217551491428959
F_pre_имр,-0.16577417078182619
F_suf_мрона,0.4217551491428959
F_pre_имро,-0.10621998915261804
F_pre_имрон,-0.10621998915261804
L_pre_дари,0.0005394851478367627
F_pre_имрона,0.4217551491428959
L_pre_дар,0.0005394851478367627
L_дарибаева,0.3884492488999643
F_pre_им,-0.059089650803025626
L_pre_дариба,0.0005394851478367627
F_suf_рона,0.2928323958115297
F_pre_рух,0.25497468493891606
F_suf_ухшона,0.25295176655850093
L_жумагулова,0.43184889514198394
F_рухшона,0.25295176655850093
F_pre_рухшон,0.25295176655850093
F_suf_хшона,0.25295176655850093
F_pre_рухшо,0.25295176655850093
F_suf_шона,0.25295176655850093
F_pre_рухш,0.25392257014892183
F_pre_айтуа,-0.3998261665360794
F_pre_айтуар,-0.3998261665360794
F_айтуар,-0.3998261665360794
F_suf_айтуар,-0.3998261665360794
F_suf_йтуар,-0.3998261665360794
F_suf_туар,-0.3998261665360794
F_suf_миз,-0.3659297800548582
F_suf_рамиз,-0.3659297800548582
L_suf_ихан,-0.4683048820792521
L_suf_алихан,-0.4683048820792521
L_suf_лихан,-0.4683048820792521
F_suf_амиз,-0.3659297800548582
L_уалихан,-0.4683048820792521
F_рамиз,-0.3659297800548582
F_pre_рамиз,-0.3659297800548582
F_pre_аверон,0.2825962436637539
F_pre_авер,0.08778901241115966
F_suf_верона,0.2825962436637539
F_аверона,0.2825962436637539
F_suf_ерона,0.2825962436637539
F_pre_аверо,0.2825962436637539
L_pre_жетпі,0.0004684824268467225
L_жетпісбай,-0.3845551536939526
L_pre_жетпіс,0.0004684824268467225
L_pre_жетп,0.015640714068983673
F_suf_никас,-0.3738167499395396
F_доминикас,-0.3738167499395396
L_pre_жет,0.015640714068983673
L_suf_ісбай,-0.3845551536939526
F_suf_иникас,-0.3738167499395396
L_suf_пісбай,-0.3845551536939526
L_pre_же,0.008138446342439268
F_suf_икас,-0.3738167499395396
F_suf_кас,-0.3334248389444396
L_амангельдинова,0.3563301758863746
F_suf_есо,0.44142986201902745
F_кесо,0.44142986201902745
L_suf_динова,0.3563301758863746
F_pre_кес,0.44142986201902745
F_pre_кесо,0.44142986201902745
F_suf_кесо,0.44142986201902745
L_suf_инова,0.4280078730665564
F_pre_ке,-0.007924148891465683
F_іңкәрсезім,0.42893661363184143
F_suf_рсезім,0.39009719733508513
F_pre_іңкәрс,0.42893661363184143
L_амирханов,-0.417670688132348
L_pre_амирха,-0.0414106391596294
L_pre_амирх,-0.0414106391596294
L_pre_жарқы,-0.0012438277637615487
F_зилола,0.23685974619300285
L_pre_жар,-0.019789875269485082
F_suf_илола,0.23685974619300285
L_pre_жарқын,-0.0012438277637615487
F_pre_зилол,0.23685974619300285
F_suf_зилола,0.23685974619300285
L_жарқынбекқызы,0.42688695725277814
F_pre_зило,0.23685974619300285
F_pre_зилола,0.23685974619300285
L_pre_жарқ,-0.0012438277637615487
F_suf_лола,0.29790932273453335
F_pre_зил,0.23685974619300285
F_suf_лиас,-0.3011304421975037
F_илиас,-0.27407063505170237
F_suf_иас,-0.35385408643485333
F_pre_или,-0.5857875003555367
F_pre_илиас,-0.27407063505170237
F_suf_илиас,-0.27407063505170237
F_pre_илиа,-0.27407063505170237
L_куандыкова,0.4890534924830181
L_suf_сержан,-0.4461617847550378
F_suf_ингиз,-0.33566192175144116
F_pre_чинг,-0.28946000810748196
F_pre_чингиз,-0.28946000810748196
F_pre_чинги,-0.28946000810748196
L_suf_ержан,-0.5189019951487529
F_suf_чингиз,-0.33566192175144116
F_suf_гиз,0.06752011829288518
F_чингиз,-0.33566192175144116
L_pre_сержа,0.03677828189382219
L_pre_серж,0.03677828189382219
L_pre_сержан,0.03677828189382219
L_сержан,-0.4461617847550378
F_pre_чин,-0.28946000810748196
F_suf_нгиз,0.06752011829288518
F_pre_чи,-0.28946000810748196
F_pre_алб,0.24716230496684832
F_pre_алби,0.24716230496684832
F_албина,0.24716230496684832
F_suf_албина,0.24716230496684832
F_suf_лбина,0.24716230496684832
F_pre_албин,0.24716230496684832
F_pre_албина,0.24716230496684832
F_pre_гузаль,0.2651157127798221
F_гузаль,0.2651157127798221
F_suf_гузаль,0.2651157127798221
L_pre_тәң,-0.05404117066797848
L_pre_тә,-0.05404117066797848
L_pre_тәңі,-0.05404117066797848
L_pre_тәңірб,-0.05404117066797848
F_suf_заль,0.3364167494412593
L_тәңірбергенқызы,0.4573336186091926
F_suf_узаль,0.2651157127798221
L_pre_тәңір,-0.05404117066797848
F_suf_нель,0.33426598616190184
L_муханова,0.4758327705673878
F_pre_гю,0.2789365607843216
F_гюнель,0.2789365607843216
F_pre_гюнель,0.2789365607843216
L_pre_мухано,0.02359838918964062
F_suf_юнель,0.2789365607843216
F_pre_гюнел,0.2789365607843216
L_pre_мухан,0.02359838918964062
F_pre_гюне,0.2789365607843216
F_suf_гюнель,0.2789365607843216
F_pre_гюн,0.2789365607843216
L_suf_симов,-0.4506429868973702
L_suf_есимов,-0.4875304057866998
L_есимов,-0.4875304057866998
F_suf_ынжан,0.385425647166467
F_suf_нжан,0.385425647166467
F_алтынжан,0.385425647166467
F_suf_тынжан,0.385425647166467
F_pre_алтынж,0.385425647166467
L_тусупбекова,0.36627693241741105
F_suf_ари,-0.03769432438586473
F_абділбари,-0.3224252591304584
F_suf_ілбари,-0.3224252591304584
L_усманов,-0.37348065919714524
F_pre_абділ,-0.2847581768684414
L_suf_сманов,-0.37348065919714524
F_pre_абділб,-0.3224252591304584
F_suf_лбари,-0.32121381183012393
F_suf_бари,-0.32121381183012393
L_suf_сипов,-0.36265148096057187
L_pre_жусип,-0.002487391469351336
L_suf_ипов,-0.415572732037047
F_абділқасым,-0.2657347926873403
F_pre_абділқ,-0.25362804837404485
L_pre_жусипо,-0.002487391469351336
L_жусипов,-0.36265148096057187
L_suf_усипов,-0.36265148096057187
L_pre_жуси,-0.002487391469351336
F_pre_гаг,-0.3200190642829259
L_suf_икбай,-0.4090222565875476
F_гагик,-0.3200190642829259
L_suf_рикбай,-0.4090222565875476
F_pre_гагик,-0.3200190642829259
L_серикбай,-0.4090222565875476
F_suf_гагик,-0.3200190642829259
F_suf_гик,-0.3200190642829259
F_pre_гаги,-0.3200190642829259
F_suf_агик,-0.3200190642829259
L_pre_бег,0.009077334217031208
L_pre_бегал,0.009077334217031208
L_pre_бегали,0.04801568061536647
F_suf_ілхайр,-0.24207721591805592
F_suf_лхайр,-0.24207721591805592
F_suf_йр,-0.25365156149867335
L_бегалиев,-0.4383664570506521
F_абілхайр,-0.24551598141170639
F_suf_хайр,-0.24207721591805592
L_pre_бега,0.009077334217031208
F_suf_айр,-0.25365156149867335
F_жора,-0.6173900881574724
F_suf_жора,-0.6173900881574724
F_pre_жора,-0.6173900881574724
F_ангелина,0.25704635855825064
F_pre_ангел,0.25043970361049667
F_pre_анге,0.25043970361049667
F_suf_гелина,0.25704635855825064
F_pre_анг,0.25145641700226
F_pre_ангели,0.25219043986135103
F_абдісалам,-0.24368642711583713
L_аязбаев,-0.45217628262415976
L_suf_язбаев,-0.45217628262415976
F_suf_ісалам,-0.24368642711583713
F_pre_маниж,0.32144534986524603
L_pre_имана,-0.02006494124627716
F_suf_анижа,0.32144534986524603
F_pre_ман,-0.22268586993682016
F_suf_манижа,0.32144534986524603
L_pre_иманал,-0.02006494124627716
F_pre_манижа,0.32144534986524603
L_pre_иман,-0.0010499337594839968
L_иманалиева,0.3812828441314928
F_suf_нижа,0.32144534986524603
F_suf_ижа,0.3011438775790706
F_манижа,0.32144534986524603
F_pre_мани,0.32144534986524603
F_pre_азим,-0.24932794890558033
L_базарбек,-0.4662682701965873
F_азим,-0.7895095496223238
L_suf_зарбек,-0.4662682701965873
L_suf_лубаев,-0.4866884160219909
L_елубаев,-0.4866884160219909
L_pre_темірб,0.07649615806125429
L_pre_темір,0.02462296675560292
L_темірбек,-0.4215724249380711
F_suf_убарак,-0.24469247960748425
F_suf_рак,-0.24469247960748425
L_pre_темі,0.02462296675560292
F_pre_абд ,-0.2751146668381519
F_pre_абд м,-0.2474110796553985
F_абд мубарак,-0.24469247960748425
F_suf_арак,-0.24469247960748425
F_suf_барак,-0.24469247960748425
F_pre_абд му,-0.24469247960748425
F_suf_яс,-0.30954253230721135
F_іліяс,-0.34415601229414694
L_касимов,-0.4150686788539492
F_suf_іліяс,-0.34415601229414694
F_suf_іяс,-0.34415601229414694
F_suf_ліяс,-0.34415601229414694
L_suf_асимов,-0.4150686788539492
L_pre_касимо,0.019277113922479185
L_pre_каси,0.019277113922479185
F_pre_іліяс,-0.34415601229414694
L_pre_касим,0.019277113922479185
F_pre_ілія,-0.34415601229414694
L_pre_садуо,0.008591126306563421
L_садуова,0.4351933748352949
L_suf_дуова,0.4351933748352949
L_pre_саду,-0.006559161762376284
L_suf_адуова,0.4351933748352949
L_pre_садуов,0.008591126306563421
F_suf_агзама,0.28318882004129725
F_suf_ама,0.28318882004129725
F_pre_агзама,0.28318882004129725
L_pre_нугум,0.0270874428631036
F_агзама,0.28318882004129725
F_suf_зама,0.28318882004129725
F_pre_агзам,-0.12324013256313089
F_suf_гзама,0.28318882004129725
L_pre_нугу,0.0270874428631036
L_нугуманова,0.36230284234806537
L_pre_нугума,0.0270874428631036
L_pre_тұрлыб,0.0003350110509039344
L_pre_тұрлы,0.0003350110509039344
L_тұрлыбекқызы,0.45833926209814124
L_pre_тұрл,0.0003350110509039344
F_pre_муст,-0.3376021021282956
F_suf_фа,0.09406820713833601
F_suf_устафа,-0.390562531977283
F_мустафа,-0.390562531977283
F_pre_мустаф,-0.3376021021282956
F_pre_муста,-0.3376021021282956
F_suf_афа,-0.34835027736273133
F_suf_тафа,-0.34835027736273133
F_suf_стафа,-0.34835027736273133
L_pre_дюсемб,0.041743891419214904
L_дюсембаев,-0.4846343112270907
L_pre_дюсем,0.041743891419214904
L_suf_ембаев,-0.41846615039632457
F_малик,-0.6397940024154878
L_suf_ариева,0.4223870093645187
L_pre_сариев,-0.006103164035974653
L_suf_риева,0.4223870093645187
L_pre_сарие,-0.006103164035974653
L_сариева,0.4223870093645187
F_suf_биба,0.3242696753554648
F_pre_абиба,0.3242696753554648
F_pre_абиб,0.34601959363382906
F_suf_ба,0.29482421470634257
L_тасболатқызы,0.4883153129582705
F_абиба,0.3242696753554648
F_suf_абиба,0.3242696753554648
F_suf_иба,0.29482421470634257
L_suf_есқызы,0.4347320707343725
F_муниса,0.32684279169178115
F_pre_мун,0.2966780735783022
F_suf_униса,0.32684279169178115
L_pre_кеңесқ,0.44402661121434583
L_кеңесқызы,0.44402661121434583
F_pre_мунис,0.32684279169178115
F_pre_муни,0.2966780735783022
F_pre_муниса,0.32684279169178115
F_suf_муниса,0.32684279169178115
F_suf_кәрбек,-0.5311388551974006
F_suf_әрбек,-0.5311388551974006
F_іңкәрбек,-0.39597811398216065
F_pre_бегіма,0.35360347405085574
F_pre_бегі,0.35360347405085574
F_suf_егімай,0.35360347405085574
F_бегімай,0.35360347405085574
F_suf_гімай,0.35360347405085574
F_pre_бегім,0.35360347405085574
F_suf_імай,0.3689768345711217
L_pre_алибае,0.024484859698227248
L_алибаева,0.47549940936363533
L_pre_алиба,0.024484859698227248
L_махамбетова,0.4479900505129707
L_исенов,-0.4110223220858453
F_suf_уллох,-0.2520974910809168
F_suf_дуллох,-0.2520974910809168
F_suf_ох,-0.2520974910809168
F_абдуллох,-0.2520974910809168
F_suf_ллох,-0.2520974910809168
F_suf_лох,-0.2520974910809168
L_suf_исенов,-0.4128435611675598
F_pre_салохи,-0.300316927844486
F_suf_хиддин,-0.300316927844486
F_салохиддин,-0.300316927844486
F_pre_сало,-0.300316927844486
F_pre_салох,-0.300316927844486
L_бисенов,-0.398619102865973
F_suf_арвина,0.24031099965640673
F_suf_рвина,0.24031099965640673
F_pre_парви,0.24031099965640673
F_pre_пар,0.24031099965640673
F_pre_парвин,0.24031099965640673
F_парвина,0.24031099965640673
F_pre_парв,0.24031099965640673
F_suf_вина,0.28060282552079724
F_pre_палин,0.23964756497694845
L_байжанова,0.5723799630106954
F_палина,0.23964756497694845
F_pre_палина,0.23964756497694845
F_pre_пал,0.23964756497694845
F_pre_пали,0.23964756497694845
F_suf_палина,0.23964756497694845
L_руслан,-0.44519891941075024
L_pre_руслан,0.041291533800494426
L_suf_слан,-0.44519891941075024
F_suf_нтон,-0.47666221327000535
F_suf_антон,-0.47666221327000535
L_pre_русл,0.041291533800494426
L_suf_руслан,-0.44519891941075024
F_антон,-0.47666221327000535
F_suf_тон,-0.3724714829019713
L_pre_русла,0.041291533800494426
L_suf_услан,-0.44519891941075024
F_suf_ұқан,-0.26594088042922254
F_ізмұқан,-0.26594088042922254
L_pre_досо,0.06270541174021912
F_pre_ізмұқ,-0.26594088042922254
F_suf_змұқан,-0.26594088042922254
L_suf_досов,-0.41366592164500915
L_suf_осов,-0.41366592164500915
F_suf_қан,-0.2628595379227233
L_досов,-0.41366592164500915
L_pre_дос,0.033793087043318036
L_pre_досов,0.06270541174021912
F_pre_ізмұқа,-0.26594088042922254
F_suf_мұқан,-0.26594088042922254
L_сансызбаев,-0.435568944632033
F_pre_абакар,-0.25855205044033674
F_pre_абак,-0.25855205044033674
F_suf_бакар,-0.3049182562424105
F_suf_абакар,-0.25855205044033674
F_абакар,-0.25855205044033674
F_pre_абака,-0.25855205044033674
F_абдикахар,-0.3545523906629832
F_suf_икахар,-0.3545523906629832
F_pre_абдик,-0.30245662985977273
L_оразалиев,-0.33037075536859695
L_pre_оразал,-0.02616728940089191
F_suf_кахар,-0.3545523906629832
F_pre_абдика,-0.30245662985977273
L_suf_асхат,-0.4328726670392445
F_suf_лайхан,0.2971902413726159
L_pre_асха,-0.019822540267028996
L_pre_асхат,-0.019822540267028996
L_pre_асх,-0.019822540267028996
F_абылайхан,0.2971902413726159
L_асхат,-0.4328726670392445
F_pre_абыла,0.05094635790784009
F_pre_абылай,0.05094635790784009
L_suf_схат,-0.4328726670392445
F_pre_олеся,0.3340518913969775
L_pre_ескал,-0.026171358714483332
F_suf_олеся,0.3340518913969775
L_pre_еска,-0.026171358714483332
F_suf_ся,0.3406232532898788
L_pre_ескали,-0.026171358714483332
F_pre_оле,-0.011232056031827154
F_suf_леся,0.3406232532898788
L_pre_еск,-0.026171358714483332
L_ескалиева,0.4738083872200255
F_pre_ол,0.03192392011723392
F_олеся,0.3340518913969775
F_pre_олес,0.3340518913969775
F_suf_еся,0.3406232532898788
F_suf_наби,-0.30239943733927016
F_suf_аби,-0.30239943733927016
F_pre_абдіна,-0.24652602969799403
F_suf_дінаби,-0.26331932962432847
F_suf_інаби,-0.26331932962432847
F_абдінаби,-0.26331932962432847
F_suf_қнұр,0.42880307920781235
F_pre_ақнұ,0.42880307920781235
F_pre_ақнұр,0.42880307920781235
F_ақнұр,0.42880307920781235
F_suf_ақнұр,0.42880307920781235
F_suf_дария,0.3126121955314619
L_тастанова,0.4519399907178409
F_дария,0.45652786772310516
F_pre_дария,0.45652786772310516
F_pre_дари,0.046536569275309136
L_pre_байда,-0.023376466349517386
F_suf_агзат,0.44595165714610646
F_агзат,0.44595165714610646
L_pre_байд,-0.023376466349517386
F_suf_гзат,0.44595165714610646
L_pre_байдау,-0.023376466349517386
L_байдаулетова,0.4183140874354645
F_pre_агзат,0.44595165714610646
L_ерлан,-0.45023420679782666
L_suf_ерлан,-0.45023420679782666
F_suf_ркүл,0.29083911520028743
F_pre_ажарк,0.29083911520028743
F_suf_жаркүл,0.29083911520028743
F_pre_ажаркү,0.29083911520028743
F_ажаркүл,0.29083911520028743
F_suf_аркүл,0.29083911520028743
F_suf_күл,0.31900736783942996
F_pre_ібраги,-0.27283424669560263
F_pre_ібраг,-0.27283424669560263
F_pre_ібра,-0.2708685812594703
F_suf_агим,-0.2753782686730536
F_suf_брагим,-0.2753782686730536
F_ібрагим,-0.27283424669560263
F_suf_рагим,-0.2753782686730536
F_suf_гим,-0.056949931064209404
F_pre_ібр,-0.2708685812594703
L_pre_даутов,0.03645654467239097
F_pre_оливи,0.24810910110640508
L_pre_дауто,0.03645654467239097
F_pre_оли,0.24810910110640508
L_даутова,0.4364801850312582
F_suf_оливия,0.24810910110640508
F_pre_оливия,0.24810910110640508
F_suf_ивия,0.2700874311434798
F_suf_вия,0.2612561547744418
L_pre_даут,0.03645654467239097
L_suf_аутова,0.4364801850312582
F_оливия,0.24810910110640508
F_suf_ливия,0.2700874311434798
F_pre_олив,0.24810910110640508
F_suf_бен,-0.3245828507229033
L_сайлаубек,-0.4238846837604383
F_pre_рубен,-0.3245828507229033
F_suf_убен,-0.3245828507229033
F_pre_руб,-0.3245828507229033
L_suf_аубек,-0.4238846837604383
L_suf_убек,-0.4238846837604383
F_suf_рубен,-0.3245828507229033
F_pre_рубе,-0.3245828507229033
F_рубен,-0.3245828507229033
L_suf_лаубек,-0.4238846837604383
L_suf_жақып,-0.394654616536752
L_pre_жақып,-0.04628266194926244
F_suf_рашид,-0.27610543433299684
F_suf_нрашид,-0.2647550860009055
L_suf_қып,-0.394654616536752
F_pre_бинр,-0.2647550860009055
L_pre_жақы,-0.04628266194926244
L_жақып,-0.394654616536752
F_pre_бинраш,-0.2647550860009055
F_бинрашид,-0.2647550860009055
F_suf_ашид,-0.27610543433299684
F_pre_бинра,-0.2647550860009055
F_pre_бин,-0.2647550860009055
L_suf_ақып,-0.394654616536752
L_suf_ып,-0.394654616536752
L_турарова,0.47297106719302034
L_suf_рарова,0.47297106719302034
F_pre_дали,0.2841241928628885
L_pre_азимба,-0.006124583994144573
F_pre_далина,0.27958034698192324
F_pre_далин,0.27958034698192324
L_pre_азим,-0.006124583994144573
L_pre_ази,-0.006124583994144573
F_pre_дал,0.09100181782051195
F_далина,0.27958034698192324
L_pre_азимб,-0.006124583994144573
L_азимбаева,0.41442750533413336
L_махметов,-0.3850761816694307
L_pre_махмет,0.04422244306173704
L_pre_махме,0.04422244306173704
F_pre_aлек,-0.19297046843090657
F_pre_aлекса,-0.19297046843090657
F_pre_aле,-0.19297046843090657
F_aлександр,-0.19297046843090657
F_pre_aлекс,-0.19297046843090657
L_suf_дықызы,0.3784653320219087
L_сатыбалдықызы,0.39041073411289673
F_suf_даль,0.3885721586045251
F_адаль,0.3885721586045251
F_suf_адаль,0.3885721586045251
F_pre_адаль,0.33535113099415553
F_pre_снежа,0.2329432656078256
L_pre_оралқ,0.36707753461156806
F_pre_сне,0.2329432656078256
F_suf_ежанна,0.23738589147398273
L_pre_оралқы,0.36707753461156806
F_suf_жанна,0.23738589147398273
F_pre_снеж,0.2329432656078256
F_снежанна,0.23738589147398273
F_pre_сн,0.2329432656078256
F_pre_снежан,0.2329432656078256
L_оралқызы,0.36707753461156806
L_suf_лқызы,0.40449580411714986
L_suf_алқызы,0.3684769256985103
F_pre_іңж,0.3293883313495026
F_suf_ңжу,0.40815247277122
L_pre_койшыб,0.06614595552216981
F_pre_іңжу,0.3293883313495026
F_suf_іңжу,0.40815247277122
L_койшыбаева,0.38010773269059306
L_pre_койшы,0.06614595552216981
L_pre_кой,0.06614595552216981
L_pre_койш,0.06614595552216981
F_іңжу,0.40815247277122
F_pre_дінм,-0.24051303941350471
F_pre_дінмұ,-0.23538332925705419
F_pre_дінмұх,-0.23538332925705419
F_дінмұхаммед,-0.23538332925705419
F_pre_дін,-0.24051303941350471
F_pre_ді,-0.24051303941350471
L_suf_мжанов,-0.4215026160670238
F_абдолбари,-0.31989197064298275
F_pre_абдолб,-0.31989197064298275
L_акимжанов,-0.3887525606169666
F_suf_олбари,-0.31989197064298275
F_suf_илан,-0.6082378175183113
F_милан,-0.6082378175183113
F_suf_милан,-0.6082378175183113
L_suf_мар,-0.5094237567807643
F_suf_рсен,-0.33529651043761555
L_омар,-0.5094237567807643
F_suf_сен,-0.33529651043761555
F_арсен,-0.33529651043761555
L_suf_омар,-0.5094237567807643
F_suf_арсен,-0.33529651043761555
L_pre_ержа,0.0584775580300773
F_абдол моним,-0.27967620961394984
F_pre_абдол ,-0.27967620961394984
L_ержанов,-0.4254973767492619
F_suf_ним,-0.004999598385257186
F_suf_ моним,-0.27967620961394984
L_pre_ерж,0.0584775580300773
F_suf_моним,-0.27967620961394984
L_pre_ержано,0.12197135597663604
F_suf_оним,-0.27967620961394984
L_pre_ержан,0.0584775580300773
F_pre_ерл,-0.3229919942246172
F_suf_ерлан,-0.30876227907842396
L_suf_уканов,-0.401345879495598
F_pre_ерла,-0.3229919942246172
F_pre_ерлан,-0.3229919942246172
F_ерлан,-0.3229919942246172
L_муканов,-0.401345879495598
L_suf_канов,-0.4162087703700613
F_suf_хақ,-0.25280177893193034
F_pre_абдел ,-0.25280177893193034
F_suf_л хақ,-0.25280177893193034
F_suf_ хақ,-0.25280177893193034
F_абдел хақ,-0.25280177893193034
F_suf_ел хақ,-0.25280177893193034
L_сандыбаев,-0.3452932764297529
L_pre_санд,0.02220722047013568
L_pre_сандыб,0.02220722047013568
L_pre_санды,0.02220722047013568
F_suf_медияр,-0.24596885193193732
F_pre_mұхаме,-0.24596885193193732
F_pre_mұхам,-0.24596885193193732
F_suf_дияр,-0.2840423422954387
F_pre_mұха,-0.24596885193193732
L_pre_бисемб,-0.053698671189106914
F_pre_mұ,-0.24596885193193732
L_бисембаев,-0.4030224674344489
L_pre_бисем,-0.053698671189106914
F_pre_mұх,-0.24596885193193732
F_mұхамедияр,-0.24596885193193732
F_suf_едияр,-0.24596885193193732
L_suf_диев,-0.4538844881064937
F_pre_абд р,-0.3241238519431778
L_сатыбалдиев,-0.5072045593703343
L_suf_лдиев,-0.46354964360389833
L_suf_алдиев,-0.5072045593703343
F_абд рахман,-0.3241238519431778
F_pre_абд ра,-0.3241238519431778
F_інжулаян,0.43848766509200965
F_suf_лаян,0.43848766509200965
F_suf_жулаян,0.43848766509200965
F_suf_улаян,0.43848766509200965
L_жұмабаева,0.49950228213252845
L_suf_алибек,-0.35987504490240174
L_suf_ибек,-0.35987504490240174
L_алибек,-0.35987504490240174
L_suf_либек,-0.35987504490240174
F_адриана,0.3268979012023815
F_suf_дриана,0.3268979012023815
F_pre_аббасх,-0.30835352609536903
F_suf_асхан,-0.09035889683742021
F_аббасхан,-0.30835352609536903
F_suf_басхан,-0.3130738901084195
F_suf_дизим,-0.29593997681909606
F_suf_изим,-0.29593997681909606
F_pre_абдизи,-0.29593997681909606
F_suf_бдизим,-0.29593997681909606
L_pre_нурму,-0.010299427512736605
L_pre_нурмух,-0.010299427512736605
F_абдизим,-0.29593997681909606
L_suf_уханов,-0.4497365122136821
L_нурмуханов,-0.4316629276123521
F_pre_абдиз,-0.29593997681909606
F_suf_зд,-0.24999850083487
F_артавазд,-0.24999850083487
F_pre_артав,-0.24999850083487
F_pre_артава,-0.24999850083487
F_pre_арта,-0.308544098995675
F_suf_азд,-0.24999850083487
F_suf_авазд,-0.24999850083487
F_suf_тавазд,-0.24999850083487
F_suf_вазд,-0.24999850083487
L_pre_утеб,-0.01212926263301224
L_suf_ебаев,-0.3942318323016717
L_suf_тебаев,-0.3545494671488633
L_утебаев,-0.3545494671488633
L_pre_утебае,-0.01212926263301224
L_pre_утеба,-0.01212926263301224
F_pre_ізгү,0.40515252228351456
F_ізгүл,0.40515252228351456
F_pre_ізгүл,0.40515252228351456
F_suf_ізгүл,0.40515252228351456
F_suf_згүл,0.40515252228351456
F_suf_ылет,-0.3499542767557144
F_suf_дылет,-0.3499542767557144
F_адылет,-0.3499542767557144
L_suf_әрім,-0.4596735480393613
L_pre_кәрі,0.0030134568369415624
L_pre_кәр,0.0030134568369415624
F_pre_адылет,-0.3499542767557144
F_suf_адылет,-0.3499542767557144
L_pre_кәрім,0.0030134568369415624
L_pre_кә,0.0030134568369415624
F_pre_адыле,-0.3499542767557144
L_suf_кәрім,-0.4596735480393613
F_pre_адыл,-0.16541924066802377
L_кәрім,-0.4596735480393613
L_suf_рім,-0.4596735480393613
F_pre_рокса,0.24237744774801534
L_pre_рахма,-0.015535587652727077
F_pre_рокс,0.24237744774801534
F_suf_алана,0.33825291191493834
F_роксалана,0.24237744774801534
L_pre_рахман,-0.0022682736456969745
F_pre_роксал,0.24237744774801534
F_suf_салана,0.24237744774801534
L_рахманова,0.4064907345901603
F_pre_рок,0.24237744774801534
F_ізет,0.24097374755685078
L_pre_байма,0.0012219068066972715
L_баймагамбетова,0.44814879337518443
L_pre_баймаг,0.02199464187492226
F_suf_ізет,0.24097374755685078
F_suf_ідіріс,-0.2413875884713282
F_pre_ідір,-0.32926542212810916
L_suf_нұрбек,-0.44094969124887357
F_pre_ідірі,-0.2413875884713282
L_suf_ұрбек,-0.44094969124887357
F_pre_ідіріс,-0.2413875884713282
F_suf_ріс,-0.2756358947011282
L_pre_нұрбек,-0.00103924893238387
L_pre_нұрб,-0.009435360140449489
F_suf_іс,-0.16763493706126806
F_pre_іді,-0.32926542212810916
F_suf_іріс,-0.2413875884713282
L_pre_нұрбе,-0.00103924893238387
F_suf_діріс,-0.2413875884713282
L_нұрбек,-0.44094969124887357
F_pre_ід,-0.32086500470284995
F_ідіріс,-0.2413875884713282
F_suf_ибай,-0.2999075169282743
F_pre_укибай,-0.3104565660529238
F_pre_укиба,-0.3104565660529238
F_pre_укиб,-0.3104565660529238
F_suf_кибай,-0.3104565660529238
F_pre_ук,-0.3104565660529238
F_suf_укибай,-0.3104565660529238
F_pre_уки,-0.3104565660529238
F_укибай,-0.3104565660529238
L_ескалиев,-0.5141706835399098
F_suf_елди,-0.3008717601632362
F_suf_келди,-0.3008717601632362
F_аманкелди,-0.3008717601632362
F_suf_лди,-0.3008717601632362
F_pre_аманк,-0.3008717601632362
F_suf_нкелди,-0.3008717601632362
F_pre_аманке,-0.3008717601632362
F_suf_іре,-0.33457931947307745
L_suf_натов,-0.3693980224267959
L_pre_канато,0.008345112297329349
F_pre_әмі,-0.3703466861220296
L_pre_канат,0.008345112297329349
L_suf_анатов,-0.3693980224267959
F_suf_әміре,-0.33457931947307745
L_канатов,-0.3693980224267959
F_pre_әмір,-0.3703466861220296
F_suf_міре,-0.33457931947307745
F_pre_әміре,-0.33457931947307745
F_әміре,-0.33457931947307745
L_pre_молдаб,-0.013698721041811267
F_suf_гнура,0.20702706245813926
L_pre_молд,-0.008093819666671777
F_pre_агну,0.3466685885356054
L_молдабаева,0.41266227774018716
F_агнура,0.20702706245813926
L_pre_мол,-0.008093819666671777
F_pre_агнура,0.20702706245813926
F_pre_агнур,0.3466685885356054
L_pre_молда,-0.008093819666671777
F_suf_агнура,0.20702706245813926
F_suf_селин,0.37408697908756827
L_мырзахметқызы,0.3831631382530069
F_pre_сел,0.33717932525659966
F_pre_селин,0.37408697908756827
F_pre_сели,0.37408697908756827
F_селин,0.37408697908756827
F_suf_сшах,-0.2475757287987771
F_suf_асшах,-0.2475757287987771
F_pre_аббасш,-0.2475757287987771
F_suf_басшах,-0.2475757287987771
F_suf_шах,-0.27492234211308575
F_аббасшах,-0.2475757287987771
F_абдилмамат,-0.295094473904449
F_suf_лмамат,-0.295094473904449
L_раев,-0.6041081176644529
L_pre_раев,-0.003924466979159615
L_suf_раев,-0.5185758820618271
L_pre_рае,-0.003924466979159615
F_suf_мамат,-0.295094473904449
F_pre_ізтлеу,-0.2739426590735952
F_suf_леу,-0.27073479622115043
L_нурлан,-0.3943230278587276
F_suf_еу,-0.27073479622115043
L_suf_нурлан,-0.3943230278587276
F_ізтлеу,-0.2739426590735952
F_suf_ізтлеу,-0.2739426590735952
F_pre_ізтл,-0.2739426590735952
L_suf_урлан,-0.3943230278587276
F_pre_ізтле,-0.2739426590735952
F_suf_зтлеу,-0.2739426590735952
F_suf_тлеу,-0.2739426590735952
L_орынбаев,-0.4465746760890436
L_курмангалиев,-0.6246822846173165
L_айнабекова,0.4217734934813127
L_pre_тлеуо,0.0438523044801928
F_suf_бас,-0.37558256250014066
F_suf_ббас,-0.31543509129230884
L_suf_еуов,-0.4349840211235375
L_тлеуов,-0.4303608758750183
F_suf_аббас,-0.31543509129230884
L_suf_уов,-0.42499677820491105
L_suf_тлеуов,-0.4303608758750183
F_аббас,-0.31543509129230884
L_suf_леуов,-0.4349840211235375
L_pre_тлеуов,0.0438523044801928
F_pre_юрги,-0.39024624739086605
F_pre_юр,-0.3686472120496604
F_suf_юргис,-0.39024624739086605
F_pre_юргис,-0.39024624739086605
F_pre_юрг,-0.39024624739086605
F_юргис,-0.39024624739086605
L_шалабаева,0.47208949682868323
F_адиля,0.31147237329034794
F_pre_адиля,0.33766343541388794
F_suf_адиля,0.31147237329034794
F_suf_диля,0.389428294426243
F_pre_те,0.09265854720024896
F_pre_теон,0.29603265057245876
F_теона,0.29603265057245876
F_suf_еона,0.29603265057245876
F_pre_тео,0.29603265057245876
F_suf_теона,0.29603265057245876
F_pre_теона,0.29603265057245876
F_альвина,0.38747334492810376
F_pre_альвин,0.38747334492810376
F_pre_альв,-0.06626282951031362
F_pre_альви,-0.06626282951031362
F_suf_ьвина,0.2961853006593637
F_suf_львина,0.2961853006593637
F_suf_ирхан,-0.2941993635071918
F_pre_эмирх,-0.2645322874066731
F_эмирхан,-0.2645322874066731
F_suf_рхан,-0.304973194239448
F_pre_эмирха,-0.2645322874066731
F_pre_эмир,-0.3378448305921047
F_suf_мирхан,-0.3020016025170353
F_suf_либ,-0.24294844898685378
F_абдитолиб,-0.2520457281934676
F_pre_абдит,-0.2520457281934676
L_сатаев,-0.4082783689495153
F_suf_иб,-0.27348667898095985
F_suf_олиб,-0.2520457281934676
F_pre_абдито,-0.2520457281934676
F_suf_толиб,-0.2520457281934676
F_suf_итолиб,-0.2520457281934676
L_pre_есено,0.05719094869753197
L_pre_есенов,0.05719094869753197
L_есенова,0.5157293421309468
L_амандыққызы,0.4924507387167286
L_pre_аманды,0.05845534394824624
L_pre_аманд,0.05845534394824624
F_suf_завен,-0.330671328376499
F_suf_вен,-0.330671328376499
F_pre_завен,-0.330671328376499
F_suf_авен,-0.330671328376499
F_pre_зав,-0.330671328376499
F_pre_заве,-0.330671328376499
F_завен,-0.330671328376499
L_pre_кожахм,-0.06857812319379054
F_pre_аида,0.3777142425914815
L_pre_кожа,-0.01327469777141889
L_pre_кож,-0.01327469777141889
L_pre_кожах,-0.06857812319379054
L_кожахметова,0.4732901652790865
F_аида,0.3777142425914815
F_pre_аид,0.3777142425914815
L_suf_олатов,-0.4447755725385041
L_бекболатов,-0.49891370157449927
L_pre_алено,0.07304379396113135
L_pre_ален,0.07304379396113135
L_pre_аленов,0.07304379396113135
L_аленова,0.423671061038999
L_pre_але,0.07304379396113135
L_бағдатқызы,0.5104074494395744
F_pre_аделик,0.20265915318296027
F_suf_делика,0.20265915318296027
F_аделика,0.20265915318296027
F_suf_елика,0.2626201496327565
L_pre_муратб,-0.04520438580002075
L_муратбекова,0.47630389822002384
F_pre_арташ,-0.3449679320390965
F_suf_рташ,-0.3449679320390965
L_suf_еріков,-0.4133553995235396
F_suf_аш,-0.11755686324903009
F_арташ,-0.3449679320390965
L_suf_іков,-0.4133553995235396
F_suf_арташ,-0.3449679320390965
L_suf_ріков,-0.4133553995235396
F_suf_таш,-0.3449679320390965
L_серіков,-0.4133553995235396
L_suf_рік,-0.4751286458820342
F_алмас,-0.42743129347667036
F_suf_алмас,-0.42743129347667036
L_suf_ік,-0.4517461131736317
L_берік,-0.47913503842224414
L_suf_ерік,-0.4751286458820342
F_suf_мас,-0.42743129347667036
F_suf_лмас,-0.42743129347667036
L_suf_берік,-0.47913503842224414
F_pre_алмас,-0.42743129347667036
L_suf_исова,0.4575585601100754
F_suf_глия,0.26807984286840925
L_suf_нисова,0.5030648726650164
L_pre_жунисо,0.017008204188654313
L_жунисова,0.5030648726650164
F_аглия,0.26807984286840925
F_suf_аглия,0.26807984286840925
L_pre_жунис,0.017008204188654313
L_pre_жун,0.02026532966401939
F_pre_аглия,0.26807984286840925
L_pre_жуни,0.017008204188654313
L_pre_дәуле,0.016898205181811086
L_pre_дәу,0.016898205181811086
L_дәулетқызы,0.35869873389036905
L_pre_дәулет,0.016898205181811086
L_pre_дәул,0.016898205181811086
L_pre_дә,0.016898205181811086
F_pre_иг,-0.3578006303891809
F_pre_игна,-0.3934142122999191
F_suf_гнат,-0.3934142122999191
F_pre_игнат,-0.3934142122999191
L_pre_қали,-0.009311039281423647
L_қали,-0.6445480629076997
F_pre_игн,-0.3934142122999191
F_suf_игнат,-0.3934142122999191
F_игнат,-0.3934142122999191
F_pre_тамин,0.30117413881753524
F_suf_тамина,0.30117413881753524
F_pre_тамина,0.30117413881753524
F_pre_там,0.04962648559981079
F_тамина,0.30117413881753524
F_pre_тами,-0.05440640906752724
F_suf_инна,0.2863354636332846
F_suf_линна,0.2456048498125967
L_pre_каби,0.060177434976918055
F_ангелинна,0.2456048498125967
L_pre_кабиев,0.060177434976918055
L_кабиева,0.45689026239441344
L_suf_биева,0.4557032458608196
L_pre_кабие,0.060177434976918055
L_pre_каб,0.02561841673546876
L_suf_абиева,0.4557032458608196
F_suf_елинна,0.2456048498125967
F_мия,0.5499162442226726
F_pre_мия,0.5499162442226726
L_pre_әшімқы,0.3146900316207151
L_pre_әшімқ,0.3146900316207151
L_әшімқызы,0.3146900316207151
L_suf_імқызы,0.3593269042645161
L_pre_төр,-0.030468422141910017
L_suf_ребек,-0.49208514917839563
L_төребек,-0.49208514917839563
F_ібраһім,-0.287485984536042
F_pre_ібраһ,-0.2655287417197544
L_pre_төреб,-0.0132333117668642
L_suf_ебек,-0.4255788212412499
F_suf_браһім,-0.287485984536042
L_suf_өребек,-0.49208514917839563
L_pre_төребе,-0.0132333117668642
F_suf_һім,-0.2832602578541783
L_pre_төре,-0.030468422141910017
F_pre_ібраһі,-0.287485984536042
F_suf_раһім,-0.287485984536042
F_suf_аһім,-0.2832602578541783
F_pre_земф,0.2234384276944835
F_pre_земфир,0.2234384276944835
F_suf_емфира,0.2234384276944835
F_suf_мфира,0.2234384276944835
F_земфира,0.2234384276944835
F_pre_зем,0.2234384276944835
F_pre_зе,0.35032057553869933
F_pre_земфи,0.2234384276944835
F_pre_ізнар,0.5113885835328658
F_pre_ізн,0.12646084696372542
F_suf_знар,0.5113885835328658
F_ізнар,0.5113885835328658
F_suf_ізнар,0.5113885835328658
F_pre_ізна,0.5113885835328658
F_suf_арбек,-0.31769889670364704
L_suf_ңатар,-0.45200932558300116
L_suf_атар,-0.45200932558300116
F_pre_сарвар,-0.3088387215004912
L_pre_таңат,-0.013781050167780516
F_pre_сарв,-0.005099175322941704
F_pre_сарва,-0.3088387215004912
L_suf_аңатар,-0.45200932558300116
L_pre_таңа,-0.013781050167780516
L_pre_таң,-0.013781050167780516
F_сарварбек,-0.2899023766383539
L_таңатар,-0.45200932558300116
F_suf_варбек,-0.2899023766383539
L_pre_таңата,-0.013781050167780516
L_даулетбаева,0.31365531240968353
L_suf_тбаева,0.40105066994458544
F_suf_сәр,0.025402692584943386
F_іңсәр,0.025402692584943386
F_suf_ңсәр,0.025402692584943386
F_pre_іңсәр,0.025402692584943386
F_pre_іңсә,0.025402692584943386
F_pre_іңс,-0.10605569450886564
F_suf_іңсәр,0.025402692584943386
F_абдінәби,-0.27943525357830706
F_suf_әби,-0.27943525357830706
F_suf_інәби,-0.27943525357830706
F_suf_нәби,-0.27943525357830706
F_pre_абдінә,-0.27943525357830706
F_suf_дінәби,-0.27943525357830706
L_саматов,-0.43046470729554087
L_suf_аматов,-0.43046470729554087
F_suf_раһим,-0.26699450540709924
F_pre_ібраһи,-0.2488036574620742
F_ібраһим,-0.2488036574620742
L_pre_самато,0.03686673325031989
F_suf_аһим,-0.26699450540709924
F_suf_һим,-0.26699450540709924
F_suf_браһим,-0.24698936180778494
L_suf_матов,-0.43046470729554087
L_pre_турлыб,-0.04462118190852935
F_suf_демьян,-0.24318372261626045
L_pre_турлы,-0.04462118190852935
F_suf_мьян,-0.24318372261626045
L_турлыбеков,-0.4400943330359592
F_pre_дем,-0.2820877235524318
F_pre_демьян,-0.24318372261626045
F_демьян,-0.24318372261626045
F_suf_емьян,-0.24318372261626045
F_pre_демья,-0.24318372261626045
L_pre_турл,-0.04462118190852935
F_pre_де,-0.2599706542806941
F_pre_демь,-0.24318372261626045
L_аблаева,0.5095228933419716
L_suf_блаева,0.5095228933419716
L_pre_есимб,0.014681960107818831
L_pre_есимбе,0.014681960107818831
F_suf_ажар,0.6460991132632024
F_ажар,0.6460991132632024
L_есимбекова,0.4363085940584537
L_suf_кенова,0.47016078652852716
L_байкенова,0.4239129903804476
L_suf_қайрат,-0.4064283117043599
L_suf_йрат,-0.4064283117043599
L_suf_айрат,-0.4064283117043599
L_қайрат,-0.4064283117043599
F_pre_евг,0.022455408442951137
F_pre_евген,0.022455408442951137
L_амантайқызы,0.41811317692672895
F_pre_евге,0.022455408442951137
F_suf_вгения,0.3673729126027983
L_suf_йқызы,0.40319921185766006
F_евгения,0.3673729126027983
F_pre_евгени,0.022455408442951137
L_suf_айқызы,0.40319921185766006
F_pre_ев,0.21760695790126106
F_suf_гения,0.3673729126027983
L_сыдыкова,0.452709493513955
L_suf_оспан,-0.4448812331806238
F_pre_сая,-0.467487325372261
L_оспан,-0.4448812331806238
F_саян,-0.36988530164667904
F_pre_саян,-0.36988530164667904
L_suf_пан,-0.4448812331806238
F_suf_саян,-0.36988530164667904
L_suf_спан,-0.4448812331806238
L_жолдасбекова,0.5412747945396599
F_аделина,0.20977295662662962
F_анджелика,0.3413844228675612
F_suf_желика,0.3000968620627397
F_аббат,-0.366681829743167
L_pre_оразы,-0.034184519932520814
F_pre_аббат,-0.366681829743167
F_suf_аббат,-0.366681829743167
L_оразымбетов,-0.5950861683674988
L_pre_оразым,-0.034184519932520814
F_suf_ббат,-0.366681829743167
L_pre_умирза,0.03126336820198925
L_suf_заков,-0.41912367717691884
L_suf_аков,-0.40963521789363067
L_pre_умирз,0.03126336820198925
L_suf_рзаков,-0.4411492032828337
L_умирзаков,-0.46765321037719415
L_pre_сейл,0.0014664980991341882
L_pre_сейлха,0.0014664980991341882
L_сейлханова,0.44618517717315
L_pre_сейлх,0.0014664980991341882
L_pre_асанб,0.07724429308605284
F_suf_аиша,0.3530110682192586
F_pre_аиша,0.3530110682192586
F_аиша,0.3530110682192586
L_асанбаева,0.43565392295883126
F_pre_аиш,0.3530110682192586
L_pre_асанба,0.07724429308605284
L_pre_байб,0.01209610680478764
L_pre_байбо,0.01209610680478764
L_suf_сынова,0.42915417319093696
L_байбосынова,0.43075827039665127
L_pre_байбос,0.019666892466421056
F_suf_толий,-0.30809778460104925
F_pre_анато,-0.3670349140252698
F_suf_лий,-0.38797690404971874
F_suf_атолий,-0.30809778460104925
F_suf_олий,-0.30809778460104925
F_pre_анатол,-0.3670349140252698
L_suf_уманов,-0.42900082720574256
F_анатолий,-0.30809778460104925
L_pre_жуман,0.01297225234020698
L_жуманов,-0.45580584607766056
L_pre_жумано,0.01297225234020698
F_suf_ксана,0.27734898706002137
F_suf_ексана,0.40495083689044115
F_suf_сана,0.2625296893197828
F_алексана,0.40495083689044115
L_дюсенов,-0.43832253119546355
L_pre_дюсено,-0.01828414021079194
L_suf_юсенов,-0.43832253119546355
F_suf_ану,0.28291042339760536
L_исаева,0.3669200668586476
L_suf_исаева,0.3669200668586476
F_pre_айшаба,0.24526906797692383
L_pre_исаева,0.3669200668586476
F_suf_шабану,0.24526906797692383
F_suf_бану,0.28291042339760536
F_айшабану,0.24526906797692383
F_suf_ну,0.2835145472392899
F_suf_абану,0.28291042339760536
L_бекишева,0.5021759809473987
L_pre_бекиш,0.053406945700996813
F_pre_марет,0.4874709346858421
L_pre_беки,0.053406945700996813
F_марет,0.4874709346858421
F_pre_маре,0.4874709346858421
L_pre_бекише,0.053406945700996813
F_suf_арет,0.4874709346858421
F_suf_рет,-0.12216346392707526
F_suf_марет,0.4874709346858421
F_pre_ден,-0.24674390965377974
F_pre_дениз,-0.08035940573829276
F_pre_дениза,0.5090435042528485
F_дениза,0.5090435042528485
F_suf_ениза,0.37127298553593785
F_suf_низа,0.37127298553593785
F_pre_дени,-0.24674390965377974
F_suf_дениза,0.37127298553593785
F_pre_салмон,-0.2884875794598657
F_suf_мон,-0.2937999010795674
F_suf_алмон,-0.2884875794598657
F_suf_лмон,-0.2884875794598657
F_pre_салм,-0.2884875794598657
F_suf_салмон,-0.2884875794598657
F_салмон,-0.2884875794598657
F_pre_салмо,-0.2884875794598657
L_талғат,-0.421698207773802
L_suf_талғат,-0.421698207773802
L_suf_лғат,-0.421698207773802
L_suf_алғат,-0.421698207773802
L_suf_ғат,-0.42881844456747653
F_pre_вирсс,0.2491741258596344
L_сапарқызы,0.34735906188284127
F_pre_вирсса,0.2491741258596344
F_suf_ссавия,0.2491741258596344
F_pre_вирс,0.2491741258596344
F_вирссавия,0.2491741258596344
F_pre_вир,0.24909916602538182
L_pre_сапарқ,0.34735906188284127
F_suf_авия,0.2455232647023605
F_suf_савия,0.2491741258596344
F_suf_равиль,-0.31049474835695495
F_suf_виль,-0.31049474835695495
L_жолдасбай,-0.3708210346627615
F_pre_равил,-0.31049474835695495
F_pre_равиль,-0.31049474835695495
F_pre_рави,-0.31049474835695495
F_suf_авиль,-0.31049474835695495
L_suf_дасбай,-0.3708210346627615
F_pre_рав,-0.31049474835695495
F_равиль,-0.31049474835695495
F_pre_hұрис,-0.23491827815245864
F_pre_hұри,-0.23491827815245864
L_suf_джанов,-0.4706291247363629
F_hұрислам,-0.23491827815245864
F_pre_hұ,-0.23491827815245864
F_suf_рислам,-0.2818508687460878
F_pre_hұр,-0.23491827815245864
F_pre_hұрисл,-0.23491827815245864
L_мухамеджанов,-0.4706291247363629
F_suf_вахаб,-0.25484074894134123
F_suf_ахаб,-0.25484074894134123
L_suf_икбаев,-0.450687455933379
F_suf_аб,-0.1200301433223567
F_suf_хаб,-0.25752187164592794
F_абдівахаб,-0.25484074894134123
F_suf_івахаб,-0.25484074894134123
L_серикбаев,-0.450687455933379
F_pre_абдіва,-0.25484074894134123
L_suf_итов,-0.4275003865178939
F_pre_акдил,-0.34415080099756096
F_pre_акди,-0.34415080099756096
L_suf_сеитов,-0.4690551421448053
F_suf_кдил,-0.34415080099756096
F_акдил,-0.34415080099756096
F_suf_акдил,-0.34415080099756096
F_suf_дил,-0.5257962147599841
L_suf_еитов,-0.4690551421448053
L_нурсеитов,-0.45028631804720654
F_pre_аарн,-0.38768662246865304
L_suf_кепов,-0.41641726934077217
F_pre_аар,-0.2133428188870308
F_suf_рн,-0.38768662246865304
F_аарн,-0.38768662246865304
F_suf_арн,-0.38768662246865304
L_suf_ркепов,-0.41641726934077217
F_suf_аарн,-0.38768662246865304
L_есиркепов,-0.41641726934077217
L_suf_епов,-0.4062162502406586
L_мырзахмет,-0.3820530328982644
F_suf_ірасул,-0.3997254068948097
L_suf_захмет,-0.3820530328982644
F_абдірасул,-0.3997254068948097
F_адариз,0.4302031224999419
F_pre_адари,0.3109275634534196
F_suf_риз,-0.10714629110120105
F_suf_дариз,0.4302031224999419
F_suf_адариз,0.4302031224999419
F_pre_адариз,0.4302031224999419
F_suf_ариз,-0.10714629110120105
F_pre_лали,0.4697382259792029
F_лалия,0.2286097779689525
F_pre_лалия,0.2286097779689525
F_suf_лалия,0.2286097779689525
F_pre_лал,0.4697382259792029
L_али,-0.7395174285918186
F_suf_тони,-0.4399754832283177
F_suf_нтони,-0.4399754832283177
F_антони,-0.4399754832283177
F_suf_антони,-0.4399754832283177
F_suf_они,-0.4399754832283177
F_suf_есбай,-0.2985402225927242
F_ілесбай,-0.2985402225927242
L_молдабаев,-0.4961078251559243
F_suf_сбай,-0.2985402225927242
F_pre_ілесба,-0.2985402225927242
F_pre_ілесб,-0.2788233872590633
F_suf_лесбай,-0.2985402225927242
L_suf_небек,-0.3804418543395411
L_suf_рнебек,-0.3804418543395411
L_пернебек,-0.3804418543395411
F_suf_агата,0.35441025832953194
F_suf_гата,0.35441025832953194
F_pre_агата,0.35441025832953194
F_агата,0.35441025832953194
F_suf_ата,0.32601004286694574
L_pre_аманке,-0.07745571923133256
L_suf_келді,-0.4527171602947382
L_suf_ді,-0.47530523838132643
L_suf_елді,-0.47530523838132643
L_pre_аманк,-0.04705157388582423
L_suf_лді,-0.47530523838132643
L_аманкелді,-0.4527171602947382
L_suf_нкелді,-0.4527171602947382
F_suf_услим,-0.30838886415035505
F_suf_слим,-0.30838886415035505
F_pre_абдіму,-0.23400196034879456
F_suf_муслим,-0.30838886415035505
L_нургалиев,-0.40229077428047777
F_абдімуслим,-0.23400196034879456
F_suf_лим,-0.25763309354851843
L_айтбаева,0.4477749213068333
L_pre_айтбае,0.09522852297259965
F_suf_малия,0.30785391471243584
F_pre_амали,0.30785391471243584
F_suf_амалия,0.30785391471243584
F_pre_амал,0.1082804262066182
F_амалия,0.30785391471243584
F_pre_амалия,0.30785391471243584
L_pre_ахмади,-0.00409993332329716
F_pre_аруна,0.3121524312574882
F_suf_аруна,0.3194155406144355
L_pre_ахма,-0.00409993332329716
L_pre_ахмад,-0.00409993332329716
F_pre_ару,0.32318915000495035
F_suf_руна,0.3194155406144355
F_pre_арун,0.3121524312574882
F_аруна,0.3194155406144355
L_suf_адиева,0.4514983392873237
L_ахмадиева,0.4502293295596231
F_pre_ідрей,-0.2549245124629188
F_ідрейіс,-0.2549245124629188
F_pre_ідре,-0.2549245124629188
F_suf_ейіс,-0.2549245124629188
L_рысбаев,-0.5010963790674318
F_pre_ідрейі,-0.2549245124629188
F_suf_йіс,-0.2549245124629188
F_suf_рейіс,-0.2549245124629188
F_suf_дрейіс,-0.2549245124629188
F_pre_ідр,-0.2855214063881442
L_suf_парбек,-0.4468954725986784
L_pre_сапарб,-0.01338728998865241
L_сапарбек,-0.4468954725986784
L_suf_хманов,-0.47238564099638447
L_абдрахманов,-0.46575756108454286
F_pre_авда,-0.4036639167350299
F_авдал,-0.4036639167350299
F_pre_авдал,-0.4036639167350299
L_амиржанов,-0.3527998972028367
F_suf_вдал,-0.4036639167350299
F_suf_дал,-0.21430138633471837
F_pre_авд,-0.05753570070286651
F_suf_авдал,-0.4036639167350299
F_suf_адлан,-0.3917070882458766
F_pre_адла,-0.3917070882458766
F_адлан,-0.3917070882458766
F_pre_адлан,-0.3917070882458766
F_suf_длан,-0.3917070882458766
F_suf_абиа,0.4315789035770293
F_абиа,0.4315789035770293
F_pre_абиа,0.4282380278754978
F_suf_иа,0.270885473035271
F_suf_биа,0.4315789035770293
F_pre_ілз,0.4195954440813295
F_ілзат,0.4195954440813295
F_pre_ілзат,0.4195954440813295
F_suf_лзат,0.4195954440813295
L_елемесқызы,0.4220324019013808
F_pre_ілза,0.4195954440813295
F_suf_ілзат,0.4195954440813295
L_амангелдиева,0.4643683414369395
F_pre_алина,0.3980319889912581
L_suf_лдиева,0.4476356293049783
F_алина,0.4605294093012037
L_pre_берди,-0.024487672561065904
L_pre_бердиб,-0.024487672561065904
L_бердибаева,0.3451949544649726
L_suf_нусов,-0.42930327076000646
L_джунусов,-0.42125269358268136
F_абдиманап,-0.35322210024262696
L_suf_унусов,-0.42930327076000646
L_suf_усов,-0.42930327076000646
F_suf_иманап,-0.35322210024262696
F_ізетбек,-0.2840527902990045
F_suf_етбек,-0.2840527902990045
F_suf_зетбек,-0.2840527902990045
F_pre_ізетбе,-0.2840527902990045
F_pre_адиара,0.23688232227274697
F_адиара,0.23688232227274697
F_suf_иара,0.23688232227274697
F_pre_адиар,0.23688232227274697
F_suf_диара,0.23688232227274697
F_suf_адиара,0.23688232227274697
F_suf_лнұр,-0.08826442376492005
F_suf_балнұр,0.4403150013934365
L_pre_турсы,-0.026101940721118197
L_турсынбаева,0.4221863884324128
L_pre_турс,0.0059124514441849215
F_suf_алнұр,0.4403150013934365
L_pre_турсын,-0.026101940721118197
F_pre_балнұ,0.4403150013934365
F_балнұр,0.4403150013934365
F_pre_балнұр,0.4403150013934365
F_pre_балн,0.4403150013934365
L_дүйсенбекқызы,0.43864309140141683
F_suf_гадана,0.2179835104527877
F_pre_агад,0.2785147650758365
F_агадана,0.2179835104527877
F_pre_агада,0.2785147650758365
F_suf_адана,0.2179835104527877
F_pre_агадан,0.2179835104527877
L_pre_мұқан,-0.036077153203221676
L_pre_мұқ,-0.036077153203221676
L_suf_қан,-0.43758215433319103
L_suf_ұқан,-0.43758215433319103
L_suf_мұқан,-0.43758215433319103
L_pre_мұқа,-0.036077153203221676
L_мұқан,-0.43758215433319103
F_suf_дилям,0.35723289526040697
L_айтжанқызы,0.4306640021062144
F_suf_адилям,0.35723289526040697
F_pre_адилям,0.35723289526040697
F_адилям,0.35723289526040697
F_suf_илям,0.35723289526040697
F_pre_жана,-0.456147440494792
F_жанат,-0.5393458788566123
F_pre_жанат,-0.5393458788566123
L_pre_кабы,-0.006758156840680649
L_pre_кабыл,-0.006758156840680649
L_pre_кабылб,-0.006758156840680649
L_кабылбеков,-0.523932137707694
F_pre_cо,0.27622384299833436
F_suf_cофия,0.27622384299833436
F_pre_cофи,0.27622384299833436
F_pre_cофия,0.27622384299833436
L_қайыржанқызы,0.461292654613466
L_pre_қайырж,-0.03144562172720126
F_pre_cоф,0.27622384299833436
F_cофия,0.27622384299833436
L_pre_батырб,-0.028016833795550592
L_suf_тырбек,-0.454262315259229
L_батырбек,-0.454262315259229
F_pre_горд,-0.2639142871814078
F_suf_ордей,-0.2639142871814078
F_suf_рдей,-0.2639142871814078
F_гордей,-0.2639142871814078
F_pre_гордей,-0.2639142871814078
F_suf_дей,-0.3175515130233147
F_suf_гордей,-0.2639142871814078
F_pre_горде,-0.2639142871814078
F_pre_алика,0.46117012242490907
L_pre_нурах,-0.012258522446219276
F_алика,0.46117012242490907
L_pre_нурахм,-0.012258522446219276
L_нурахметова,0.39477441061685864
L_мейрамқызы,0.4709404900206276
L_suf_амқызы,0.4709404900206276
F_pre_аиг,0.22399052754696183
F_pre_аигим,0.22399052754696183
F_suf_гима,0.2643123170544227
F_pre_аиги,0.22399052754696183
F_suf_игима,0.22399052754696183
L_махмутова,0.40822498968791404
F_аигима,0.22399052754696183
F_suf_аигима,0.22399052754696183
L_suf_мутова,0.40822498968791404
F_pre_аигима,0.22399052754696183
F_suf_һман,-0.24550231827320707
F_абдіраһман,-0.24550231827320707
F_suf_раһман,-0.24550231827320707
F_suf_аһман,-0.24550231827320707
F_suf_ижалил,-0.23145090564703824
F_suf_жалил,-0.24132728767454806
F_suf_лил,-0.2429745251009193
F_suf_алил,-0.2429745251009193
F_абдижалил,-0.23145090564703824
F_pre_шо,-0.2494537956396756
F_pre_шох,-0.2494537956396756
L_suf_сылбек,-0.42229669271974235
F_pre_шохру,-0.2494537956396756
F_pre_шохрух,-0.2494537956396756
L_suf_ылбек,-0.40048198281033287
F_шохрух,-0.2494537956396756
F_suf_шохрух,-0.2494537956396756
F_pre_шохр,-0.2494537956396756
F_suf_охрух,-0.2494537956396756
L_асылбек,-0.42229669271974235
F_suf_гран,-0.2690158812139672
L_орынбасар,-0.42598380838483124
F_pre_тигран,-0.2690158812139672
L_suf_нбасар,-0.42598380838483124
F_тигран,-0.2690158812139672
F_pre_тигра,-0.2690158812139672
F_pre_тиг,-0.2690158812139672
F_suf_тигран,-0.2690158812139672
F_pre_ти,-0.09395745317929176
F_suf_игран,-0.2690158812139672
F_pre_тигр,-0.2690158812139672
F_pre_магаме,-0.2803457232255656
F_pre_маг,-0.2803457232255656
F_suf_агамед,-0.2803457232255656
F_магамед,-0.2803457232255656
F_suf_гамед,-0.2803457232255656
F_pre_мага,-0.2803457232255656
F_suf_амед,-0.2643507099269165
F_pre_магам,-0.2803457232255656
L_ракишев,-0.5075144194086205
L_pre_рак,-0.02215478038082822
L_pre_раки,-0.02215478038082822
L_pre_ракише,-0.02215478038082822
L_pre_ракиш,-0.02215478038082822
F_suf_иния,0.24732564965645754
F_suf_ксиния,0.24732564965645754
F_suf_синия,0.24732564965645754
F_аксиния,0.24732564965645754
L_suf_аирова,0.4067158582273839
F_pre_акси,0.24732564965645754
F_pre_аксини,0.24732564965645754
F_pre_аксин,0.24732564965645754
F_pre_акс,0.2615040544659896
L_каирова,0.4067158582273839
F_suf_бділ,-0.3237316905304823
F_suf_абділ,-0.3237316905304823
L_бейсембаев,-0.4410257374124
F_suf_діл,-0.3621035252026815
L_pre_бейсем,0.02414957267501864
F_абділ,-0.3237316905304823
L_pre_ержанұ,-0.3412177369306361
F_pre_гарни,-0.25948581197957465
F_suf_гарник,-0.25948581197957465
L_ержанұлы,-0.3412177369306361
F_pre_гарн,-0.25948581197957465
L_suf_жанұлы,-0.43648041022739675
F_suf_рник,-0.25948581197957465
F_suf_арник,-0.25948581197957465
F_pre_гарник,-0.25948581197957465
F_гарник,-0.25948581197957465
F_pre_аалам,-0.32330222077521653
F_pre_аал,-0.32330222077521653
F_аалам,-0.32330222077521653
F_pre_аала,-0.32330222077521653
F_suf_аалам,-0.32330222077521653
F_suf_маль,-0.03152902472511427
F_pre_кемал,-0.39079330230259923
F_pre_кем,-0.39079330230259923
F_pre_кема,-0.39079330230259923
F_suf_кемаль,-0.39079330230259923
F_кемаль,-0.39079330230259923
F_suf_емаль,-0.39079330230259923
F_pre_кемаль,-0.39079330230259923
L_бекболат,-0.3463602737181118
F_suf_имофей,-0.27148232904725056
F_pre_тим,-0.295542316993527
F_suf_фей,-0.27148232904725056
L_suf_кболат,-0.3463602737181118
F_pre_тимофе,-0.27148232904725056
F_pre_тимоф,-0.27148232904725056
F_pre_тимо,-0.27148232904725056
F_тимофей,-0.27148232904725056
F_suf_мофей,-0.27148232904725056
F_suf_офей,-0.27148232904725056
F_іңжуқазына,0.2433218099727545
F_suf_қазына,0.2433218099727545
F_suf_азына,0.2433218099727545
F_suf_зына,0.2433218099727545
F_pre_іңжуқ,0.2433218099727545
F_suf_ына,0.2433218099727545
F_pre_іңжуқа,0.2433218099727545
F_suf_гузал,0.4271410440870027
F_suf_узал,0.4271410440870027
F_suf_зал,0.13673685831361307
F_гузал,0.4271410440870027
L_pre_ихсан,0.0455497791654892
L_pre_ихсано,0.0455497791654892
F_pre_адм,0.23085849477320333
F_pre_адмир,0.23085849477320333
L_ихсанова,0.5625099543732754
F_suf_адмира,0.23085849477320333
F_pre_адми,0.23085849477320333
F_адмира,0.23085849477320333
L_pre_ихса,0.0455497791654892
F_pre_адмира,0.23085849477320333
F_suf_дмира,0.23085849477320333
L_pre_их,0.0455497791654892
L_pre_ихс,0.0455497791654892
F_suf_жани,0.3171254584957075
L_pre_есенга,-0.052552713481082494
F_pre_аджани,0.3171254584957075
L_pre_есенг,-0.044093051331803156
F_suf_джани,0.3171254584957075
F_аджани,0.3171254584957075
F_suf_аджани,0.3171254584957075
L_есенгалиева,0.43391212703769094
F_pre_аджан,0.3171254584957075
L_suf_заев,-0.37698487832779487
L_suf_разаев,-0.37698487832779487
L_оразаев,-0.37698487832779487
L_suf_азаев,-0.37698487832779487
L_жақсыбекқызы,0.34947160181407055
F_pre_анжел,0.25859490420652254
F_pre_анже,0.25859490420652254
F_анжелина,0.23771372820743267
F_pre_анжели,0.2582400030652873
L_pre_жақсыб,-0.03597606864929572
F_pre_анж,0.25859490420652254
F_suf_желина,0.29223503853242505
F_suf_маннап,-0.2602906817841183
F_абдіманнап,-0.2602906817841183
F_suf_аннап,-0.2602906817841183
L_pre_әмірха,-0.014081700781322141
L_pre_әмірх,-0.014081700781322141
L_suf_ірхан,-0.4379547737673155
L_әмірхан,-0.39315714365781224
F_suf_ннап,-0.2602906817841183
L_suf_мірхан,-0.4379547737673155
L_pre_утеге,0.02508479377285485
L_pre_утег,0.02508479377285485
L_pre_утеген,0.02508479377285485
L_утегенов,-0.4271896461417415
F_pre_акса,0.24543721301080548
F_аксана,0.24543721301080548
F_suf_аксана,0.24754123612078516
F_pre_аксана,0.24543721301080548
F_pre_аксан,0.24543721301080548
L_қайратқызы,0.4146216370595579
F_айша,0.3960988885478395
F_suf_айша,0.3305105047034238
F_suf_нтанем,0.34362380661405706
F_карделентанем,0.34362380661405706
F_pre_кард,0.34362380661405706
F_pre_кардел,0.34362380661405706
F_pre_карде,0.34362380661405706
F_suf_нем,0.3185196017012182
F_suf_танем,0.34362380661405706
F_suf_анем,0.3185196017012182
F_pre_дара,0.5321652972404811
F_дара,0.5321652972404811
F_suf_дара,0.3583682605524613
L_қанатқызы,0.3830316012138936
L_pre_қанатқ,0.3830316012138936
L_алдаберген,-0.37423866337855255
L_pre_алдаб,-0.023988065781979033
F_suf_олод,-0.2425301511930159
F_suf_лод,-0.2425301511930159
F_pre_всев,-0.2425301511930159
F_pre_все,-0.2425301511930159
L_pre_алдабе,-0.023988065781979033
F_pre_всево,-0.2425301511930159
L_pre_алд,-0.01347707730646468
L_pre_алда,-0.023988065781979033
F_pre_вс,-0.2425301511930159
F_suf_волод,-0.2425301511930159
F_всеволод,-0.2425301511930159
F_pre_всевол,-0.2425301511930159
F_suf_еволод,-0.2425301511930159
F_suf_ьтер,-0.3231344824225939
F_pre_вальте,-0.3231344824225939
F_suf_альтер,-0.3231344824225939
F_suf_тер,-0.3231344824225939
F_suf_льтер,-0.3231344824225939
F_вальтер,-0.3231344824225939
F_pre_вальт,-0.3231344824225939
F_pre_валь,-0.3231344824225939
L_болатбек,-0.42804611282867583
L_suf_атбек,-0.3801783373885219
L_suf_латбек,-0.42804611282867583
F_pre_анник,0.23587030687134272
F_pre_анни,0.23587030687134272
F_suf_нника,0.23587030687134272
L_арыстанбекқызы,0.4373246413202612
F_анника,0.23587030687134272
F_pre_анника,0.23587030687134272
F_suf_анника,0.23587030687134272
L_pre_жанае,0.0739722909653393
L_жанаева,0.42500483127074945
L_pre_жанаев,0.0739722909653393
F_pre_ізнияз,-0.2878552729998499
F_suf_ізнияз,-0.2878552729998499
F_ізнияз,-0.2878552729998499
F_pre_ізния,-0.2878552729998499
L_кенжебеков,-0.4167436678354997
F_suf_знияз,-0.2878552729998499
F_pre_ізни,-0.2878552729998499
F_suf_нияз,-0.2878552729998499
F_suf_змурат,-0.2649082423162661
F_ізмурат,-0.2649082423162661
F_suf_рат,-0.32758214295336
F_pre_ізмура,-0.2649082423162661
F_suf_урат,-0.3088778582420057
F_pre_ізму,-0.2649082423162661
F_pre_ізмур,-0.2649082423162661
F_suf_мурат,-0.3088778582420057
F_suf_мерт,-0.5301098695130452
F_pre_мерт,-0.5301098695130452
L_ғабит,-0.3828143324868208
F_мерт,-0.5301098695130452
L_pre_ғаб,-0.016859312923600482
L_suf_абит,-0.38883219540283104
L_pre_ғабит,-0.016859312923600482
L_suf_бит,-0.4127115433379259
L_suf_ит,-0.4211482543443459
L_suf_ғабит,-0.3828143324868208
L_pre_ғаби,-0.016859312923600482
F_pre_георг,-0.2558428403575799
F_pre_гео,-0.2558428403575799
L_pre_саг,-0.01664811308373238
F_pre_георги,-0.2558428403575799
F_георгий,-0.2558428403575799
F_suf_оргий,-0.2558428403575799
F_suf_еоргий,-0.2558428403575799
L_pre_сагим,-0.0658991354071034
L_pre_сагимб,-0.0658991354071034
F_pre_геор,-0.2558428403575799
F_suf_ргий,-0.2558428403575799
L_pre_саги,-0.011019783927202202
L_сагимбаев,-0.46997699447138386
F_suf_гий,-0.2558428403575799
L_pre_бекс,0.05892008312301769
L_бексултанов,-0.4615169094091604
L_pre_бексул,0.05892008312301769
L_pre_бексу,0.05892008312301769
L_suf_танов,-0.4219912366390759
L_suf_лтанов,-0.4568875328761247
L_pre_айдарб,-0.05231372236390261
L_айдарбек,-0.5406768134670735
F_pre_абза,0.1932804289439929
F_pre_абзал,0.009335408412696915
F_suf_бзал,0.009335408412696915
F_pre_абз,0.1932804289439929
F_абзал,0.009335408412696915
F_suf_абзал,0.009335408412696915
L_нурмаганбетов,-0.3834133290880594
F_pre_ильяс,-0.28827171759760356
L_suf_нбетов,-0.4419051944548064
F_suf_ильяс,-0.28827171759760356
F_pre_илья,-0.5844914136631033
F_suf_льяс,-0.28827171759760356
F_suf_ьяс,-0.28827171759760356
L_pre_нурмаг,-0.037382455794275314
F_ильяс,-0.28827171759760356
L_pre_каирбе,-0.014991669697608663
L_pre_каирб,-0.014991669697608663
L_каирбеков,-0.4452366537507289
F_pre_карим,-0.4906584370880175
F_карим,-0.4906584370880175
L_pre_ток,0.027365927035536843
L_pre_токта,0.03992657660491743
L_pre_токтар,0.03992657660491743
L_pre_токт,0.03992657660491743
L_токтаров,-0.40061454500473964
F_pre_кари,-0.1950135560395923
L_suf_ктаров,-0.40061454500473964
F_suf_імсұлу,0.36101541336567905
L_мукатаева,0.5305368024753151
L_pre_муката,-0.0039784347970145476
F_ізімсұлу,0.36101541336567905
F_pre_ізімсұ,0.36101541336567905
F_suf_мсұлу,0.36101541336567905
F_suf_сұлу,0.34859049715609736
L_pre_мукат,-0.0039784347970145476
F_suf_лу,0.35369068899391637
F_pre_ізімс,0.36101541336567905
F_suf_ұлу,0.34859049715609736
F_илюза,0.3202416647557196
F_pre_илюз,0.3202416647557196
F_pre_илюза,0.3202416647557196
F_suf_юза,0.3202416647557196
F_pre_илю,0.3202416647557196
F_suf_люза,0.3202416647557196
L_орынбасарқызы,0.5101354615099796
F_suf_илюза,0.3202416647557196
F_айхан,-0.5791084329193816
L_ахметкалиев,-0.4193953325486726
F_pre_айха,-0.5791084329193816
F_pre_айх,-0.24667443727788865
F_pre_айхан,-0.5791084329193816
F_suf_арон,-0.3146621741617528
F_аарон,-0.3146621741617528
F_pre_ааро,-0.3273925164575088
F_suf_аарон,-0.3146621741617528
F_pre_аарон,-0.3273925164575088
F_pre_ақер,0.25536091975078945
F_pre_ақерке,0.25536091975078945
L_pre_махано,0.046364142732622106
F_ақерке,0.25536091975078945
F_pre_ақерк,0.25536091975078945
F_suf_ақерке,0.25536091975078945
F_suf_қерке,0.25536091975078945
F_pre_ақе,0.25536091975078945
L_маханова,0.5203143899012603
L_pre_абдрам,0.0445111239507583
F_манас,-0.443139334516528
F_pre_манас,-0.443139334516528
L_абдраманов,-0.4437647661230598
F_pre_мана,-0.443139334516528
F_pre_абілм,-0.2490672806533352
F_pre_абілмә,-0.25255685063913574
F_suf_мәнсұр,-0.25610099011360105
F_абілмәнсұр,-0.25610099011360105
F_suf_әнсұр,-0.25610099011360105
L_отарбаев,-0.3175538130773525
L_pre_жүсіп,-0.009846595822791245
L_жүсіпқызы,0.3922618302052411
L_pre_жү,-0.01649041129370827
L_suf_пқызы,0.44211859832338335
L_suf_іпқызы,0.3922618302052411
L_pre_жүсі,-0.009846595822791245
L_pre_жүсіпқ,0.3922618302052411
L_pre_жүс,-0.009846595822791245
F_suf_дик,-0.6092024175249304
F_suf_адик,-0.6092024175249304
F_pre_адик,-0.13029645983180566
F_адик,-0.6092024175249304
L_адилова,0.5024722179769584
F_айимбону,0.2693171788385572
F_suf_ону,0.28395690412089575
F_pre_айимб,0.2693171788385572
F_pre_айим,0.2693171788385572
F_suf_имбону,0.2693171788385572
F_suf_мбону,0.2693171788385572
L_жолдыбаева,0.39479852061533605
L_pre_жолды,0.009018110954877747
F_pre_айимбо,0.2693171788385572
F_suf_бону,0.28395690412089575
L_pre_жолдыб,0.009018110954877747
F_suf_aли,-0.6081239269959803
F_aли,-0.6081239269959803
F_suf_ёда,0.28008717161229457
F_pre_зиёд,0.28008717161229457
F_pre_зиёда,0.28008717161229457
F_pre_зиё,0.28008717161229457
F_зиёда,0.28008717161229457
F_suf_зиёда,0.28008717161229457
F_suf_иёда,0.28008717161229457
L_нурмагамбетова,0.339772115134128
F_аамир,-0.3551109040721215
L_suf_либаев,-0.4108765171379903
F_suf_аамир,-0.3551109040721215
L_алибаев,-0.390300311058384
F_pre_аами,-0.3551109040721215
F_pre_аам,0.11569996678126071
F_pre_аамир,-0.3551109040721215
F_suf_дыр,-0.2437700951512227
F_suf_икадыр,-0.24141189924904918
L_сапаргалиев,-0.3672573360927283
F_абдикадыр,-0.24141189924904918
F_suf_кадыр,-0.2432615097722858
F_suf_адыр,-0.2437700951512227
L_pre_сапарг,-0.009659637971950649
F_абдимансур,-0.2573620667550604
L_pre_байсе,-0.05014816920588009
L_pre_байсеи,-0.05014816920588009
L_pre_байс,-0.05014816920588009
L_байсеитова,0.4393191398027876
F_suf_аным,0.30419374867213583
F_suf_яханым,0.3181225370455736
F_pre_аделия,0.2706311635830798
F_suf_ным,0.30419374867213583
F_аделияханым,0.3181225370455736
F_suf_ханым,0.3181225370455736
L_suf_еубаев,-0.44390410671962094
L_pre_тулеу,-0.03244502211899252
L_pre_тулеуб,-0.01617416124455452
L_тулеубаев,-0.3814380701075858
L_төлепберген,-0.6159759022013599
F_pre_марк,-0.420164164563617
F_марку,-0.3799232599749868
F_suf_арку,-0.3799232599749868
F_suf_марку,-0.3799232599749868
F_suf_ку,-0.3799232599749868
F_suf_рку,-0.3799232599749868
F_pre_марку,-0.3799232599749868
F_suf_ңкәрай,0.34116501672887367
F_suf_рай,0.3614520408176059
F_pre_іңкәра,0.39416140931491594
F_suf_әрай,0.32680734749550117
F_suf_кәрай,0.32680734749550117
F_іңкәрай,0.34116501672887367
F_ізгіжан,0.03392650951999936
F_pre_ізгіжа,0.03392650951999936
F_suf_згіжан,0.03392650951999936
F_suf_іжан,0.03392650951999936
F_suf_гіжан,0.03392650951999936
F_pre_ізгіж,0.03392650951999936
F_pre_асылж,-0.3869568555041303
F_pre_асылжа,-0.3869568555041303
F_suf_ылжан,-0.3869568555041303
L_сапарбаев,-0.4069728102850442
F_pre_асы,-0.09330882352802294
F_асылжан,-0.3869568555041303
F_pre_асыл,-0.09330882352802294
F_suf_сылжан,-0.3869568555041303
F_pre_алимж,-0.3590710605571828
L_suf_даулет,-0.4158770835179166
F_алимжан,-0.3590710605571828
F_suf_имжан,-0.3590710605571828
F_pre_алимжа,-0.3590710605571828
F_suf_лимжан,-0.3590710605571828
L_даулет,-0.4158770835179166
L_suf_лет,-0.4307957890585691
L_suf_улет,-0.4307957890585691
F_pre_алим,-0.1211058964507534
L_suf_аулет,-0.4158770835179166
F_suf_злата,0.27487375560228783
F_злата,0.27487375560228783
F_pre_зла,0.27487375560228783
F_suf_лата,0.27487375560228783
F_pre_зл,0.27487375560228783
F_pre_злата,0.27487375560228783
F_pre_злат,0.27487375560228783
L_suf_бдиров,-0.45029665236145927
L_абдиров,-0.45029665236145927
F_suf_адхан,-0.2861666784456043
F_абадхан,-0.2861666784456043
L_pre_абдир,0.057620009246885026
F_pre_абадха,-0.2861666784456043
L_pre_абдиро,0.057620009246885026
L_suf_диров,-0.40937314425418203
F_pre_абадх,-0.2861666784456043
F_suf_бадхан,-0.2861666784456043
F_suf_дхан,-0.2861666784456043
L_suf_ымова,0.40801765945712243
L_suf_сымова,0.40801765945712243
L_касымова,0.40801765945712243
L_шакиров,-0.41456327996781844
L_pre_наби,-0.0628934244108905
F_suf_льина,0.2280454817759156
F_pre_адельи,0.28425366794840096
F_адельина,0.2280454817759156
F_suf_ельина,0.2280454817759156
L_набиева,0.4805605687159611
L_pre_наб,-0.0628934244108905
F_suf_ьина,0.2280454817759156
L_pre_набиев,-0.0628934244108905
L_pre_набие,-0.0628934244108905
L_кожабаева,0.40648428723331786
F_юлдуз,0.344741330258051
F_suf_юлдуз,0.344741330258051
L_pre_кожаба,0.03563963388021225
F_pre_юлдуз,0.344741330258051
F_suf_лдуз,0.344741330258051
L_pre_кожаб,-0.009552699647686604
F_suf_дуз,0.344741330258051
F_pre_юлд,0.344741330258051
F_pre_юлду,0.344741330258051
F_pre_юл,0.1366242703588913
F_pre_абелл,0.27750407732098986
F_абелла,0.27750407732098986
F_pre_абелла,0.27750407732098986
F_pre_данае,0.3581062360572311
L_pre_жамбыл,-0.0274799331740892
L_suf_ылқызы,0.39152546493863327
L_pre_жамбы,-0.0274799331740892
F_pre_данаел,0.3581062360572311
F_pre_дана,0.32447147303872864
F_данаель,0.3581062360572311
F_suf_наель,0.3581062360572311
L_pre_жамб,-0.0274799331740892
L_pre_жам,-0.0274799331740892
F_suf_аель,0.3581062360572311
F_suf_анаель,0.3581062360572311
L_жамбылқызы,0.39152546493863327
L_сарсембаева,0.418275654816176
L_pre_сарсем,-0.010344474434904516
F_suf_ната,0.33158579295186463
F_pre_рината,0.37163042969557425
F_pre_ринат,-0.07820276806483327
F_suf_ината,0.2996977686393909
F_suf_рината,0.2996977686393909
F_pre_рин,-0.07820276806483327
F_рината,0.37163042969557425
F_pre_рина,-0.07820276806483327
F_pre_ри,0.16656060133346015
F_suf_илек,-0.29180702658036656
F_нуртилек,-0.30377875054166914
F_suf_ртилек,-0.30377875054166914
F_pre_нурти,-0.30377875054166914
L_suf_силов,-0.42491080266664844
F_suf_тилек,-0.29180702658036656
L_pre_абдрас,0.01551829255755248
F_pre_нуртил,-0.30377875054166914
L_абдрасилов,-0.42491080266664844
L_suf_асилов,-0.42491080266664844
F_pre_нурт,-0.30377875054166914
L_suf_улепов,-0.4047996884154787
L_тулепов,-0.4047996884154787
L_suf_лепов,-0.4047996884154787
F_suf_раким,-0.24174332115139377
F_suf_аким,-0.2792177226704648
L_батырхан,-0.4216668511560361
F_pre_абдар,-0.27075340747978294
F_pre_абдара,-0.24174332115139377
L_suf_ырхан,-0.4216668511560361
F_suf_араким,-0.24174332115139377
F_suf_ким,-0.2792177226704648
F_абдараким,-0.24174332115139377
L_suf_тырхан,-0.4216668511560361
F_pre_ата,-0.251733762745576
F_suf_атабек,-0.251733762745576
F_атабек,-0.251733762745576
F_pre_атаб,-0.251733762745576
F_pre_атабе,-0.251733762745576
F_pre_атабек,-0.251733762745576
F_pre_ат,-0.251733762745576
L_оразов,-0.42316640080286944
L_suf_разов,-0.4302401462110149
L_suf_оразов,-0.42316640080286944
L_pre_оразов,0.010437814956933314
L_suf_зов,-0.437646882299551
L_suf_азов,-0.4302401462110149
L_pre_оразо,0.010437814956933314
L_ерланқызы,0.36191313308371753
L_pre_ерланқ,0.36191313308371753
F_рамзан,-0.32106604005025874
F_suf_рамзан,-0.32106604005025874
F_pre_рамз,0.04894236555984354
F_pre_рамзан,-0.32106604005025874
F_pre_рамза,-0.32106604005025874
F_suf_амзан,-0.32106604005025874
F_suf_мзан,-0.32106604005025874
F_iңкәр,0.3962401513007394
F_pre_iңкә,0.3962401513007394
F_suf_iңкәр,0.3962401513007394
F_pre_iңкәр,0.3962401513007394
F_pre_iң,0.3962401513007394
F_pre_iңк,0.3962401513007394
F_тасним,0.35158649084083937
F_suf_сним,0.35158649084083937
F_pre_тасн,0.35158649084083937
F_pre_тасним,0.35158649084083937
F_suf_тасним,0.35158649084083937
F_pre_тасни,0.35158649084083937
F_suf_асним,0.35158649084083937
F_pre_тас,0.35158649084083937
F_suf_елани,0.36166606961913317
F_suf_мелани,0.36166606961913317
F_мелани,0.36166606961913317
F_suf_лани,0.36166606961913317
F_suf_тэона,0.2753717396043544
F_pre_тэон,0.2753717396043544
F_suf_эона,0.2753717396043544
F_pre_тэона,0.2753717396043544
F_pre_тэ,0.2753717396043544
F_тэона,0.2753717396043544
F_pre_тэо,0.2753717396043544
L_pre_тлег,0.034429302647249124
F_асмоа,0.3169196221025003
L_pre_тлеген,0.034429302647249124
F_suf_оа,0.3169196221025003
F_pre_асмоа,0.3169196221025003
L_pre_тлеге,0.034429302647249124
L_тлегенова,0.41751813065716237
F_pre_асмо,0.3169196221025003
F_suf_смоа,0.3169196221025003
F_suf_моа,0.3169196221025003
F_suf_асмоа,0.3169196221025003
L_pre_шарип,-0.005118351502531473
F_aқәди,-0.30413288323814774
F_pre_aқәд,-0.30413288323814774
L_suf_рипов,-0.4241843524122077
F_pre_aқә,-0.30413288323814774
L_шарипов,-0.4241843524122077
F_suf_қәди,-0.30413288323814774
L_pre_шар,-0.005118351502531473
F_pre_aқ,-0.30413288323814774
F_pre_aқәди,-0.30413288323814774
L_pre_шарипо,-0.005118351502531473
L_suf_арипов,-0.4241843524122077
L_pre_шари,-0.005118351502531473
F_suf_әди,-0.30413288323814774
F_suf_aқәди,-0.30413288323814774
F_suf_пат,0.049374974812562866
F_suf_ипат,-0.046564849414641445
F_suf_лтипат,-0.046564849414641445
F_pre_ілтипа,-0.046564849414641445
F_pre_ілти,0.18706751568725813
F_suf_типат,-0.046564849414641445
F_pre_ілт,0.18706751568725813
L_suf_тасова,0.5006773006285623
L_бектасова,0.5006773006285623
L_pre_бекта,0.07187651086588615
L_pre_бект,0.03191522700641907
F_ілтипат,-0.046564849414641445
L_pre_бектас,0.07187651086588615
F_pre_ілтип,0.09404406299126652
L_асанбаев,-0.3811683382576039
F_рухшана,0.2542730189498387
F_suf_шана,0.2542730189498387
F_suf_хшана,0.2542730189498387
F_suf_ухшана,0.2542730189498387
F_pre_рухша,0.2542730189498387
F_pre_рухшан,0.2542730189498387
F_pre_виро,0.24903677748740657
F_pre_вирони,0.24903677748740657
F_вироника,0.24903677748740657
F_pre_вирон,0.24903677748740657
L_әмірбекқызы,0.44713277438778887
F_pre_абибі,0.3662934376220051
F_абибі,0.3662934376220051
F_suf_онасий,-0.2576339681422378
L_suf_ьбаев,-0.4426645534145163
L_кульбаев,-0.4426645534145163
F_suf_асий,-0.2589544425949652
F_suf_насий,-0.2589544425949652
L_pre_куль,0.029548856337974178
F_pre_афо,-0.2576339681422378
L_pre_кульба,0.029548856337974178
L_pre_кульб,0.029548856337974178
F_pre_афона,-0.2576339681422378
F_афонасий,-0.2576339681422378
F_pre_аф,0.0194664207402798
L_suf_льбаев,-0.4426645534145163
F_pre_афон,-0.2576339681422378
F_pre_афонас,-0.2576339681422378
F_мерей,0.6479866435709285
F_suf_ерей,0.23413564455750865
F_pre_мерей,0.6479866435709285
L_тұрарқызы,0.46803735590866996
L_pre_тұра,-0.03299000121918746
L_pre_тұрарқ,0.46803735590866996
L_pre_тұрар,-0.03299000121918746
F_suf_мерей,0.6479866435709285
F_pre_мере,0.10781212572092572
F_дана,0.761732495863248
F_suf_алла,0.04441291835757264
L_pre_құдай,-0.0043899392227686575
F_абдалла,-0.48657382348155903
L_pre_құда,-0.0043899392227686575
L_құдайбергенов,-0.49815304435392554
F_suf_далла,-0.48657382348155903
F_suf_бдалла,-0.48657382348155903
L_pre_құдайб,-0.0043899392227686575
L_pre_құд,-0.0043899392227686575
L_жумабек,-0.390097302957451
L_suf_мабек,-0.41969929965213043
L_suf_умабек,-0.390097302957451
L_suf_абек,-0.4164208779245499
F_pre_еркеб,-0.3453513537149389
F_suf_ебұлан,-0.3453513537149389
F_suf_ұлан,-0.3186153127036981
F_suf_бұлан,-0.3453513537149389
F_pre_ерк,0.1684307768104362
F_еркебұлан,-0.3453513537149389
F_pre_ерке,0.1684307768104362
F_pre_еркебұ,-0.3453513537149389
F_pre_глафир,0.2598403250330983
F_pre_гла,0.2598403250330983
F_pre_глаф,0.2598403250330983
L_suf_ринова,0.4287560204043756
F_pre_гл,-0.08208753682130703
F_глафира,0.2598403250330983
F_suf_лафира,0.2598403250330983
F_suf_афира,0.2598403250330983
F_pre_глафи,0.2598403250330983
L_аринова,0.4287560204043756
F_suf_інкәр,0.461985548002626
F_інкәр,0.461985548002626
F_suf_нкәр,0.461985548002626
L_құрманғазықызы,0.4921410626255383
F_suf_адинна,0.2442970745522991
F_адинна,0.2442970745522991
L_pre_ғалымқ,0.3975727801456676
F_pre_адинн,0.2442970745522991
F_suf_динна,0.2442970745522991
L_ғалымқызы,0.3975727801456676
F_pre_адинна,0.2442970745522991
F_pre_асия,0.4242957437011779
F_асия,0.4527864905973002
L_бегалиева,0.5328904337837009
F_suf_шат,0.3523937001135623
F_pre_камшат,0.32832967531337
L_каримова,0.6209579843800292
F_suf_камшат,0.32832967531337
F_pre_камша,0.32832967531337
L_suf_римова,0.45231779328690414
F_suf_мшат,0.32832967531337
L_pre_карим,0.06654610483801156
L_pre_каримо,0.06654610483801156
F_pre_камш,0.32832967531337
F_камшат,0.32832967531337
F_suf_амшат,0.32832967531337
F_pre_аделя,0.29717634846691127
L_серікқызы,0.3877317232424924
F_suf_делят,0.28665669860732557
F_suf_аделят,0.28665669860732557
F_pre_аделят,0.28665669860732557
F_suf_елят,0.28665669860732557
F_аделят,0.28665669860732557
F_suf_ғаным,0.28515236585068415
F_pre_айған,0.28515236585068415
F_pre_айға,0.28515236585068415
L_pre_ған,-0.07849222253233668
L_pre_ғаниқы,0.3359948540148304
F_айғаным,0.28515236585068415
F_pre_айғ,0.28515236585068415
L_ғаниқызы,0.3359948540148304
F_pre_айғаны,0.28515236585068415
L_pre_ғани,-0.07849222253233668
L_pre_ғаниқ,0.3359948540148304
L_suf_ниқызы,0.3359948540148304
F_suf_йғаным,0.28515236585068415
L_исмаилова,0.5072391164723511
L_pre_исмаи,0.0452669786197445
L_pre_исмаил,0.0452669786197445
L_suf_рлыбай,-0.4218363174007565
L_нұрлыбай,-0.4218363174007565
L_suf_лыбай,-0.4218363174007565
F_pre_жав,-0.257774766027965
F_suf_вохир,-0.257774766027965
F_pre_жавохи,-0.257774766027965
F_жавохир,-0.257774766027965
F_pre_жаво,-0.257774766027965
F_suf_охир,-0.257774766027965
F_suf_авохир,-0.257774766027965
F_pre_жавох,-0.257774766027965
F_suf_етжан,-0.2977676021194103
F_ахметжан,-0.2467662706366075
F_pre_ах,-0.29613136152115144
F_pre_ахметж,-0.2467662706366075
F_suf_метжан,-0.2467662706366075
F_pre_ахмет,-0.27910948404828895
F_pre_ахме,-0.28683000338707154
F_pre_ахм,-0.29613136152115144
L_нурмухамбетов,-0.3874470935178181
F_suf_яйсан,0.3375493292939256
F_suf_йсан,0.3375493292939256
F_pre_ляйсан,0.3375493292939256
F_ляйсан,0.3375493292939256
F_pre_ляйса,0.3375493292939256
L_сұлтанқызы,0.3713391310270866
F_suf_ляйсан,0.3375493292939256
F_абигаиль,0.41516209108395086
F_pre_абигаи,0.4098055677837513
L_сарин,-0.47633310529078327
L_suf_рин,-0.47633310529078327
L_suf_арин,-0.47633310529078327
L_suf_сарин,-0.47633310529078327
F_самандар,-0.3246614224613896
F_suf_андар,-0.2885383377911814
F_pre_саман,-0.3246614224613896
F_suf_мандар,-0.3246614224613896
L_suf_ағат,-0.43469930781873684
L_pre_сағат,-0.02060833860428889
F_pre_саманд,-0.3246614224613896
F_pre_сама,-0.08438678135715301
L_pre_саға,-0.02060833860428889
F_suf_ндар,-0.2885383377911814
L_suf_сағат,-0.43469930781873684
L_сағат,-0.43469930781873684
F_suf_дынай,0.3759000949333584
F_suf_ынай,0.3172852932174123
F_адынай,0.323606941155419
F_pre_адынай,0.323606941155419
F_pre_адына,0.323606941155419
F_suf_адынай,0.323606941155419
F_pre_адын,0.323606941155419
F_pre_ізнұр,-0.41166006911641567
F_suf_ізнұр,-0.41166006911641567
F_suf_знұр,-0.41166006911641567
L_suf_буов,-0.3992138626041047
L_абуов,-0.3992138626041047
L_suf_абуов,-0.3992138626041047
F_ізнұр,-0.41166006911641567
F_pre_ізнұ,-0.41166006911641567
F_pre_седа,0.3603849063219813
F_suf_седа,0.3603849063219813
L_ерболқызы,0.3890084162615387
F_седа,0.3603849063219813
F_pre_сед,0.3603849063219813
F_suf_еда,0.3603849063219813
L_pre_ерболқ,0.3890084162615387
L_suf_олқызы,0.4010114272659241
F_pre_ромин,0.2700780537295099
F_ромина,0.2700780537295099
F_suf_ромина,0.2700780537295099
F_pre_роми,0.2700780537295099
F_pre_ром,-0.06041479458337776
F_pre_ромина,0.2700780537295099
F_suf_омина,0.2908380639552822
L_pre_мухамб,-0.004484536466866456
L_мухамбетов,-0.4689126521381466
F_suf_янур,0.3406725692855488
F_pre_айян,0.3406725692855488
F_suf_йянур,0.3406725692855488
F_pre_айянур,0.3406725692855488
F_pre_айяну,0.3406725692855488
F_suf_айянур,0.3406725692855488
F_pre_айя,0.38255445784182307
F_айянур,0.3406725692855488
L_pre_умбе,-0.01305078803949697
L_pre_умбет,-0.01305078803949697
L_pre_умб,-0.01305078803949697
L_pre_умбето,-0.01305078803949697
L_умбетов,-0.4188867927369023
F_suf_ельят,0.28637832857587764
F_suf_ьят,0.28637832857587764
F_suf_дельят,0.28637832857587764
F_suf_льят,0.28637832857587764
L_абдукаримова,0.3536252744381181
F_адельят,0.28637832857587764
F_pre_аделья,0.28637832857587764
F_pre_сап,0.2619832255499797
F_suf_пура,0.2619832255499797
L_ахметқызы,0.3533369201305402
F_suf_апура,0.2619832255499797
L_pre_ахметқ,0.3533369201305402
F_pre_сапура,0.2619832255499797
F_pre_сапур,0.2619832255499797
F_сапура,0.2619832255499797
F_suf_сапура,0.2619832255499797
F_pre_сапу,0.2619832255499797
F_suf_айриша,0.2203681924970398
F_suf_риша,0.2203681924970398
F_айриша,0.2203681924970398
F_pre_айриш,0.2203681924970398
F_pre_айриша,0.2203681924970398
F_suf_йриша,0.2203681924970398
F_pre_азада,0.40365049075558906
F_азадахан,0.40365049075558906
F_pre_азад,0.40365049075558906
F_pre_азадах,0.40365049075558906
F_suf_дахан,0.40365049075558906
F_suf_адахан,0.40365049075558906
L_жәнібекқызы,0.4930482923367738
L_ахметжанов,-0.48555197795643334
F_suf_аасим,-0.3236325703694131
F_suf_асим,-0.3236325703694131
F_pre_аасим,-0.3236325703694131
L_боранбай,-0.4079121989002818
F_pre_ааси,-0.3236325703694131
L_suf_ранбай,-0.4079121989002818
F_аасим,-0.3236325703694131
F_pre_аас,-0.3236325703694131
F_suf_глая,0.2619340834842211
F_аглая,0.2619340834842211
F_suf_аглая,0.2619340834842211
F_pre_аглая,0.2619340834842211
F_suf_лая,0.2619340834842211
F_pre_агла,0.37288785670553176
F_suf_ванеса,0.2677916435570601
F_pre_ване,0.2677916435570601
F_pre_ванеса,0.2677916435570601
F_ванеса,0.2677916435570601
F_suf_анеса,0.2677916435570601
F_pre_ванес,0.2677916435570601
F_pre_ван,0.2677916435570601
F_suf_еса,0.2677916435570601
L_баймбетова,0.3607982868984176
F_suf_неса,0.2677916435570601
F_suf_диса,0.3599980218151119
F_pre_адиса,0.3599980218151119
F_адиса,0.3599980218151119
F_suf_адиса,0.3599980218151119
L_pre_аманбе,0.00043645788447342886
F_pre_эт,0.3263798330196352
F_suf_тери,0.3263798330196352
F_pre_эте,0.3263798330196352
F_этери,0.3263798330196352
L_аманбекқызы,0.40410917831880644
F_suf_этери,0.3263798330196352
F_pre_этери,0.3263798330196352
F_pre_этер,0.3263798330196352
F_suf_ери,0.29086003884653083
F_suf_иэла,0.44335688178340704
L_сагиева,0.422216448666308
L_pre_сагиев,0.016024757664479198
L_pre_сагие,0.016024757664479198
F_suf_эла,0.35596961448028785
L_suf_гиева,0.422216448666308
L_suf_агиева,0.422216448666308
F_suf_аниэла,0.44335688178340704
F_suf_ниэла,0.44335688178340704
F_pre_даниэ,0.04734144758587444
F_pre_даниэл,0.04734144758587444
F_даниэла,0.44335688178340704
F_pre_абал,0.12733051335795048
L_уразгалиева,0.41453249451821356
F_абаль,0.5430441385036692
F_pre_абаль,0.5430441385036692
F_suf_абаль,0.5430441385036692
F_suf_баль,0.5430441385036692
L_жумаханова,0.4084411337567059
L_тасбулатов,-0.46558356220158603
F_тамирлан,-0.3482834216720749
L_pre_тасбул,-0.049890095960701035
F_pre_тамир,-0.3482834216720749
F_pre_тамирл,-0.3482834216720749
L_pre_тасбу,-0.049890095960701035
F_pre_адаску,0.2807749655954758
L_pre_аба,0.019854200680481614
L_pre_абае,0.07767206906347426
F_адаскул,0.2807749655954758
F_pre_адаск,0.26070121933831
F_pre_адас,0.4013347864921742
L_pre_абаева,0.40695951072257724
F_suf_аскул,0.2807749655954758
F_suf_скул,0.2807749655954758
F_suf_даскул,0.2807749655954758
L_абаева,0.40695951072257724
L_pre_абаев,0.07767206906347426
F_suf_ела,0.3696259015353716
F_pre_ела,0.20459337551166332
L_сейтжанова,0.35571017735241905
F_ела,0.7631593108265877
L_suf_станов,-0.383807382055539
F_pre_абілма,-0.24578310650417154
F_абілмансұр,-0.24194263108925398
L_арыстанов,-0.4014470668726408
L_нысанбаева,0.2905829865267087
L_pre_ны,0.029894888407264432
L_pre_нысан,0.029894888407264432
F_suf_хона,0.25484825271439027
F_suf_айхона,0.25484825271439027
L_pre_нысанб,0.029894888407264432
F_pre_райх,0.25484825271439027
F_suf_йхона,0.25484825271439027
F_pre_райхон,0.25484825271439027
L_pre_ныса,0.029894888407264432
F_pre_райхо,0.25484825271439027
F_райхона,0.25484825271439027
L_pre_ныс,0.029894888407264432
F_suf_азаль,0.4347241547920668
L_кенжетаева,0.5343811481227287
L_suf_етаева,0.5343811481227287
F_азаль,0.4347241547920668
L_pre_кенжет,0.02732085672757907
F_suf_азаля,0.3099824797468644
F_suf_заля,0.3099824797468644
F_suf_аля,0.3725772668167095
F_азаля,0.3099824797468644
F_pre_азаля,0.3099824797468644
L_suf_азиева,0.4021567421966143
L_pre_каз,0.03701020004244842
L_pre_кази,0.05470592287006453
F_видана,0.23143166307498414
F_pre_видана,0.23143166307498414
L_казиева,0.4021567421966143
L_pre_казие,0.05470592287006453
L_suf_зиева,0.4021567421966143
L_pre_казиев,0.05470592287006453
F_pre_вида,0.23143166307498414
F_pre_вид,0.23143166307498414
F_suf_идана,0.23143166307498414
F_suf_видана,0.23143166307498414
F_pre_видан,0.23143166307498414
L_pre_салимо,0.000637592537159242
L_suf_лимов,-0.44359291044663907
L_pre_салим,0.000637592537159242
L_pre_сал,0.000637592537159242
L_салимов,-0.37972046307783514
L_pre_сали,0.000637592537159242
L_suf_алимов,-0.44359291044663907
L_альжанова,0.49872379895038893
L_султанбеков,-0.5082466846713932
F_suf_ижан,-0.15523194986819347
F_абдижан,-0.38059926394489335
F_suf_дижан,0.03429738871938971
F_suf_бдижан,-0.38059926394489335
F_pre_адельд,0.17853337242446046
F_адельдениза,0.17853337242446046
L_pre_казбек,0.02032905291727827
L_pre_казбе,0.02032905291727827
L_pre_казб,0.02032905291727827
L_казбеков,-0.41973422149686346
F_лариса,0.23543109332910142
F_pre_лар,0.23543109332910142
F_suf_лариса,0.23543109332910142
F_suf_риса,0.23543109332910142
F_pre_лари,0.23543109332910142
F_pre_лариса,0.23543109332910142
F_suf_ариса,0.23543109332910142
F_pre_ларис,0.23543109332910142
F_suf_зелина,0.228524301763126
F_азелина,0.228524301763126
F_pre_азелин,0.228524301763126
F_pre_азели,0.228524301763126
L_pre_жек,0.03746444701912339
F_pre_мөл,0.32563755239654807
F_pre_мөлді,0.32563755239654807
F_suf_өлдір,0.3544476995542588
F_suf_дір,-0.09413309149928097
F_suf_мөлдір,0.3544476995542588
F_pre_мөлд,0.32563755239654807
F_pre_мөлдір,0.32563755239654807
F_suf_ір,-0.1485416928887053
F_suf_лдір,0.3544476995542588
L_pre_жексе,0.03746444701912339
L_жексенбаева,0.4239676320332756
F_pre_мө,0.32563755239654807
F_мөлдір,0.32563755239654807
L_pre_жекс,0.03746444701912339
L_pre_жексен,0.03746444701912339
L_pre_темирг,-0.053697444610447995
L_темиргалиева,0.36081994187596006
F_таир,-0.4771302493557203
F_pre_таир,-0.4771302493557203
F_ада,0.6343124916971733
F_pre_насиб,0.2774072682146466
F_насиба,0.2774072682146466
F_suf_асиба,0.2774072682146466
F_suf_сиба,0.2774072682146466
F_pre_насиба,0.2774072682146466
F_pre_нас,-0.1007010430690169
F_suf_насиба,0.2774072682146466
F_pre_наси,0.2774072682146466
L_дауренбеков,-0.44513079417859436
L_pre_даурен,-0.04299575262770562
L_pre_дауре,-0.04299575262770562
L_pre_даур,-0.04299575262770562
L_абиева,0.43559834722900526
L_pre_абиев,0.04758641730741568
L_pre_абие,0.04758641730741568
L_pre_абиева,0.43559834722900526
L_бектасов,-0.41301487599775943
L_suf_ктасов,-0.41301487599775943
L_suf_асов,-0.43563738576223
L_suf_тасов,-0.41301487599775943
L_suf_билов,-0.4157663871067025
L_suf_абилов,-0.4157663871067025
L_абилов,-0.4157663871067025
L_джумабеков,-0.47546014503543144
F_pre_самира,0.3472896920256855
F_pre_самир,-0.012072700119910011
F_самира,0.3472896920256855
F_suf_самира,0.3472896920256855
F_suf_амира,0.42411828058404877
F_suf_әрия,0.26982440029627736
F_suf_нкәрия,0.25180632196071095
F_pre_інкәри,0.25180632196071095
F_suf_кәрия,0.26982440029627736
F_інкәрия,0.25180632196071095
F_pre_дам,-0.051159297790955904
F_suf_амели,0.36090175783802864
F_suf_мели,0.36090175783802864
F_pre_даме,0.36090175783802864
F_дамели,0.36090175783802864
F_pre_дамел,0.36090175783802864
F_pre_дамели,0.36090175783802864
F_suf_дамели,0.36090175783802864
L_жетпісбаева,0.34547863023237046
L_мустафаев,-0.38647754648393506
L_suf_афаев,-0.38647754648393506
L_suf_фаев,-0.38647754648393506
L_suf_тафаев,-0.38647754648393506
L_смайлов,-0.45744697420047253
F_pre_бекту,-0.2635362818125413
L_pre_ермага,-0.008576093303600235
F_suf_бектур,-0.2635362818125413
F_suf_тур,-0.3018821677231955
F_suf_ктур,-0.2635362818125413
L_ермагамбетов,-0.46561491064935373
F_pre_бектур,-0.2635362818125413
L_pre_ермаг,-0.008576093303600235
F_suf_ектур,-0.2635362818125413
F_pre_бект,-0.2635362818125413
F_бектур,-0.2635362818125413
L_саматқызы,0.3471375471310968
L_pre_саматқ,0.3471375471310968
F_pre_лид,0.26404373264422465
F_pre_лидия,0.26404373264422465
F_suf_идия,0.26404373264422465
F_лидия,0.26404373264422465
F_suf_лидия,0.26404373264422465
F_pre_лиди,0.26404373264422465
F_pre_то,0.3011582066413519
F_томирис,0.3011582066413519
F_pre_томири,0.3011582066413519
F_suf_мирис,0.3011582066413519
F_suf_омирис,0.3011582066413519
F_pre_томи,0.3011582066413519
F_pre_том,0.3011582066413519
F_pre_томир,0.3011582066413519
F_suf_ирис,0.3011582066413519
F_suf_оис,-0.34624686951847844
F_алоис,-0.34624686951847844
F_pre_алоис,-0.34624686951847844
F_pre_ало,-0.34624686951847844
F_pre_алои,-0.34624686951847844
F_suf_алоис,-0.34624686951847844
F_suf_лоис,-0.34624686951847844
F_pre_ілтиф,0.34858065618208006
L_әділқызы,0.3457611537110859
F_ілтифат,0.3749969395201119
F_pre_ілтифа,0.3749969395201119
F_suf_ифат,0.3749969395201119
L_pre_әділқы,0.3457611537110859
F_suf_тифат,0.3749969395201119
L_pre_әділқ,0.3457611537110859
L_suf_ілқызы,0.3457611537110859
F_suf_лтифат,0.3749969395201119
F_suf_абінұр,-0.27583316731322993
L_suf_щанов,-0.45078574341016614
F_pre_абінұ,-0.27583316731322993
F_pre_абін,-0.27583316731322993
F_абінұр,-0.27583316731322993
F_suf_бінұр,-0.27583316731322993
F_pre_абінұр,-0.27583316731322993
L_дощанов,-0.4013801341686727
L_suf_ощанов,-0.4013801341686727
L_suf_гметов,-0.4527615743891729
F_pre_айтану,-0.35752723346528537
F_suf_танур,-0.35752723346528537
F_suf_анур,-0.35752723346528537
F_pre_айта,-0.35752723346528537
F_suf_йтанур,-0.35752723346528537
L_нигметов,-0.4527615743891729
F_pre_айтан,-0.35752723346528537
F_айтанур,-0.35752723346528537
L_suf_маева,0.4263318357406662
L_мамаева,0.4263318357406662
F_pre_алл,0.05099622255001577
F_pre_аллаал,0.28230800280220136
L_suf_амаева,0.4263318357406662
F_аллаалександра,0.28230800280220136
F_pre_алла,0.1363177268806166
F_pre_аллаа,0.28230800280220136
L_маханбетқызы,0.36649543739224394
F_айрин,0.37063115629623516
F_pre_айрин,0.37063115629623516
F_suf_айрин,0.37063115629623516
F_suf_йрин,0.37063115629623516
F_suf_рин,0.36310858061264273
L_бейсембаева,0.4653671407519474
F_pre_абузар,-0.28902129611608507
F_suf_узар,-0.28902129611608507
F_pre_абуза,-0.28902129611608507
F_suf_бузар,-0.28902129611608507
L_байназаров,-0.5112485947397961
F_suf_абузар,-0.28902129611608507
F_абузар,-0.28902129611608507
F_pre_абуз,-0.28902129611608507
L_турганбаева,0.39879670032260767
F_мухаммад,-0.24275606632118893
F_suf_ммад,-0.26823355548890987
F_suf_аммад,-0.26823355548890987
F_suf_хаммад,-0.26823355548890987
F_suf_аит,-0.38528450385386126
F_suf_ваит,-0.38528450385386126
F_pre_ваит,-0.38528450385386126
F_pre_ваи,-0.38528450385386126
F_ваит,-0.38528450385386126
L_pre_мусабе,-0.011887836291316985
L_мусабеков,-0.3399018985392234
L_pre_мусаб,0.04531482381240728
F_абдильазиз,-0.26310433903291947
F_pre_садия,0.294415181232604
F_suf_садия,0.294415181232604
F_садия,0.294415181232604
F_pre_сади,0.294415181232604
F_pre_сад,0.294415181232604
F_pre_илия,-0.8697509154103794
F_илия,-0.8697509154103794
F_pre_адара,0.2641001503992675
F_suf_адара,0.2641001503992675
F_адара,0.2641001503992675
F_pre_нұрас,-0.2971615297822703
F_pre_нұра,-0.048554635059842526
F_нұрасыл,-0.2971615297822703
F_pre_нұрасы,-0.2971615297822703
F_suf_адинай,0.2996781227180348
F_адинай,0.2996781227180348
F_suf_динай,0.2996781227180348
F_pre_адинай,0.2996781227180348
L_дарибаев,-0.4040640291689271
F_абдіғалым,-0.3617133409022807
F_suf_ғалым,-0.3617133409022807
F_suf_іғалым,-0.3617133409022807
F_pre_ислам,-0.2611051571818372
F_pre_исла,-0.2611051571818372
F_pre_исл,-0.2630365430668334
L_pre_ертаев,0.11876311624581178
L_ертаев,-0.5018038683853654
F_suf_амжан,-0.33549026969608864
L_pre_ертае,0.11876311624581178
F_suf_ламжан,-0.2467136339812967
F_исламжан,-0.2467136339812967
L_suf_ертаев,-0.5018038683853654
F_pre_исламж,-0.2467136339812967
F_suf_хасан,-0.29506572663364544
F_suf_лхасан,-0.2504718314516519
F_suf_асан,-0.3657490358400539
F_абілхасан,-0.2504718314516519
L_карабеков,-0.34258190168488073
F_pre_дархан,-0.35920451232133777
F_suf_архан,-0.3348760376358369
F_дархан,-0.35920451232133777
F_suf_дархан,-0.36167739330560317
F_pre_дарх,-0.35920451232133777
F_pre_дарха,-0.35920451232133777
F_роман,-0.39047052735586274
L_жұмағали,-0.43902772633339954
L_pre_жұмаға,-0.08710665855911727
F_pre_роман,-0.39047052735586274
L_suf_ағали,-0.4347197065752726
F_suf_оман,-0.39047052735586274
L_suf_мағали,-0.43902772633339954
F_pre_рома,-0.39047052735586274
F_suf_роман,-0.39047052735586274
F_рамзия,0.3181818252673048
F_suf_рамзия,0.3181818252673048
L_pre_бухарб,0.02182254365907729
L_pre_буха,0.02182254365907729
F_pre_рамзия,0.3181818252673048
L_pre_бух,0.02182254365907729
L_pre_бу,0.018700807014773106
F_suf_мзия,0.3181818252673048
L_pre_бухар,0.02182254365907729
F_pre_рамзи,0.3181818252673048
F_suf_амзия,0.3181818252673048
L_бухарбаева,0.3829228496784635
F_pre_абдіб,-0.25648442855536113
F_suf_бдібек,-0.2549318433265187
F_pre_абдібе,-0.2549318433265187
F_абдібек,-0.2549318433265187
L_suf_адыков,-0.4855964765074589
L_садыков,-0.4855964765074589
F_suf_дібек,-0.2549318433265187
F_suf_ібек,-0.2549318433265187
L_аленов,-0.39006900087027363
L_suf_аленов,-0.4719458537889001
L_suf_ұмабек,-0.4567237690269704
L_жұмабек,-0.4567237690269704
L_бейсенбай,-0.43644983212474436
F_pre_абдік,-0.37637448821280695
F_абдікерім,-0.37122181153161765
F_suf_керім,-0.37122181153161765
F_pre_абдіке,-0.37122181153161765
L_анарбаев,-0.39143016291260857
F_suf_ікерім,-0.37122181153161765
L_есенов,-0.3792831484034914
L_suf_есенов,-0.3792831484034914
F_pre_рамина,0.415965620190406
F_рамина,0.415965620190406
F_suf_рамина,0.415965620190406
L_кузембаев,-0.35276200590925766
F_suf_мнұр,-0.337970097103023
L_pre_кузе,0.010516262785368331
L_pre_куземб,0.010516262785368331
F_suf_зімнұр,-0.337970097103023
F_pre_ізімн,-0.337970097103023
L_pre_куз,0.010516262785368331
F_suf_імнұр,-0.337970097103023
F_pre_ізімнұ,-0.337970097103023
L_pre_кузем,0.010516262785368331
F_ізімнұр,-0.337970097103023
F_pre_cаф,0.2893089532836684
F_suf_ият,0.13208049090236698
L_pre_сагы,-0.03500350233389143
F_suf_фият,0.2893089532836684
L_pre_сагынд,-0.03500350233389143
F_pre_cафият,0.2893089532836684
F_suf_cафият,0.2893089532836684
F_pre_cафи,0.2893089532836684
L_сагындыкова,0.36749640556482416
L_pre_сагын,-0.03500350233389143
F_suf_афият,0.2893089532836684
F_pre_cа,0.2986666677869892
F_cафият,0.2893089532836684
F_pre_cафия,0.2893089532836684
F_pre_касы,-0.3886828672263552
F_pre_кас,-0.3886828672263552
F_suf_касым,-0.3138204511918204
F_pre_касым,-0.3886828672263552
F_касым,-0.3886828672263552
F_аврора,0.28155685401625374
F_pre_аврор,0.28155685401625374
F_suf_аврора,0.28155685401625374
F_suf_рора,0.28155685401625374
F_pre_авро,0.28155685401625374
F_pre_аврора,0.28155685401625374
F_suf_врора,0.28155685401625374
L_pre_коныс,0.01419725046035633
L_pre_конысб,0.01419725046035633
L_pre_кон,0.01419725046035633
L_pre_коны,0.01419725046035633
L_конысбаева,0.3291548721122637
L_suf_анышев,-0.3905624257852291
F_абдалы,-0.2557105086275532
L_suf_ышев,-0.3905624257852291
F_suf_бдалы,-0.2557105086275532
F_suf_абдалы,-0.2557105086275532
F_suf_алы,-0.3158702239136234
L_suf_нышев,-0.3905624257852291
F_suf_лы,-0.3158702239136234
F_suf_далы,-0.2557105086275532
L_куанышев,-0.3905624257852291
F_pre_абдалы,-0.2557105086275532
F_pre_марлен,-0.3224828537271902
F_марлен,-0.3224828537271902
L_сабитов,-0.39942664955884577
L_pre_сабито,-0.03162587146282025
L_suf_битов,-0.39942664955884577
L_suf_абитов,-0.39942664955884577
F_pre_марл,-0.3224828537271902
F_pre_марле,-0.3224828537271902
F_suf_марлен,-0.3224828537271902
L_suf_ехан,-0.42009621605049613
F_suf_данил,-0.35586310871005056
L_pre_төрех,-0.052313570614170156
F_suf_нил,-0.35586310871005056
L_suf_өрехан,-0.42009621605049613
L_төрехан,-0.42009621605049613
F_данил,-0.35586310871005056
F_pre_данил,-0.392212866334995
L_suf_рехан,-0.42009621605049613
L_pre_төреха,-0.052313570614170156
F_suf_анил,-0.35586310871005056
L_pre_кудай,-0.019086991197176287
L_pre_кудайб,-0.019086991197176287
L_кудайбергенова,0.33250745234587775
F_pre_ерас,-0.2545594573047522
F_suf_слан,-0.3293665005934454
F_suf_аслан,-0.3115102115340197
F_pre_ерасла,-0.24746989965512883
L_suf_йыржан,-0.4158063916124102
L_қайыржан,-0.4158063916124102
F_pre_ера,-0.2937529976522817
F_ераслан,-0.24746989965512883
F_pre_ерасл,-0.24746989965512883
F_suf_раслан,-0.24746989965512883
F_pre_дариу,-0.3197179692946593
F_suf_риус,-0.3197179692946593
F_suf_ариус,-0.3197179692946593
F_suf_дариус,-0.3197179692946593
F_suf_иус,-0.3197179692946593
F_pre_дариус,-0.3197179692946593
F_дариус,-0.3197179692946593
L_казбекова,0.440977440832792
F_suf_вар,-0.34348282779427824
F_suf_нвар,-0.35083999822614514
L_pre_садва,-0.014164059660358032
F_pre_анва,-0.35083999822614514
L_pre_садв,-0.027007714021931112
F_анвар,-0.35083999822614514
F_pre_анв,-0.35083999822614514
F_pre_анвар,-0.35083999822614514
L_suf_акасов,-0.46689494188182296
L_suf_касов,-0.45449085106077025
L_садвакасов,-0.45731820549388147
L_pre_садвак,-0.014164059660358032
F_suf_анвар,-0.35083999822614514
F_pre_камиля,0.2827084122819277
F_камиля,0.2827084122819277
F_suf_камиля,0.2827084122819277
L_pre_налиб,0.023675052940560996
L_pre_нали,0.023675052940560996
L_pre_нал,0.023675052940560996
L_pre_налиба,0.023675052940560996
L_налибаев,-0.4382892951727545
F_pre_виа,0.29324509837217566
F_pre_виарик,0.29324509837217566
F_pre_виар,0.29324509837217566
F_pre_виари,0.29324509837217566
F_виарика,0.29324509837217566
F_suf_арика,0.29324509837217566
F_suf_иарика,0.29324509837217566
F_suf_осман,-0.3390870019397539
F_pre_осма,-0.3390870019397539
F_suf_сман,-0.39043735262618023
F_осман,-0.3390870019397539
F_pre_осм,-0.3390870019397539
F_pre_осман,-0.3390870019397539
F_pre_ос,-0.038106065463988904
L_pre_нурбае,-0.0005562971183566475
F_pre_зебо,0.37939698563420077
F_suf_ебо,0.37939698563420077
F_suf_зебо,0.37939698563420077
L_pre_нурба,-0.0005562971183566475
F_suf_бо,0.3226143238564413
F_зебо,0.37939698563420077
L_нурбаева,0.47437517631082216
F_pre_зеб,0.37939698563420077
F_suf_йірбек,-0.23691612794241582
F_мейірбек,-0.23691612794241582
F_pre_мейірб,-0.23691612794241582
F_suf_ірбек,-0.23691612794241582
L_suf_леуова,0.4250629518214801
L_тлеуова,0.4400908177601549
L_suf_еуова,0.4250629518214801
F_pre_айни,0.24527620642223658
F_suf_йниса,0.25246364791118886
F_suf_айниса,0.25246364791118886
F_pre_айниса,0.25246364791118886
F_айниса,0.25246364791118886
F_pre_айнис,0.25246364791118886
F_муса,-0.6271913459370189
F_pre_муса,-0.6271913459370189
F_suf_муса,-0.6271913459370189
L_suf_хамит,-0.47487591897838743
F_suf_абіш,-0.3743093007631386
F_suf_іш,-0.3743093007631386
L_suf_мит,-0.47487591897838743
F_абіш,-0.3743093007631386
F_suf_біш,-0.3743093007631386
L_хамит,-0.47487591897838743
F_pre_абіш,-0.3743093007631386
L_suf_амит,-0.47487591897838743
F_озода,0.3858226245068571
F_pre_озода,0.3858226245068571
F_suf_зода,0.3427083093320218
F_suf_озода,0.3858226245068571
L_ермекбаев,-0.48857374264397174
L_pre_ермекб,-0.06596740315449866
L_тлегенов,-0.4020572923189062
L_pre_алт,-0.00590301343027054
L_алтаева,0.4549581804752524
L_pre_алтаев,0.11513769096119923
L_pre_алтае,0.11513769096119923
L_pre_алта,-0.02704097274006158
F_suf_анасий,-0.2597645687116764
L_жұмабай,-0.4325294014067454
F_pre_афан,-0.2597645687116764
L_suf_ұмабай,-0.4325294014067454
F_афанасий,-0.2597645687116764
F_pre_афана,-0.2597645687116764
F_pre_афанас,-0.2597645687116764
F_pre_афа,-0.2597645687116764
L_pre_мәлік,-0.0013000353656069186
L_мәлік,-0.39128661736360204
L_suf_әлік,-0.39128661736360204
L_pre_мә,-0.0013000353656069186
L_pre_мәл,-0.0013000353656069186
L_pre_мәлі,-0.0013000353656069186
L_suf_мәлік,-0.39128661736360204
L_suf_лік,-0.39128661736360204
L_каримов,-0.5113989338216854
F_ізетхан,-0.3771143667497879
F_pre_ізетх,-0.3771143667497879
F_suf_зетхан,-0.3771143667497879
F_suf_етхан,-0.3771143667497879
F_suf_тхан,0.19519203895739248
F_pre_ізетха,-0.3771143667497879
F_suf_уматай,-0.3806783001936363
F_pre_жумата,-0.3806783001936363
F_pre_жумат,-0.3806783001936363
F_pre_жу,-0.0023348886346675397
F_suf_матай,-0.3806783001936363
F_жуматай,-0.3806783001936363
L_махамбетов,-0.40807787601714013
F_pre_жум,-0.0023348886346675397
F_suf_атай,-0.3806783001936363
F_pre_жума,-0.0023348886346675397
F_pre_эльн,-0.3262849167233388
F_suf_эльнур,-0.3262849167233388
F_suf_ьнур,-0.3244292592656449
F_suf_льнур,-0.3244292592656449
L_suf_исин,-0.5612461844573547
L_pre_иси,-0.021463476144863956
F_эльнур,-0.3262849167233388
F_pre_эльнур,-0.3262849167233388
L_исин,-0.5612461844573547
F_pre_эльну,-0.3262849167233388
L_pre_исин,-0.021463476144863956
F_suf_укарим,-0.265829723127832
F_абдукарим,-0.265829723127832
L_suf_катаев,-0.4108604760300276
F_pre_абдира,-0.1946891227054579
L_мукатаев,-0.4108604760300276
F_абдиразақ,-0.290333546089081
F_pre_абдир,-0.20345460004924312
F_suf_иразақ,-0.290333546089081
F_suf_лім,0.09004867828762124
F_ілім,0.10171088413591425
F_suf_ілім,-0.01926064802686724
L_жуманова,0.525697788379985
F_ибрагим,-0.27934748983981816
F_pre_ибраги,-0.27934748983981816
F_pre_ибраг,-0.27934748983981816
F_pre_інжух,-0.4533811511353501
F_suf_жухан,-0.4533811511353501
L_suf_опбаев,-0.4483524794532128
F_pre_інжуха,-0.4533811511353501
F_інжухан,-0.4533811511353501
L_копбаев,-0.4483524794532128
F_suf_нжухан,-0.4533811511353501
F_suf_ухан,-0.4533811511353501
L_suf_пбаев,-0.4483524794532128
F_зере,0.4674445811771533
F_pre_зер,0.4674445811771533
F_pre_зере,0.4674445811771533
L_pre_қалие,0.06058837576798645
F_suf_ере,0.34613591133521243
L_қалиева,0.4430234723267367
L_pre_қалиев,0.06058837576798645
F_suf_зере,0.34613591133521243
L_аралбаева,0.4410672029194559
L_pre_жанатқ,0.3553656532343037
L_жанатқызы,0.3553656532343037
L_иса,-0.6324514885037813
L_suf_иса,-0.6324514885037813
L_suf_са,-0.6049063322937019
F_suf_гап,-0.6473488159394388
F_suf_агап,-0.6473488159394388
F_агап,-0.6473488159394388
F_suf_ндір,-0.26952338494184336
F_suf_ендір,-0.26952338494184336
F_suf_кендір,-0.26952338494184336
F_іскендір,-0.26952338494184336
L_елеуова,0.3784910203967859
F_pre_диана,0.3804588806434629
L_pre_елеуов,0.05029924260385669
F_pre_диа,-0.1518064696598412
L_pre_елеуо,0.05029924260385669
F_диана,0.3804588806434629
F_pre_диан,0.3804588806434629
F_pre_венер,0.2685412130854689
L_аманқосқызы,0.4698845360675807
F_pre_вене,0.2685412130854689
F_венера,0.2685412130854689
L_pre_аманқо,-0.018738635574731998
F_suf_венера,0.2685412130854689
L_suf_осқызы,0.4698845360675807
F_pre_венера,0.2685412130854689
F_suf_нера,0.2685412130854689
F_suf_енера,0.2685412130854689
L_suf_медов,-0.40248561323918436
F_аброр,-0.321202951062601
F_pre_аброр,-0.321202951062601
L_ахмедов,-0.40248561323918436
L_suf_дов,-0.40248561323918436
L_pre_ахмед,0.05705470134584393
L_suf_хмедов,-0.40248561323918436
F_pre_абр,-0.13302001557037216
F_suf_брор,-0.321202951062601
L_pre_ахмедо,0.05705470134584393
F_pre_абро,-0.321202951062601
F_suf_аброр,-0.321202951062601
L_suf_едов,-0.40248561323918436
F_suf_рор,-0.321202951062601
F_suf_лерий,-0.4339609073222207
L_suf_осынов,-0.4230718756238399
L_бекбосынов,-0.406250064186459
F_suf_рий,-0.33336287847067
F_валерий,-0.4339609073222207
L_suf_сынов,-0.4230718756238399
L_pre_бекбос,-0.04224484945740719
F_suf_ерий,-0.4339609073222207
F_suf_алерий,-0.4339609073222207
F_pre_адилх,-0.4960912320609266
F_suf_илхан,-0.4960912320609266
F_suf_дилхан,-0.4960912320609266
F_suf_лхан,-0.2266944833501311
F_pre_адилха,-0.4960912320609266
F_адилхан,-0.4960912320609266
L_pre_есенба,0.019992847801274624
F_pre_адая,0.45849306875171764
F_suf_адая,0.45849306875171764
L_есенбаева,0.41978726236606073
F_suf_дая,0.45849306875171764
F_адая,0.45849306875171764
L_курбанбаева,0.547177874816245
L_нұртаева,0.3573073724712854
L_pre_нұрт,0.003838545333703488
L_pre_нұрта,0.003838545333703488
L_pre_нұртае,0.3573073724712854
F_suf_ғазиз,-0.23724711026977136
L_suf_дыров,-0.41242094593524764
F_абдіғазиз,-0.2397694777718666
L_кадыров,-0.41242094593524764
L_pre_кадыро,0.1298131026963353
F_suf_іғазиз,-0.2397694777718666
L_suf_адыров,-0.41242094593524764
F_айдархан,-0.36588146096400603
L_аширбеков,-0.4956881928416219
L_pre_аширбе,-0.008064237508603356
F_pre_айдарх,-0.36588146096400603
F_suf_жамал,0.022962440407623113
F_абдіжамал,-0.33587437125016395
F_suf_іжамал,-0.33587437125016395
L_сарсенгалиев,-0.4531718333206726
L_pre_мамбет,0.01097953815097988
F_pre_ума,-0.49114962246274935
F_pre_умар,-0.49114962246274935
L_pre_мамб,0.01097953815097988
L_pre_мамбе,0.01097953815097988
F_умар,-0.49114962246274935
L_мамбетов,-0.43354076492939064
F_suf_фотима,0.2305760827097946
F_pre_фотима,0.2305760827097946
F_pre_фоти,0.2305760827097946
F_suf_отима,0.2305760827097946
F_suf_тима,0.28692116385648836
F_фотима,0.2305760827097946
F_pre_фот,0.2305760827097946
F_pre_фотим,0.2305760827097946
F_pre_фо,0.2305760827097946
L_қалдыбекқызы,0.5022062836994199
F_абель,0.5103517281706861
F_suf_бель,0.0905000482855672
L_аманжолқызы,0.43348325778795704
F_suf_абель,0.43139438883223924
F_suf_абира,0.2969040216175989
F_pre_абир,0.33962450679913486
F_абира,0.33962450679913486
F_suf_бира,0.2969040216175989
F_pre_абира,0.33962450679913486
L_нурмухамбетова,0.44157801014917714
L_алимбетов,-0.4266410722416739
F_pre_зафа,-0.25015872454358806
F_pre_заф,-0.25015872454358806
F_зафарбек,-0.25015872454358806
F_pre_зафар,-0.25015872454358806
F_pre_зафарб,-0.25015872454358806
F_suf_фарбек,-0.25015872454358806
F_suf_ависа,0.3164277639232564
F_suf_виса,0.3164277639232564
F_pre_авис,0.3164277639232564
F_pre_ависа,0.3164277639232564
L_сүлейменқызы,0.544719183075454
F_ависа,0.3164277639232564
L_өмірбек,-0.34429459960604863
L_pre_өмірбе,-0.022961117248807554
L_pre_өмірб,-0.022961117248807554
L_suf_разбай,-0.4621753267273438
L_оразбай,-0.4621753267273438
L_suf_азбай,-0.4621753267273438
F_pre_айсаул,0.2691670443416743
L_скакова,0.42340193702783474
L_pre_ска,-0.016810143187664793
L_pre_скаков,-0.016810143187664793
F_suf_сауле,0.2691670443416743
L_pre_скак,-0.016810143187664793
F_suf_йсауле,0.2691670443416743
L_pre_скако,-0.016810143187664793
F_айсауле,0.2691670443416743
F_pre_айсау,0.2691670443416743
L_suf_какова,0.4179459099412379
L_pre_ск,-0.016810143187664793
F_suf_уле,0.2691670443416743
F_suf_ауле,0.2691670443416743
F_pre_анзир,0.3653254163665009
F_suf_тхон,0.3653254163665009
F_suf_ратхон,0.3653254163665009
F_pre_анз,-0.013002359269502429
F_suf_хон,0.33518867667834185
F_pre_анзи,0.3653254163665009
F_suf_атхон,0.3653254163665009
F_анзиратхон,0.3653254163665009
F_pre_анзира,0.3653254163665009
F_suf_рахмет,-0.5493135241116801
F_suf_ахмет,-0.4063882843290379
F_suf_хмет,-0.4063882843290379
F_абдрахмет,-0.5493135241116801
F_suf_мет,-0.21954779168247532
L_pre_абайқ,0.3861212903394422
L_pre_абай,-0.03164639388679331
L_pre_абайқы,0.3861212903394422
L_абайқызы,0.3861212903394422
L_suf_акен,-0.42665140234603005
L_suf_кен,-0.3986778895759418
F_pre_абд ма,-0.24978018178660097
L_suf_сакен,-0.42665140234603005
L_сакен,-0.42665140234603005
F_абд мансур,-0.24978018178660097
F_pre_далила,0.288725987053841
L_pre_абдраи,-0.0631704815069129
F_suf_лила,0.288725987053841
F_pre_далил,0.288725987053841
F_далила,0.288725987053841
L_абдраимова,0.35107513481037694
L_suf_аимова,0.4141644465401351
F_suf_далила,0.288725987053841
F_suf_алила,0.288725987053841
F_suf_aлижан,-0.2814990985240076
F_suf_лижан,-0.31538621111468745
F_aлижан,-0.2814990985240076
F_pre_aлижа,-0.2814990985240076
F_pre_aлижан,-0.2814990985240076
F_pre_aлиж,-0.2814990985240076
F_алмагуль,0.3738757154595683
F_suf_агуль,0.3738757154595683
F_suf_магуль,0.3738757154595683
F_pre_алмаг,0.3738757154595683
F_pre_алмагу,0.3738757154595683
F_suf_иразак,-0.25004192305811646
L_жамбыл,-0.44567835586894194
L_suf_был,-0.44567835586894194
L_suf_жамбыл,-0.44567835586894194
L_suf_ыл,-0.44567835586894194
L_suf_мбыл,-0.44567835586894194
L_suf_амбыл,-0.44567835586894194
F_абдиразак,-0.25004192305811646
L_pre_тулешо,0.014586762159256472
L_pre_тулеш,0.014586762159256472
L_suf_лешова,0.49125068150466805
L_тулешова,0.49125068150466805
F_suf_реас,-0.3812890451880983
F_андреас,-0.3812890451880983
F_pre_андреа,0.1254278121777013
F_suf_ндреас,-0.3812890451880983
F_suf_дреас,-0.3812890451880983
F_suf_еас,-0.3812890451880983
F_suf_азізе,0.314311267086058
F_pre_азіз,0.314311267086058
F_suf_зе,0.314311267086058
F_pre_азі,0.314311267086058
F_азізе,0.314311267086058
F_suf_зізе,0.314311267086058
F_suf_ізе,0.314311267086058
F_pre_азізе,0.314311267086058
L_турсунова,0.45193353664646124
L_suf_унова,0.45193353664646124
L_pre_турсун,0.0421725772196423
L_pre_турсу,0.0421725772196423
L_suf_сунова,0.45193353664646124
F_pre_аданна,0.2311248766802502
F_suf_аданна,0.2311248766802502
L_иманкулова,0.4584332786920742
L_pre_иманк,0.0062487160002639855
F_pre_аданн,0.2311248766802502
F_suf_данна,0.2311248766802502
L_pre_иманку,0.0062487160002639855
F_аданна,0.2311248766802502
F_pre_адан,0.257211763382175
F_pre_темір,-0.27689134453695635
F_темірлан,-0.27689134453695635
F_pre_тем,-0.2777127106132135
F_suf_ірлан,-0.27689134453695635
F_suf_мірлан,-0.27689134453695635
F_pre_темірл,-0.27689134453695635
F_pre_темі,-0.27689134453695635
F_асман,-0.4779653525549375
F_pre_асма,-0.078867905456755
F_pre_асман,-0.4779653525549375
F_suf_асман,-0.4779653525549375
F_suf_смин,0.45844689002434497
F_pre_жасмин,0.36751692738569364
F_жасмин,0.45844689002434497
F_suf_асмин,0.45844689002434497
F_pre_жасми,0.36751692738569364
F_suf_жасмин,0.45844689002434497
F_pre_жас,-0.07273726431083233
F_pre_жасм,0.36751692738569364
F_pre_ілдар,-0.3429068309110467
F_suf_лдар,-0.3459812176301897
F_ілдар,-0.3429068309110467
F_suf_ілдар,-0.3429068309110467
F_pre_ілда,-0.3429068309110467
F_suf_сма,0.511877525258036
F_асма,0.511877525258036
F_suf_асма,0.511877525258036
L_pre_ауб,-0.024286183190715693
F_suf_ахмед,-0.3044812350777031
L_pre_аубак,-0.024286183190715693
F_suf_хмед,-0.3044812350777031
F_pre_ахмед,-0.3044812350777031
L_аубакиров,-0.47145706848146135
L_pre_ауба,-0.024286183190715693
F_ахмед,-0.3044812350777031
L_pre_аубаки,-0.024286183190715693
L_қуанышбекқызы,0.46286244744179
L_pre_жануза,-0.0011303033937351645
L_жанузакова,0.39896339920649404
L_pre_жануз,-0.0011303033937351645
L_pre_жану,-0.0011303033937351645
F_pre_анора,0.32300265038703885
F_pre_ано,0.30640307756792756
F_suf_ахон,0.3222261801259757
F_pre_анорах,0.34700381911471306
F_suf_рахон,0.34700381911471306
F_suf_орахон,0.34700381911471306
F_pre_анор,0.29591851048277173
F_анорахон,0.34700381911471306
F_моисей,-0.27664875999549066
F_pre_моис,-0.27664875999549066
F_suf_оисей,-0.27664875999549066
F_pre_моисе,-0.27664875999549066
F_pre_моисей,-0.27664875999549066
F_suf_моисей,-0.27664875999549066
F_pre_мои,-0.27664875999549066
L_сансызбаева,0.42260814824367005
L_темирбаев,-0.4456256134921046
F_suf_элла,0.3810482778947902
F_suf_ниэлла,0.5348949971275069
F_suf_иэлла,0.5348949971275069
F_даниэлла,0.5348949971275069
F_suf_илаш,0.3093910220282221
F_pre_агилаш,0.3093910220282221
F_агилаш,0.3093910220282221
F_suf_лаш,0.3093910220282221
F_suf_агилаш,0.3093910220282221
F_suf_гилаш,0.3093910220282221
F_pre_агил,0.2737492959785069
F_pre_агила,0.30025189120316925
F_suf_асва,0.3689235878089405
F_suf_ва,0.3853209576650932
F_suf_сва,0.3689235878089405
F_pre_асва,0.3689235878089405
F_pre_асв,0.3689235878089405
L_айдарханқызы,0.5496597956200464
F_асва,0.3689235878089405
F_pre_агына,0.28337827904312846
F_pre_агынай,0.28337827904312846
F_pre_агын,0.28337827904312846
L_pre_ермах,0.004096743827084375
F_suf_гынай,0.28337827904312846
F_агынай,0.28337827904312846
L_ермаханқызы,0.5115163950824761
L_pre_ермаха,0.004096743827084375
F_suf_агынай,0.28337827904312846
L_suf_еев,-0.4311622346892045
F_suf_ арғын,-0.29244959124592135
L_suf_екеев,-0.4311622346892045
L_бекеев,-0.4311622346892045
L_pre_бекеев,0.03221670229754123
F_pre_абай а,-0.29244959124592135
L_pre_бекее,0.03221670229754123
L_pre_беке,-0.01768246711543588
F_suf_рғын,-0.29244959124592135
F_абай арғын,-0.29244959124592135
F_suf_ғын,-0.023331597694768648
L_suf_кеев,-0.4311622346892045
F_suf_арғын,-0.29244959124592135
L_suf_бекеев,-0.4311622346892045
L_рамазанова,0.41724406349411186
L_suf_занова,0.41724406349411186
F_suf_ржана,0.23609706975907152
F_suf_аржана,0.23609706975907152
F_маржана,0.23609706975907152
F_pre_ерасы,-0.25964073721782066
F_ерасыл,-0.25964073721782066
F_pre_ерасыл,-0.25964073721782066
F_suf_ерасыл,-0.25964073721782066
F_pre_aянат,0.38514548267840504
F_aянат,0.38514548267840504
F_suf_aянат,0.38514548267840504
L_бекназарова,0.3635293461333982
F_suf_янат,0.42813647613138767
F_pre_aя,0.345948371979802
F_pre_aян,0.38514548267840504
F_pre_aяна,0.38514548267840504
F_абатхан,0.585132751320638
L_қуанышқызы,0.3763616110342092
F_pre_абатха,0.585132751320638
F_suf_батхан,0.585132751320638
F_pre_абатх,0.585132751320638
L_suf_ышқызы,0.3763616110342092
L_suf_шқызы,0.3871632255726382
F_suf_атхан,0.585132751320638
F_pre_аксун,0.30940935274897624
F_аксунгул,0.30940935274897624
F_suf_сунгул,0.30940935274897624
F_suf_нгул,0.30940935274897624
F_suf_унгул,0.30940935274897624
F_pre_аксу,0.30940935274897624
F_pre_аксунг,0.30940935274897624
F_pre_aйсұлт,-0.3127182968772501
F_aйсұлтан,-0.3127182968772501
F_pre_aйсұ,-0.3127182968772501
F_pre_aйсұл,-0.3127182968772501
L_suf_лыков,-0.4655113923788197
L_pre_жаксы,0.0010081966073373398
L_suf_ылыков,-0.4655113923788197
L_жаксылыков,-0.4655113923788197
L_pre_жаксыл,-0.031068819355957577
L_pre_жакс,0.0010081966073373398
F_suf_ипәт,0.3624813230127211
F_ілтипәт,0.3624813230127211
F_suf_типәт,0.3624813230127211
F_suf_әт,0.15339284407201847
F_pre_ілтипә,0.3624813230127211
F_suf_лтипәт,0.3624813230127211
F_suf_пәт,0.3624813230127211
F_умиджан,-0.3508963786649628
L_suf_зан,-0.428327607439547
F_suf_миджан,-0.3508963786649628
L_suf_амазан,-0.428327607439547
L_suf_азан,-0.428327607439547
F_pre_умиджа,-0.3508963786649628
F_suf_иджан,-0.3508963786649628
L_suf_мазан,-0.428327607439547
L_рамазан,-0.428327607439547
F_pre_арис,0.0053860627793874336
F_pre_аристи,0.38301384629885643
F_pre_арист,0.0053860627793874336
F_аристина,0.38301384629885643
F_pre_эмиль,-0.43600564887744936
F_suf_эмиль,-0.43600564887744936
F_pre_эмил,0.0008454554362932378
F_эмиль,-0.43600564887744936
L_pre_нургаз,-0.028072175983463975
L_suf_азина,0.4550250091604544
L_suf_зина,0.4756848860767353
L_нургазина,0.4634987136173734
L_suf_газина,0.4634987136173734
F_pre_жамил,0.2937491850119778
F_pre_жамиля,0.2937491850119778
F_жамиля,0.2937491850119778
L_анарбекқызы,0.45191696973068013
F_pre_жами,0.2937491850119778
F_suf_йназар,-0.465036446569965
L_pre_узак,0.016842816037403733
L_pre_узакба,0.016842816037403733
F_айназар,-0.465036446569965
L_pre_узакб,0.016842816037403733
L_pre_уза,0.016842816037403733
L_suf_акбаев,-0.4426611682242917
F_pre_айназ,-0.09909367388370598
L_pre_уз,0.016842816037403733
L_узакбаев,-0.4971012378643525
F_pre_айназа,-0.465036446569965
F_suf_ронбек,-0.2972763094633697
F_suf_онбек,-0.2972763094633697
F_имронбек,-0.2972763094633697
F_pre_имронб,-0.2972763094633697
F_suf_ағжан,-0.3115040213773898
F_мағжан,-0.3115040213773898
F_pre_мағ,-0.3115040213773898
F_pre_мағж,-0.3115040213773898
F_pre_мағжан,-0.3115040213773898
F_suf_мағжан,-0.3115040213773898
F_suf_ғжан,-0.3115040213773898
F_pre_мағжа,-0.3115040213773898
L_мейрамбекқызы,0.35077398944850285
F_suf_гайша,0.2268541027168983
F_агайша,0.2268541027168983
L_абдраманова,0.38066969889903285
F_pre_агай,0.2410791797277482
F_pre_агайш,0.2268541027168983
F_suf_агайша,0.2268541027168983
F_pre_агайша,0.2268541027168983
F_pre_хаб,-0.29234747641712405
F_suf_хабиб,-0.3279705096075526
F_suf_абиб,-0.3279705096075526
L_suf_забек,-0.4455065115844436
F_pre_хаби,-0.29234747641712405
F_хабиб,-0.3279705096075526
F_pre_хабиб,-0.29234747641712405
L_suf_рзабек,-0.4455065115844436
L_мырзабек,-0.4455065115844436
F_suf_биб,-0.3279705096075526
F_suf_мәлік,-0.3008190084858174
F_абдімәлік,-0.3008190084858174
F_suf_імәлік,-0.3008190084858174
F_suf_лік,0.012473843843071934
F_pre_абдімә,-0.3008190084858174
F_suf_әлік,-0.3008190084858174
F_suf_арген,-0.3337828222677562
F_pre_арг,-0.3337828222677562
F_pre_арге,-0.3337828222677562
F_pre_арген,-0.3337828222677562
F_арген,-0.3337828222677562
L_бексултанова,0.4584232466459146
L_айткулов,-0.46940596619357716
L_suf_ткулов,-0.46940596619357716
L_рустемова,0.38127276428705087
L_suf_темова,0.38127276428705087
L_suf_емова,0.38127276428705087
L_pre_рахатқ,0.3500167076834789
F_адея,0.3812838929338398
F_suf_адея,0.3812838929338398
F_pre_адея,0.3812838929338398
L_рахатқызы,0.3500167076834789
F_pre_айкөрк,0.3087958884469352
F_pre_айкөр,0.3087958884469352
F_айкөркем,0.3087958884469352
F_suf_ркем,0.29847954340446753
F_suf_кем,0.29847954340446753
F_suf_өркем,0.2958847441842474
F_suf_көркем,0.2958847441842474
L_pre_полатқ,0.40165381868897326
L_pre_пола,-0.003722680083846105
L_полатқызы,0.40165381868897326
L_pre_полат,-0.003722680083846105
L_pre_пол,-0.003722680083846105
L_pre_по,-0.003722680083846105
F_pre_алёна,0.31189427576923207
F_suf_алёна,0.31189427576923207
F_pre_алён,0.31189427576923207
F_suf_лёна,0.31189427576923207
F_алёна,0.31189427576923207
F_pre_алё,0.31189427576923207
L_жалғас,-0.4587870265010306
L_suf_жалғас,-0.4587870265010306
L_suf_алғас,-0.4587870265010306
L_suf_ас,-0.43659212508071643
L_suf_лғас,-0.4587870265010306
L_suf_ғас,-0.4587870265010306
F_suf_нислав,-0.28967868333581837
F_данислав,-0.3352662319480187
F_pre_данисл,-0.3352662319480187
F_suf_слав,-0.27732624314380855
F_suf_лав,-0.27732624314380855
F_suf_ав,-0.27732624314380855
F_suf_ислав,-0.2687985904755425
F_pre_домник,0.2908090547871799
F_suf_омника,0.2908090547871799
L_жунусова,0.39662551535833945
L_pre_жунус,0.021217436161808687
L_pre_жунусо,0.021217436161808687
F_pre_домни,0.2908090547871799
L_pre_жуну,0.021217436161808687
F_suf_мника,0.2908090547871799
F_домника,0.2908090547871799
F_pre_домн,0.2908090547871799
F_suf_феруза,0.2678805525352453
L_закирова,0.5518242903447369
F_феруза,0.2678805525352453
F_suf_руза,0.2678805525352453
F_pre_феруза,0.2678805525352453
F_suf_уза,0.2678805525352453
F_pre_фе,-0.04432762630494931
F_pre_фер,0.2678805525352453
F_pre_феру,0.2678805525352453
F_pre_феруз,0.2678805525352453
F_suf_еруза,0.2678805525352453
F_suf_с шах,-0.24766304921619853
F_suf_ас шах,-0.24766304921619853
F_suf_ шах,-0.24766304921619853
F_аббас шах,-0.24766304921619853
F_pre_аббас ,-0.24766304921619853
L_pre_алиев,-0.00727136697261089
L_алиев,-0.40883650029139923
L_pre_алие,-0.00727136697261089
F_suf_адал,-0.10015494773860968
L_suf_хсанов,-0.4598147127325749
L_ихсанов,-0.4598147127325749
F_адал,-0.10015494773860968
L_ермекбаева,0.35715176256803755
L_suf_рболат,-0.4516012542186447
L_pre_ербола,0.02437572011588895
L_ерболат,-0.35645602094553797
L_сембаева,0.44545594764878255
L_pre_сембае,0.1951239099421335
F_pre_азалин,0.246192944975684
F_suf_залина,0.24291800563011376
F_азалина,0.246192944975684
F_suf_ідріс,-0.3098785008963957
F_pre_ідріс,-0.3098785008963957
F_suf_дріс,-0.3098785008963957
F_pre_ідрі,-0.3098785008963957
F_ідріс,-0.3098785008963957
L_кузембаева,0.32261715028689775
F_абинура,0.22584732649291817
L_төребекқызы,0.37818862239798073
F_suf_бинура,0.22584732649291817
F_pre_абину,0.3561238394744456
F_pre_абинур,0.3561238394744456
L_байсеитов,-0.5172063589147627
F_suf_иғазиз,-0.23974215526538875
F_абдиғазиз,-0.23974215526538875
F_омина,0.31695874178662586
L_сырлыбаева,0.4242955626376015
F_pre_ом,-0.06397038368057552
F_pre_омин,0.31695874178662586
F_pre_оми,0.31695874178662586
F_pre_омина,0.31695874178662586
F_suf_ркожо,-0.30497762407562984
F_suf_жо,-0.30497762407562984
F_suf_кожо,-0.30497762407562984
F_pre_амирко,-0.30497762407562984
F_suf_ожо,-0.30497762407562984
F_pre_амирк,-0.30497762407562984
F_амиркожо,-0.30497762407562984
F_suf_иркожо,-0.30497762407562984
L_бауыржанұлы,-0.5936064328859001
L_suf_урбаев,-0.4151400055503423
F_абдразақ,-0.3611990004150779
F_suf_дразақ,-0.3611990004150779
L_нурбаев,-0.4151400055503423
L_қайырбек,-0.3722009081384934
L_suf_йырбек,-0.3722009081384934
F_яхё,-0.45492285695556917
F_suf_яхё,-0.45492285695556917
F_pre_яхё,-0.45492285695556917
F_pre_ях,-0.45492285695556917
F_suf_хё,-0.45492285695556917
F_абдельрасул,-0.39234240270326676
F_suf_ьрасул,-0.39234240270326676
L_pre_мәлікқ,0.46166259964382866
L_мәлікқызы,0.46166259964382866
F_pre_елама,-0.33688046506192154
F_suf_ламан,-0.33688046506192154
F_suf_еламан,-0.33688046506192154
F_еламан,-0.33688046506192154
F_pre_елам,-0.33688046506192154
F_pre_еламан,-0.33688046506192154
F_pre_васи,0.09897733646967306
F_pre_васил,0.09897733646967306
F_suf_илий,-0.46388414590427357
F_pre_васили,0.09897733646967306
F_pre_вас,0.1631001102394119
L_молдабеков,-0.5197177924424935
F_suf_силий,-0.46388414590427357
F_suf_асилий,-0.46388414590427357
F_василий,-0.46388414590427357
F_абубакар,-0.4088511098499278
F_suf_убакар,-0.4088511098499278
L_султанов,-0.45188923724169033
L_әмір,-0.4538078527167992
L_suf_ір,-0.4538078527167992
L_suf_әмір,-0.4538078527167992
L_suf_мір,-0.4538078527167992
F_suf_ильман,-0.33892284786559185
F_suf_льман,-0.33892284786559185
F_абдильман,-0.33892284786559185
F_suf_ьман,-0.33892284786559185
F_pre_ангили,0.2552981333039444
F_ангилина,0.2552981333039444
F_suf_гилина,0.2317463670087745
F_pre_ангил,0.2552981333039444
F_pre_анги,0.2552981333039444
F_pre_стелла,0.3180530625271992
L_pre_алты,0.01117338447447942
L_pre_алтынб,-0.012525160456696063
F_pre_стел,0.3180530625271992
F_pre_сте,0.07577422196811613
L_pre_алтын,-0.012525160456696063
F_suf_стелла,0.29266000827156124
F_pre_ст,-0.08987836622497186
F_стелла,0.3180530625271992
L_алтынбекқызы,0.3583176177919946
F_pre_стелл,0.3180530625271992
F_suf_телла,0.2840149962906773
L_искаков,-0.38389615862196314
L_pre_искак,0.01951536638627189
F_ариет,-0.425919228459904
L_suf_каков,-0.40162584821854375
L_pre_иск,0.023750705171374068
L_pre_иска,0.023750705171374068
L_suf_скаков,-0.40162584821854375
F_pre_ариет,-0.425919228459904
F_suf_ариет,-0.425919228459904
F_suf_риет,-0.425919228459904
F_pre_арие,-0.425919228459904
L_pre_искако,0.01951536638627189
L_suf_асбек,-0.5091236718982324
L_жолдасбек,-0.5091236718982324
L_suf_сбек,-0.45388887004002715
L_suf_дасбек,-0.5091236718982324
L_ордабаев,-0.4284116116492972
L_pre_ордаба,0.011266231138669331
L_pre_орд,0.011266231138669331
L_pre_орда,0.011266231138669331
L_pre_ордаб,0.011266231138669331
F_pre_даяна,0.44900962037694586
F_pre_даян,-0.1419911244910308
F_suf_даяна,0.44900962037694586
F_pre_дая,-0.1419911244910308
F_даяна,0.44900962037694586
F_pre_інкәш,0.3874477192930669
F_suf_шжан,0.3874477192930669
F_pre_інкәшж,0.3874477192930669
F_інкәшжан,0.3874477192930669
F_suf_әшжан,0.3874477192930669
F_suf_кәшжан,0.3874477192930669
L_амиров,-0.4172602667559791
L_suf_амиров,-0.4172602667559791
F_suf_айзат,0.4055487971836492
F_pre_айзат,0.4055487971836492
F_айзат,0.4055487971836492
F_pre_айза,0.3289101781143863
F_suf_йзат,0.4055487971836492
F_аля,0.5838156458396917
L_касенова,0.5531549497494476
F_pre_аля,0.5838156458396917
F_абдурашид,-0.29772985689893405
F_suf_урашид,-0.29772985689893405
L_жалгасбаев,-0.39564648738210806
L_pre_жалгас,-0.02385752953405051
L_suf_асбаев,-0.49856787249161383
L_pre_жалг,-0.02385752953405051
L_pre_жалга,-0.02385752953405051
F_pre_диёр,-0.016891661568061076
F_pre_диё,-0.016891661568061076
F_pre_диёрбе,-0.39429107249152945
F_suf_иёрбек,-0.39429107249152945
F_suf_ёрбек,-0.39429107249152945
F_pre_диёрб,-0.39429107249152945
F_диёрбек,-0.39429107249152945
F_нателла,0.2647030931165025
F_pre_нате,0.2647030931165025
F_pre_нател,0.2647030931165025
F_suf_ателла,0.2647030931165025
F_pre_нателл,0.2647030931165025
F_pre_нат,0.2794064130689475
L_русланқызы,0.3789803890336986
F_suf_самад,-0.25178071754386455
F_абдісамад,-0.25139446829786577
L_калиев,-0.4016850608141992
F_suf_ісамад,-0.25139446829786577
F_suf_мадина,0.30217651970278986
L_мухтарова,0.48571888934509566
L_suf_тарова,0.4321038601326514
F_pre_мадина,0.30217651970278986
F_pre_мади,-0.032667677574687214
F_мадина,0.30217651970278986
F_pre_мадин,0.30217651970278986
F_pre_мад,-0.032667677574687214
L_suf_сәбит,-0.45888825133236105
L_pre_сәб,0.0069205491745945
L_pre_сәби,0.0069205491745945
L_сәбит,-0.45888825133236105
L_pre_сәбит,0.0069205491745945
L_suf_әбит,-0.45888825133236105
F_suf_ алим,-0.2569523324017754
F_suf_алим,-0.3820507042493717
F_абду алим,-0.2569523324017754
F_suf_у алим,-0.2569523324017754
F_pre_абамү,-0.33884314307846125
F_suf_үсілім,-0.33884314307846125
F_suf_сілім,-0.33884314307846125
F_pre_абамүс,-0.33884314307846125
F_pre_абам,-0.33884314307846125
F_абамүсілім,-0.33884314307846125
L_pre_сағынд,0.016140717042142233
L_сағындыққызы,0.42573684657377203
L_suf_кжанов,-0.4232412008488815
L_бекжанов,-0.4232412008488815
L_бахытқызы,0.4873581676155321
L_pre_бахытқ,0.4873581676155321
L_умирбаева,0.5790600344538388
L_pre_молдаг,-0.01114913397848114
F_suf_физ,-0.2437076564472705
F_suf_афиз,-0.2437076564472705
L_молдагалиев,-0.5084439912527854
F_suf_хафиз,-0.2437076564472705
F_абдельхафиз,-0.2437076564472705
F_suf_ьхафиз,-0.2437076564472705
L_кенжебекова,0.45707404795377155
L_suf_икова,0.4446099433404574
L_маликова,0.46945778529175625
L_suf_ликова,0.46945778529175625
F_pre_азиз,0.15705882538532426
F_suf_абону,0.2899948133344481
F_suf_забону,0.31685897262242474
F_pre_азизаб,0.3155231815066148
F_азизабону,0.31685897262242474
F_pre_азиза,0.36407789746341807
L_pre_кадир,-0.03934295941057493
L_кадиров,-0.3802642141177514
L_pre_кади,-0.03934295941057493
L_pre_кадиро,-0.03934295941057493
L_suf_адиров,-0.3802642141177514
F_pre_айнур,0.13682159676408284
F_pre_айну,0.13682159676408284
F_айнур,0.9503390243284121
F_pre_аия,0.48680438556991507
L_pre_жары,-0.03792303699661331
L_жарылқасынқызы,0.37185207789045477
L_pre_жарылқ,-0.03792303699661331
F_suf_аия,0.48680438556991507
L_pre_жарыл,-0.03792303699661331
F_аия,0.48680438556991507
F_suf_азиза,0.35028549369565326
F_suf_зиза,0.35028549369565326
F_азиза,0.35028549369565326
L_suf_сылхан,-0.45759310358106214
L_pre_асылх,0.04630905556986362
F_suf_лғани,-0.32723435772636494
L_suf_ылхан,-0.45759310358106214
L_suf_лхан,-0.43593509301485583
F_suf_илғани,-0.32187571666686116
F_абдилғани,-0.32187571666686116
L_pre_асылха,0.04630905556986362
F_pre_абдилғ,-0.32187571666686116
L_асылхан,-0.45759310358106214
F_pre_інкар,0.15479344883139215
F_інкарім,0.5144366163087611
L_жұмағұлқызы,0.5193838030384571
F_suf_арім,-0.07564374674234972
F_pre_інка,0.15479344883139215
F_suf_нкарім,0.5144366163087611
F_suf_карім,-0.07564374674234972
L_suf_ұлқызы,0.4798507486688129
F_pre_інкарі,0.5144366163087611
L_pre_назаро,-0.05293575365471066
L_назарова,0.49341305777544525
L_нұрсұлтанқызы,0.41734711422516385
L_pre_нұрсұл,-0.06540326215208724
F_suf_евинч,0.27576375788771273
F_севинч,0.27576375788771273
F_pre_севинч,0.27576375788771273
F_suf_винч,0.27576375788771273
F_pre_сев,0.2542506275643714
F_pre_севин,0.27576375788771273
F_suf_инч,0.27576375788771273
F_suf_севинч,0.27576375788771273
F_suf_нч,0.27576375788771273
L_pre_нұрс,-0.06540326215208724
F_pre_севи,0.27576375788771273
L_pre_нұрсұ,-0.06540326215208724
F_артак,-0.318948353907953
F_suf_так,-0.318948353907953
L_suf_ораз,-0.4539302881593505
L_suf_раз,-0.4539302881593505
L_suf_аз,-0.4539302881593505
F_pre_артак,-0.318948353907953
F_suf_артак,-0.318948353907953
F_suf_ртак,-0.318948353907953
L_ораз,-0.4539302881593505
L_suf_ралбек,-0.4071901729452618
L_suf_албек,-0.4071901729452618
L_оралбек,-0.4071901729452618
F_pre_эвел,0.22167321189151118
F_эвелина,0.22167321189151118
F_pre_эве,0.22167321189151118
F_pre_эвелин,0.22167321189151118
F_pre_эвели,0.22167321189151118
F_pre_эв,0.22167321189151118
L_suf_химов,-0.3910547314915683
L_рахимов,-0.3910547314915683
L_suf_ахимов,-0.3910547314915683
L_pre_рахимо,-0.040431344339414546
F_suf_лима,0.3661875654536365
F_pre_хали,0.24032524308071604
F_pre_хал,0.24032524308071604
F_suf_алима,0.32233987842480766
F_pre_халима,0.24032524308071604
F_халима,0.24032524308071604
L_ержанова,0.5603355924380419
F_pre_халим,0.24032524308071604
F_suf_халима,0.24032524308071604
F_асилзода,0.26497108342617354
L_pre_алдия,0.01314586674020936
L_suf_ярова,0.4427970939493036
F_suf_лзода,0.26497108342617354
L_pre_алди,0.01314586674020936
L_алдиярова,0.5207951842377335
F_suf_илзода,0.26497108342617354
F_pre_асилзо,0.26497108342617354
F_pre_асилз,0.26497108342617354
L_pre_алдияр,0.01314586674020936
L_suf_иярова,0.4427970939493036
L_кожабеков,-0.5110335195045037
L_pre_кожабе,-0.05134468546802285
F_pre_данат,-0.6361073386939331
F_suf_данат,-0.6361073386939331
F_данат,-0.6361073386939331
F_pre_сымба,0.3626134689386093
F_suf_мбат,0.3626134689386093
F_сымбат,0.3626134689386093
F_pre_сымбат,0.3626134689386093
F_pre_сым,0.3626134689386093
F_pre_сымб,0.3626134689386093
F_pre_сы,-0.035834835610369896
F_suf_сымбат,0.3626134689386093
F_suf_ымбат,0.3626134689386093
L_алимбетова,0.4809399475961984
F_suf_йсу,0.4680394675338597
F_айсу,0.4680394675338597
F_suf_айсу,0.4680394675338597
F_suf_су,0.4327321439904578
L_suf_ғанбек,-0.4606588441401126
F_pre_әлиха,-0.24974435520968855
F_suf_әлихан,-0.24974435520968855
L_тұрғанбек,-0.4606588441401126
F_әлихан,-0.24974435520968855
F_pre_әлих,-0.24974435520968855
F_pre_әлихан,-0.24974435520968855
F_suf_ бакар,-0.275429156533703
F_абу бакар,-0.275429156533703
F_suf_ирахим,-0.2735113668704513
F_абдирахим,-0.2735113668704513
L_жолдасбаев,-0.581144799894242
F_suf_делля,0.23035464135810163
F_pre_аделля,0.23035464135810163
F_suf_елля,0.23035464135810163
F_аделля,0.23035464135810163
F_suf_аделля,0.23035464135810163
F_абдісайидин,-0.25650036338001525
F_suf_айидин,-0.25650036338001525
F_suf_идин,-0.25650036338001525
F_suf_йидин,-0.25650036338001525
F_suf_гия,0.3708417802868409
L_лесбекқызы,0.412931054686914
F_pre_агия,0.3434982017814281
F_агия,0.3708417802868409
L_pre_ле,-0.007781291972792118
L_pre_лесбек,-0.007781291972792118
F_suf_агия,0.3708417802868409
L_pre_лес,-0.007781291972792118
L_pre_лесбе,-0.007781291972792118
L_pre_лесб,-0.007781291972792118
F_pre_мирос,-0.030031458800943163
F_suf_ослава,0.4184875187545529
F_suf_слава,0.4184875187545529
F_suf_ава,0.5066237791881563
L_темірханқызы,0.39448456013044897
F_suf_лава,0.4184875187545529
F_pre_миросл,-0.030031458800943163
F_мирослава,0.4184875187545529
L_pre_темірх,-0.017361333607939552
F_pre_аббур,-0.313757532437979
F_аббурахман,-0.313757532437979
F_pre_аббура,-0.313757532437979
F_pre_аббу,-0.313757532437979
L_pre_успан,-0.019179248756282644
L_pre_успано,-0.019179248756282644
L_pre_усп,-0.019179248756282644
L_успанов,-0.40571738419867637
L_pre_успа,-0.019179248756282644
L_pre_олж,-0.016258986438483298
L_pre_олжаб,-0.016258986438483298
L_pre_олжа,-0.016258986438483298
L_pre_олжаба,-0.016258986438483298
L_pre_ол,-0.016258986438483298
L_олжабаева,0.43531952718394623
L_султанбекова,0.4931597543984486
L_кадырбаева,0.3891331633051277
F_pre_адиж,0.475005753546975
F_pre_адижа,0.475005753546975
F_адижан,0.475005753546975
F_suf_адижан,0.475005753546975
F_pre_адижан,0.475005753546975
L_тулегенова,0.3626853091524805
L_suf_қова,0.4095887741772272
L_suf_ықова,0.4095887741772272
L_suf_лықова,0.4095887741772272
L_жақсылықова,0.4095887741772272
F_pre_асе,0.0574686647275871
F_pre_асел,0.4084857223428603
F_асель,0.48265655058418505
F_suf_асель,0.48265655058418505
F_pre_асель,0.48265655058418505
L_suf_газин,-0.4114219742067634
L_нургазин,-0.4114219742067634
L_suf_ргазин,-0.4114219742067634
F_suf_нкара,0.2557686437605774
F_suf_інкара,0.2557686437605774
F_інкара,0.2557686437605774
F_pre_інкара,0.2557686437605774
F_suf_кара,0.2557686437605774
F_suf_д юсуф,-0.23490876382255357
F_suf_ юсуф,-0.23490876382255357
F_мухаммад юсуф,-0.23490876382255357
L_жүнісқызы,0.37345017494268995
L_pre_жүн,-0.021867257415297305
L_pre_жүнісқ,0.37345017494268995
L_pre_жүніс,-0.021867257415297305
L_suf_ісқызы,0.37115652455783593
L_pre_жүні,-0.021867257415297305
L_жусупова,0.43623661854900636
L_suf_маилов,-0.4188442487546411
F_pre_абдем,-0.2763860894015882
F_pre_абдеме,-0.2763860894015882
F_suf_емет,-0.2763860894015882
L_suf_аилов,-0.4188442487546411
F_suf_бдемет,-0.2763860894015882
F_абдемет,-0.2763860894015882
F_suf_демет,-0.2763860894015882
L_исмаилов,-0.44520024922729823
F_suf_білхан,-0.29408888880747447
F_абілхан,-0.29408888880747447
F_suf_ілхан,-0.3108524545580877
F_pre_сали,-0.052482636882344974
L_pre_бекова,0.35744937098149904
F_suf_салиха,0.4092729394816379
L_бекова,0.35744937098149904
F_pre_салих,-0.052482636882344974
F_салиха,0.4092729394816379
F_suf_алиха,0.4092729394816379
F_pre_салиха,0.4092729394816379
F_suf_актан,-0.34046923520967065
F_pre_актан,-0.34046923520967065
F_актан,-0.34046923520967065
L_құдайберген,-0.38948769622045476
F_suf_ктан,-0.34046923520967065
F_pre_акт,-0.3142472457321668
F_pre_акта,-0.34046923520967065
L_қалиқызы,0.3600396179071719
L_pre_қалиқ,0.3600396179071719
L_pre_қалиқы,0.3600396179071719
L_ергалиев,-0.45106702752872546
L_pre_ерга,0.06712195221404721
L_pre_ергали,0.06712195221404721
L_pre_ергал,0.06712195221404721
L_pre_ерг,0.0355794691205184
F_наима,0.33316393351942847
F_pre_наим,0.33316393351942847
F_suf_аима,0.33316393351942847
F_pre_наима,0.33316393351942847
F_suf_наима,0.33316393351942847
F_pre_наи,-0.0912324509975848
F_pre_дони,-0.26393044809369104
L_suf_уртаев,-0.43899712548942244
F_pre_дониёр,-0.26393044809369104
L_нуртаев,-0.43899712548942244
F_pre_дон,-0.26393044809369104
L_pre_нуртае,-0.06156027421992663
F_suf_дониёр,-0.26393044809369104
F_suf_ониёр,-0.26393044809369104
F_pre_дониё,-0.26393044809369104
F_дониёр,-0.26393044809369104
F_suf_ниёр,-0.26393044809369104
L_мухамбетова,0.5440718371723771
F_suf_кнур,-0.29171635117833145
F_pre_бекнур,-0.29171635117833145
F_suf_бекнур,-0.29171635117833145
F_suf_екнур,-0.29171635117833145
F_pre_бекн,-0.29171635117833145
F_pre_бекну,-0.29171635117833145
F_бекнур,-0.29171635117833145
F_алтынгуль,0.29911253778411917
F_pre_алтынг,0.29911253778411917
F_suf_нгуль,0.29911253778411917
F_suf_ынгуль,0.29911253778411917
F_suf_арууке,0.2740554603107691
F_pre_аруу,0.3137018800892119
L_аубакирова,0.47589726797954635
F_suf_уке,0.2740554603107691
F_pre_арууке,0.2740554603107691
F_suf_ууке,0.2740554603107691
F_pre_аруук,0.2740554603107691
F_арууке,0.2740554603107691
F_suf_рууке,0.2740554603107691
F_suf_емир,-0.2997028436686137
L_алибеков,-0.4271311479693702
F_pre_айде,-0.3047323121760294
F_айдемир,-0.3047323121760294
F_suf_демир,-0.2997028436686137
F_suf_йдемир,-0.3047323121760294
F_pre_айдем,-0.3047323121760294
F_pre_айдеми,-0.3047323121760294
F_абдез али,-0.26532825955137
F_pre_абдез ,-0.26532825955137
F_suf_з али,-0.26532825955137
F_pre_абдез,-0.26532825955137
F_suf_ез али,-0.26532825955137
F_pre_володи,-0.2385104978878014
L_suf_утешов,-0.4026156330761503
F_pre_вол,-0.2385104978878014
F_suf_одимир,-0.2385104978878014
L_утешов,-0.4026156330761503
L_suf_тешов,-0.4026156330761503
F_pre_воло,-0.2385104978878014
L_suf_шов,-0.42148310144251755
F_pre_волод,-0.2385104978878014
L_suf_ешов,-0.3981433525579538
F_володимир,-0.2385104978878014
F_pre_во,-0.2385104978878014
L_оразалы,-0.49593969448268493
L_suf_алы,-0.5014823111914161
L_suf_залы,-0.49593969448268493
L_suf_разалы,-0.49593969448268493
L_suf_азалы,-0.49593969448268493
F_хан,-0.8748986701056147
F_suf_іуали,-0.3143565398162105
F_pre_абдіуа,-0.2835903120045436
F_suf_діуали,-0.3143565398162105
F_абдіуали,-0.3143565398162105
F_pre_абдіу,-0.2753364113772836
F_pre_адэлин,0.21716542970841543
F_suf_дэлина,0.21716542970841543
F_адэлина,0.21716542970841543
F_suf_йсанем,0.2970365818466143
F_suf_санем,0.2970365818466143
F_айсанем,0.2970365818466143
F_pre_айсане,0.2970365818466143
L_pre_бул,0.016004550622370932
L_pre_булато,0.02567722941807098
L_pre_булат,0.02567722941807098
L_pre_була,0.02567722941807098
F_suf_ымбек,-0.25882382460766085
L_булатов,-0.3736753209973305
F_suf_сымбек,-0.2430701259465497
F_абілқасымбек,-0.2430701259465497
F_suf_анель,0.3598511956359716
F_suf_жанель,0.36349426987796285
F_pre_жанел,0.36349426987796285
F_жанель,0.36349426987796285
F_pre_жане,0.35307638072312303
F_pre_жанель,0.36349426987796285
F_suf_тослав,-0.24269386627012
L_ануарбеков,-0.4205560870561732
F_suf_ослав,-0.2994318768183639
F_pre_святос,-0.24269386627012
F_святослав,-0.24269386627012
F_аврелия,0.38521680366064065
L_мухтарқызы,0.39334996280640355
F_suf_врелия,0.38521680366064065
F_pre_ізмұра,-0.2730665152958239
F_suf_змұрат,-0.2730665152958239
F_suf_мұрат,-0.2730665152958239
F_pre_ізмұр,-0.2730665152958239
F_ізмұрат,-0.2730665152958239
F_suf_ұрат,-0.2730665152958239
L_suf_дасова,0.4644299090554859
L_жолдасова,0.4644299090554859
F_suf_иели,-0.33423286189449136
F_suf_риели,-0.33423286189449136
F_suf_бриели,-0.33423286189449136
F_габриели,-0.33423286189449136
F_pre_габрие,-0.33423286189449136
L_даулбаев,-0.3926054341280268
F_suf_агелик,0.3897027344278171
F_агелик,0.3897027344278171
F_suf_елик,0.3897027344278171
F_pre_агели,0.30247389550337483
F_pre_агелик,0.3897027344278171
F_pre_агел,0.29554515426426586
F_suf_гелик,0.3897027344278171
F_suf_дамина,0.25520323612730017
F_pre_адамин,0.25520323612730017
F_pre_адами,0.25520323612730017
F_адамина,0.25520323612730017
F_айсулуу,0.3350181760688624
F_suf_луу,0.3987625202479357
F_suf_сулуу,0.3987625202479357
F_suf_йсулуу,0.3350181760688624
F_suf_улуу,0.3987625202479357
F_suf_уу,0.3987625202479357
F_pre_айсулу,0.35056167929904014
F_pre_хусн,-0.24893622023050646
F_pre_хуснид,-0.24893622023050646
F_хусниддин,-0.24893622023050646
F_suf_ниддин,-0.24893622023050646
L_баймуханов,-0.4347966918483617
F_pre_хусни,-0.24893622023050646
F_амин,-0.7199069305225281
L_батырбеков,-0.5188007052403201
F_suf_егра,0.3024748538415844
L_кенжегалиева,0.3738930521171681
F_suf_гра,0.3024748538415844
F_pre_аллегр,0.3024748538415844
F_pre_алле,-0.04814453765661745
L_pre_кенжег,-0.14009544428129472
F_suf_ллегра,0.3024748538415844
F_suf_легра,0.3024748538415844
F_аллегра,0.3024748538415844
F_pre_аллег,0.3024748538415844
F_suf_бдиля,0.46494498645657484
F_pre_абдиля,0.46494498645657484
F_абдиля,0.46494498645657484
F_suf_абдиля,0.46494498645657484
L_suf_ратов,-0.4193575040885762
F_pre_усман,-0.311199235506994
L_маратов,-0.41715737508859213
F_pre_усма,-0.311199235506994
F_усман,-0.311199235506994
L_pre_марато,-0.04216400957610592
F_suf_усман,-0.311199235506994
L_suf_аратов,-0.41715737508859213
F_pre_усм,-0.3051469049113651
F_pre_ус,-0.3051469049113651
F_suf_лейли,0.39304192393516885
F_suf_ейли,0.39304192393516885
F_pre_лейл,0.3659997956448043
F_suf_йли,0.39304192393516885
F_pre_лейли,0.39304192393516885
F_pre_лей,0.3659997956448043
F_лейли,0.39304192393516885
F_suf_алин,0.30858662262342373
F_suf_адалин,0.30858662262342373
F_suf_далин,0.30858662262342373
F_адалин,0.30858662262342373
F_ізбасарқожа,-0.3200610432785156
F_pre_ізбас,-0.2921932213107949
F_pre_ізбаса,-0.3200610432785156
F_suf_рқожа,-0.3200610432785156
F_suf_арқожа,-0.3200610432785156
L_suf_биев,-0.4338875451116612
L_набиев,-0.42924380882878876
L_suf_абиев,-0.4338875451116612
L_suf_набиев,-0.42924380882878876
F_агина,0.2846498853283371
F_pre_агин,0.28645282009139883
F_suf_гина,0.2579700875502853
F_suf_агина,0.2846498853283371
F_pre_агина,0.2846498853283371
L_pre_нурпе,-0.04319304237829688
F_башир,-0.3061151890603845
L_pre_нурпей,-0.018781971739683795
F_pre_баши,-0.3061151890603845
L_suf_пейсов,-0.3963473928413181
L_suf_йсов,-0.3963473928413181
F_suf_башир,-0.3061151890603845
F_suf_шир,-0.3061151890603845
F_suf_ашир,-0.3061151890603845
F_pre_башир,-0.3061151890603845
L_suf_ейсов,-0.3963473928413181
L_нурпейсов,-0.3963473928413181
L_pre_нурп,-0.04319304237829688
F_pre_баш,-0.3061151890603845
L_кулбаева,0.5184777556448227
F_suf_амаль,0.07644838798151363
F_pre_аамал,0.4220132138584353
F_suf_аамаль,0.4220132138584353
F_pre_аама,0.4220132138584353
F_pre_аамаль,0.4220132138584353
F_аамаль,0.4220132138584353
L_pre_акыл,-0.01865312820347208
F_pre_тарас,-0.3327298814776982
F_тарас,-0.3327298814776982
L_pre_акылб,-0.01865312820347208
L_акылбеков,-0.484430262382429
F_suf_арас,-0.3327298814776982
F_suf_тарас,-0.3327298814776982
F_pre_тара,-0.3327298814776982
F_suf_рас,-0.3355623558336169
L_pre_акы,-0.01865312820347208
L_pre_акылбе,-0.01865312820347208
F_pre_тар,-0.29303492459845787
F_матас,0.4997972771354251
L_pre_жетпис,0.02993215550089638
F_pre_мата,0.4997972771354251
L_жетписбаева,0.3759819956094934
F_suf_матас,0.4997972771354251
F_suf_атас,0.4997972771354251
F_pre_матас,0.4997972771354251
L_pre_жетпи,0.02993215550089638
L_жанаев,-0.3741625648132342
L_suf_жанаев,-0.3741625648132342
L_suf_анаев,-0.43200476955008366
L_suf_наев,-0.43200476955008366
F_pre_інжуда,0.22778306534279216
F_pre_інжуд,0.22778306534279216
F_інжудария,0.22778306534279216
F_suf_удария,0.22778306534279216
F_pre_авг,-0.03964539461436497
F_suf_устин,-0.45019486446263896
F_августин,-0.45019486446263896
F_pre_авгу,-0.03964539461436497
F_pre_авгус,-0.03964539461436497
F_pre_август,-0.03964539461436497
F_suf_густин,-0.45019486446263896
F_suf_стин,-0.45019486446263896
L_сабыржанқызы,0.5336148321305937
L_pre_сабырж,0.050145603318969334
F_абдила,0.5502583789732068
F_suf_бдила,0.5502583789732068
F_suf_дила,0.40470464130758793
F_suf_абдила,0.5502583789732068
L_pre_иманбе,0.06588219289814436
L_иманбекова,0.5383079199901086
L_pre_иманб,0.045553684352096224
L_сабыржан,-0.37849833758189644
L_suf_быржан,-0.37849833758189644
F_pre_aйзере,0.2938488241369033
F_aйзере,0.2938488241369033
F_pre_aйзер,0.2938488241369033
F_pre_aйз,0.2938488241369033
F_suf_йзере,0.3121874396232106
F_suf_aйзере,0.2938488241369033
F_pre_aйзе,0.2938488241369033
F_suf_алық,-0.25521701854060247
F_suf_халық,-0.25521701854060247
F_абдіхалық,-0.25521701854060247
L_сайлау,-0.4123386547944087
L_suf_лау,-0.4123386547944087
L_suf_сайлау,-0.4123386547944087
L_suf_ау,-0.4123386547944087
L_suf_йлау,-0.4123386547944087
F_suf_іхалық,-0.25521701854060247
L_suf_айлау,-0.4123386547944087
F_suf_лық,-0.25521701854060247
L_орынбекқызы,0.3660320477173261
F_suf_лмахан,0.46076481222362875
F_suf_махан,0.46076481222362875
F_pre_алмаха,0.46076481222362875
F_pre_алмах,0.46076481222362875
F_алмахан,0.46076481222362875
F_pre_азрат,-0.3609568505862999
L_suf_совет,-0.49918156443492445
L_совет,-0.49918156443492445
F_suf_зрат,-0.3609568505862999
F_pre_азра,-0.3609568505862999
F_pre_азр,-0.3609568505862999
L_suf_овет,-0.49918156443492445
F_suf_азрат,-0.3609568505862999
L_suf_вет,-0.49918156443492445
F_азрат,-0.3609568505862999
L_suf_мбаров,-0.43188054545683124
L_suf_баров,-0.43188054545683124
F_pre_аш,-0.34297174329019225
L_камбаров,-0.43188054545683124
F_pre_ашо,-0.34297174329019225
F_suf_шот,-0.34297174329019225
F_suf_ашот,-0.34297174329019225
F_ашот,-0.34297174329019225
F_pre_ашот,-0.34297174329019225
F_suf_от,-0.34297174329019225
F_pre_аннабе,0.3212781544347784
F_suf_набель,0.3212781544347784
F_pre_аннаб,0.3212781544347784
F_аннабель,0.3212781544347784
F_suf_мма,0.2322708854934413
F_pre_адемма,0.23769026514257474
F_suf_емма,0.23769026514257474
F_suf_адемма,0.23769026514257474
F_адемма,0.23769026514257474
F_suf_демма,0.23769026514257474
F_pre_адемм,0.23769026514257474
L_бекмуратова,0.341993956738848
F_pre_адэм,0.31549814357526007
L_pre_бекм,-0.04979730109136565
F_suf_эма,0.27559696960113744
F_адэма,0.27559696960113744
F_suf_адэма,0.27559696960113744
L_pre_бекмур,-0.061001748801521684
F_suf_дэма,0.27559696960113744
L_pre_бекму,-0.061001748801521684
F_pre_адэма,0.27559696960113744
F_pre_ариз,-0.662190355774059
F_ариз,-0.662190355774059
F_pre_алиси,0.29427079297383885
F_suf_алисия,0.29427079297383885
F_suf_лисия,0.29427079297383885
F_алисия,0.29427079297383885
F_pre_алисия,0.29427079297383885
L_бекенқызы,0.3521480706222315
L_pre_бекен,-0.027660389898156564
L_pre_бекенқ,0.3521480706222315
F_suf_ринела,0.26926228808197794
F_suf_инела,0.26926228808197794
L_ермекова,0.4517822424258255
F_маринела,0.26926228808197794
L_suf_мекова,0.4517822424258255
F_suf_нела,0.26926228808197794
F_pre_марин,0.25499537125961885
F_pre_марине,0.26926228808197794
F_suf_зик,0.4101214232761953
L_pre_ташено,-0.03038402923461847
L_ташенова,0.4361666330047587
F_suf_азик,0.4101214232761953
L_pre_ташен,-0.03038402923461847
L_suf_шенова,0.4361666330047587
F_suf_назик,0.4101214232761953
F_suf_йназик,0.4101214232761953
F_pre_айнази,0.4101214232761953
F_айназик,0.4101214232761953
L_pre_таше,-0.03038402923461847
F_suf_руслан,-0.4379653102350243
F_руслан,-0.4379653102350243
F_suf_услан,-0.4379653102350243
F_исмаил,-0.2619043382108807
F_suf_смаил,-0.2619043382108807
F_suf_аил,-0.04949620881818737
L_ауелбеков,-0.4081038511217023
F_suf_исмаил,-0.2619043382108807
F_pre_исмаил,-0.2619043382108807
F_pre_исма,-0.2619043382108807
F_suf_маил,-0.2619043382108807
F_pre_исмаи,-0.2619043382108807
L_suf_ралиев,-0.4580272610052865
L_нуралиев,-0.5189448879158179
F_pre_мейрам,-0.26980151614678666
F_pre_мейр,-0.26980151614678666
F_pre_мейра,-0.26980151614678666
F_мейрамбек,-0.26980151614678666
F_suf_рамбек,-0.26980151614678666
L_suf_исаков,-0.38417261099186706
L_suf_саков,-0.38417261099186706
L_pre_исако,0.02882278759307005
L_pre_исак,0.02882278759307005
L_исаков,-0.38417261099186706
L_pre_исаков,0.02882278759307005
F_suf_ьмира,0.25340761002616474
L_дюсембаева,0.5139045419446846
F_альмира,0.2739059094239548
F_suf_льмира,0.25340761002616474
F_pre_альми,0.2755484494864619
F_pre_альм,0.2755484494864619
F_pre_альмир,0.2739059094239548
L_амангелдиев,-0.41152274305800884
L_suf_елдиев,-0.41152274305800884
L_мұхтар,-0.3526215376491668
L_suf_мұхтар,-0.3526215376491668
L_suf_ұхтар,-0.3526215376491668
F_suf_зам,0.04779552132657316
F_pre_азизам,0.4065319830935653
F_азизам,0.4065319830935653
F_suf_зизам,0.4065319830935653
F_suf_азизам,0.4065319830935653
F_suf_изам,0.4065319830935653
F_suf_йза,0.3890370677370187
F_suf_айза,0.3890370677370187
F_айза,0.3890370677370187
L_базарбаев,-0.3499850883575161
L_алимжанов,-0.3798148745838093
L_pre_алимжа,-0.02128333527511372
L_pre_алимж,-0.02128333527511372
F_suf_абайла,-0.44051758110362704
F_suf_йла,0.14038182629461093
F_абайла,-0.44051758110362704
F_pre_абайла,-0.44051758110362704
F_suf_байла,-0.44051758110362704
F_suf_айла,0.037574115929246435
F_pre_абайл,-0.44051758110362704
L_аскаров,-0.37063610864801616
L_pre_аска,-0.007636631451087082
F_абдіәлі адихан,-0.2643257313235436
L_suf_скаров,-0.37063610864801616
F_pre_абдіә,-0.28965230773680845
F_pre_абдіәл,-0.26632452872798396
L_pre_аскар,-0.007636631451087082
L_pre_аск,-0.007636631451087082
L_suf_каров,-0.37063610864801616
F_suf_адихан,-0.2643257313235436
L_pre_аскаро,-0.007636631451087082
F_suf_дихан,-0.2763140096158239
F_адамжан,-0.4352707755080949
F_pre_адамжа,-0.4352707755080949
F_pre_адамж,-0.4352707755080949
F_suf_дамжан,-0.4352707755080949
L_алимбаев,-0.432714650350862
L_pre_алимба,-6.953188597591994e-05
L_suf_йтбаев,-0.45387277444215407
L_айтбаев,-0.45387277444215407
L_pre_бижано,0.006938805274252803
F_suf_мерет,-0.51206817550268
L_suf_ижанов,-0.3767558146447269
F_suf_ерет,-0.51206817550268
F_мерет,-0.51206817550268
L_pre_бижан,0.006938805274252803
L_бижанов,-0.3767558146447269
F_pre_мерет,-0.51206817550268
L_pre_биж,0.006938805274252803
L_pre_бижа,0.006938805274252803
F_suf_айнаб,0.3128857668101288
F_зайнаб,0.3128857668101288
F_suf_зайнаб,0.3128857668101288
F_pre_зайн,0.33574940648705537
F_pre_зайнаб,0.3128857668101288
F_pre_зайна,0.33574940648705537
F_suf_йнаб,0.3128857668101288
F_suf_наб,0.3128857668101288
F_pre_зай,0.33574940648705537
F_suf_ірайым,-0.6030671189470206
F_абдірайым,-0.6030671189470206
F_suf_тонида,0.4294434862899109
F_suf_онида,0.4294434862899109
F_suf_нида,0.4294434862899109
F_антонида,0.4294434862899109
L_pre_ұзақ,-0.008088900795738534
L_pre_ұза,-0.008088900795738534
L_ұзақбай,-0.48701620412568364
L_suf_қбай,-0.48701620412568364
L_suf_зақбай,-0.48701620412568364
L_pre_ұз,-0.008088900795738534
L_pre_ұзақба,-0.008088900795738534
L_suf_ақбай,-0.48701620412568364
L_pre_ұзақб,-0.008088900795738534
L_бақбергенқызы,0.35026207982670227
L_мырзабекқызы,0.37493058380182165
F_ізім,0.05248840555504987
F_suf_ізім,0.05248840555504987
L_pre_магз,0.020897678232650964
F_андраник,-0.2910309055591241
F_pre_андран,-0.2910309055591241
F_suf_аник,-0.2910309055591241
F_suf_драник,-0.2910309055591241
L_suf_умов,-0.43355999479768415
F_pre_андра,-0.2910309055591241
L_магзумов,-0.43355999479768415
L_pre_маг,0.020897678232650964
L_suf_гзумов,-0.43355999479768415
F_suf_раник,-0.2910309055591241
L_suf_зумов,-0.43355999479768415
L_pre_магзум,0.020897678232650964
L_pre_магзу,0.020897678232650964
F_suf_самир,-0.41021528439692767
F_suf_усамир,-0.2131414900567881
F_абдусамир,-0.2131414900567881
L_suf_болов,-0.435616450083264
L_pre_байбол,0.0013920770850458439
L_suf_олов,-0.4334215861134578
L_suf_йболов,-0.435616450083264
L_байболов,-0.435616450083264
F_suf_бдазиз,-0.259559240168658
F_абдазиз,-0.259559240168658
F_suf_дазиз,-0.259559240168658
L_pre_жумага,-0.035039038708533504
L_жумагалиева,0.3391894574607205
F_pre_инара,0.26302031781574203
F_suf_инара,0.2468973530428185
F_инара,0.26302031781574203
F_pre_инар,0.26302031781574203
L_pre_кап,0.01587238182311597
L_капаров,-0.40786428623050675
L_pre_капар,0.008206944457527749
L_pre_капа,0.01587238182311597
L_pre_капаро,0.008206944457527749
L_аширбекова,0.3524474241938066
F_pre_фатим,0.3067843325381476
F_suf_фатима,0.3090287306437212
F_фатима,0.3067843325381476
F_pre_фат,-0.03122586400813692
F_pre_фати,-0.03122586400813692
F_pre_фатима,0.3067843325381476
F_suf_атима,0.3090287306437212
L_рахимбаев,-0.4894741552322998
F_pre_пати,0.35065967668830555
F_pre_патима,0.35065967668830555
F_патимат,0.35065967668830555
F_pre_пат,0.35065967668830555
F_suf_атимат,0.35065967668830555
F_suf_тимат,0.35065967668830555
F_suf_имат,0.35065967668830555
F_pre_патим,0.35065967668830555
L_жакенова,0.45248363425728
L_жұмабеков,-0.39114714652733357
F_улукбек,-0.26450026838916507
F_pre_ул,-0.11427597561490598
F_pre_улу,-0.2631369006827974
F_suf_лукбек,-0.26450026838916507
F_pre_улук,-0.26450026838916507
F_suf_укбек,-0.26450026838916507
F_pre_улукбе,-0.26450026838916507
F_suf_кбек,-0.26450026838916507
F_pre_улукб,-0.26450026838916507
F_pre_айку,0.33118334117332265
F_suf_йкут,0.33118334117332265
F_suf_кут,0.33118334117332265
F_suf_ут,0.33118334117332265
F_pre_айкут,0.33118334117332265
F_айкут,0.33118334117332265
F_suf_айкут,0.33118334117332265
F_айнура,0.27493068608547727
F_pre_айнура,0.27493068608547727
F_suf_йнура,0.27493068608547727
F_suf_айнура,0.27493068608547727
F_suf_дианұр,0.3717083537246271
L_suf_рамова,0.46350632396971114
F_pre_адианұ,0.3717083537246271
L_suf_амова,0.46350632396971114
L_мейрамова,0.46350632396971114
F_suf_анұр,0.3717083537246271
F_адианұр,0.3717083537246271
F_suf_ианұр,0.3717083537246271
F_аделям,0.32242861780847487
F_pre_аделям,0.32242861780847487
F_suf_делям,0.32242861780847487
F_suf_аделям,0.32242861780847487
F_suf_елям,0.32242861780847487
F_pre_нурс,0.005033779337811401
L_жолдас,-0.3981864296647155
L_suf_жолдас,-0.3981864296647155
L_suf_лдас,-0.3981864296647155
F_нурсултан,-0.4884598585809709
L_suf_дас,-0.3981864296647155
F_pre_нурсул,0.005033779337811401
L_suf_олдас,-0.3981864296647155
F_pre_нурсу,0.005033779337811401
F_suf_адели,0.4124224556284737
F_адели,0.4124224556284737
L_калабаева,0.40448679016437195
F_suf_дели,0.4124224556284737
F_suf_ххаб,-0.2586163883711515
F_suf_аххаб,-0.2586163883711515
F_suf_уаххаб,-0.25799725324020234
F_абдіуаххаб,-0.25799725324020234
F_адилжан,-0.4629472521225505
F_pre_адилжа,-0.4629472521225505
F_pre_адилж,-0.4629472521225505
F_suf_илжан,-0.4629472521225505
F_suf_дилжан,-0.4629472521225505
F_suf_спар,-0.2735799915743087
F_suf_аспар,-0.2735799915743087
F_pre_гаспа,-0.2735799915743087
L_марат,-0.4579757619881683
F_suf_гаспар,-0.2735799915743087
F_pre_гас,-0.2735799915743087
F_гаспар,-0.2735799915743087
L_suf_марат,-0.4579757619881683
L_suf_арат,-0.4579757619881683
F_pre_гаспар,-0.2735799915743087
F_pre_гасп,-0.2735799915743087
F_pre_аяла,0.3698622521339622
F_suf_аяла,0.3698622521339622
F_pre_аял,0.3698622521339622
F_suf_яла,0.36717770497391916
F_аяла,0.3698622521339622
L_бердибекова,0.438113940506382
F_галина,0.2587135063499438
L_сапарбекова,0.4707287145081546
F_pre_галин,0.2587135063499438
F_suf_галина,0.2587135063499438
F_pre_галина,0.2587135063499438
F_pre_гал,0.2587135063499438
F_pre_гали,0.2587135063499438
F_адарис,0.3099752345746449
F_suf_арис,0.3099752345746449
F_pre_адарис,0.3099752345746449
F_suf_дарис,0.3099752345746449
F_suf_адарис,0.3099752345746449
F_pre_анет,0.2554722386044705
F_анетта,0.2554722386044705
F_pre_анетт,0.2554722386044705
F_pre_анетта,0.2554722386044705
F_suf_анетта,0.2554722386044705
F_suf_сжан,-0.2983182367135427
F_pre_ілиясж,-0.29455191827196137
F_ілиясжан,-0.29455191827196137
F_suf_ясжан,-0.29455191827196137
F_suf_иясжан,-0.29455191827196137
L_pre_утепов,-0.02546930679716742
F_suf_арвар,-0.3334808876143768
F_сарвар,-0.3334808876143768
L_suf_тепов,-0.3790758380915769
L_suf_утепов,-0.3790758380915769
L_pre_утепо,-0.02546930679716742
L_pre_утеп,-0.04364926992633189
L_утепов,-0.3790758380915769
F_suf_сарвар,-0.3334808876143768
F_suf_рвар,-0.3334808876143768
L_тусупов,-0.36346684045771355
F_pre_лай,0.2701375730696675
F_pre_лайм,0.2710687510215003
F_suf_айма,0.2710687510215003
F_suf_лайма,0.2710687510215003
F_pre_лайма,0.2710687510215003
F_лайма,0.2710687510215003
F_suf_йма,0.2710687510215003
L_suf_ымхан,-0.3951376257171114
L_suf_сымхан,-0.3951376257171114
L_suf_мхан,-0.3951376257171114
L_қасымхан,-0.3951376257171114
L_pre_қаз,-0.004126963063724368
L_қазбекқызы,0.45344859898700063
F_pre_яна,0.6250128060623472
F_pre_ян,-0.13006848262892598
L_pre_қазбе,-0.004126963063724368
F_яна,0.6250128060623472
L_pre_қазб,-0.004126963063724368
L_pre_қазбек,-0.004126963063724368
F_ануар,-0.4301972118933253
L_сариев,-0.4461235177510509
F_suf_нуар,-0.4301972118933253
L_suf_ариев,-0.4461235177510509
F_pre_ануар,-0.4301972118933253
L_suf_риев,-0.4461235177510509
F_suf_ануар,-0.4301972118933253
L_suf_сариев,-0.4461235177510509
F_pre_ануа,-0.4301972118933253
F_suf_ильдар,-0.275093430982017
F_pre_ильда,-0.275093430982017
F_pre_ильдар,-0.275093430982017
F_suf_льдар,-0.29519826796253307
F_ильдар,-0.275093430982017
F_pre_ильд,-0.275093430982017
F_suf_ьдар,-0.29519826796253307
F_абдісұлтан,-0.24029732897707184
L_бақытжан,-0.49327025862619067
L_suf_қытжан,-0.49327025862619067
F_pre_абдісұ,-0.24029732897707184
F_абақ,-0.42614332709869884
F_pre_абақ,-0.3453547404456047
F_suf_абақ,-0.42614332709869884
L_pre_қанатұ,-0.3048613580466042
L_suf_натұлы,-0.3048613580466042
L_қанатұлы,-0.3048613580466042
F_suf_бақ,-0.42614332709869884
F_suf_льгис,-0.35890181302234647
F_suf_ьгис,-0.35890181302234647
L_рахманов,-0.3765704142419593
F_pre_альги,-0.3440449573041623
F_pre_альг,-0.3440449573041623
F_pre_альгис,-0.35890181302234647
F_альгис,-0.35890181302234647
F_suf_альгис,-0.35890181302234647
F_suf_діхаир,-0.22782310490840216
F_абдіхаир,-0.22782310490840216
F_suf_іхаир,-0.22782310490840216
F_suf_аз,0.16136772696246476
F_suf_льназ,0.2954777863666838
F_suf_ьназ,0.2954777863666838
F_pre_диль,0.30570273186597874
F_дильназ,0.30570273186597874
F_pre_дильн,0.30570273186597874
F_suf_ильназ,0.30570273186597874
F_suf_наз,0.310573186732364
F_pre_дильна,0.30570273186597874
L_suf_панова,0.46630772730088815
L_куспанова,0.40315514486614745
F_suf_асет,-0.4058157578872308
F_абділвасет,-0.21522253931964705
F_suf_сет,-0.4058157578872308
F_suf_лвасет,-0.21522253931964705
F_pre_абділв,-0.21522253931964705
F_suf_васет,-0.21522253931964705
F_pre_тин,0.3694996403286311
F_suf_атин,0.3694996403286311
F_тинатин,0.3694996403286311
F_pre_тина,0.3694996403286311
F_pre_тинати,0.3694996403286311
F_suf_инатин,0.3694996403286311
F_suf_натин,0.3694996403286311
F_pre_тинат,0.3694996403286311
L_suf_гаева,0.42619097881378976
F_pre_од,0.27616517602556573
L_pre_таг,-0.020329205182639615
L_suf_агаева,0.42619097881378976
L_тагаева,0.42619097881378976
F_pre_одина,0.27616517602556573
L_pre_тага,-0.020329205182639615
F_pre_один,0.27616517602556573
F_suf_одина,0.27616517602556573
F_одина,0.27616517602556573
F_pre_оди,0.27616517602556573
L_pre_тагаев,-0.020329205182639615
L_pre_тагае,-0.020329205182639615
F_suf_и илиа,-0.39134215895379604
F_suf_ илиа,-0.39134215895379604
L_бақытбек,-0.37828850919621937
F_pre_заали,-0.39134215895379604
F_suf_лиа,0.16480503422319842
F_pre_заали ,-0.39134215895379604
F_suf_илиа,-0.39134215895379604
L_suf_қытбек,-0.37828850919621937
L_suf_ытбек,-0.37828850919621937
F_pre_заа,-0.39134215895379604
L_pre_бақытб,-0.04599382573862652
F_pre_заал,-0.39134215895379604
F_заали илиа,-0.39134215895379604
F_pre_aйба,-0.34606567736504457
F_suf_aйбар,-0.34606567736504457
F_aйбар,-0.34606567736504457
F_suf_йбар,-0.3651939449916135
F_pre_aйбар,-0.34606567736504457
F_pre_aйб,-0.34606567736504457
F_suf_ниешка,0.25559122772750226
F_suf_ешка,0.25559122772750226
F_агниешка,0.25559122772750226
L_кыдырбаева,0.35097453782158305
L_pre_кыдырб,0.03544959128122409
L_pre_кыдыр,0.03544959128122409
L_pre_кыд,0.03544959128122409
F_suf_шка,0.25559122772750226
F_suf_иешка,0.25559122772750226
L_pre_кыды,0.03544959128122409
F_pre_агни,0.10448939455941395
F_pre_агниеш,0.25559122772750226
F_pre_агние,0.33562635438129684
F_suf_ькыз,0.3635929291079843
F_suf_лькыз,0.3635929291079843
L_алдабергенова,0.5156646582742206
F_pre_адильк,0.3635929291079843
F_suf_кыз,0.3635929291079843
F_suf_илькыз,0.3635929291079843
F_адилькыз,0.3635929291079843
F_pre_нин,0.35967803984533675
F_pre_нинико,0.30958139460886946
L_жумабекқызы,0.4615540246170984
F_pre_нини,0.30958139460886946
F_pre_ниник,0.30958139460886946
F_suf_нико,0.30958139460886946
F_suf_нинико,0.30958139460886946
F_suf_инико,0.30958139460886946
F_нинико,0.30958139460886946
L_сапаров,-0.47094492127051046
F_pre_азизб,-0.3726942635827906
F_suf_зизбек,-0.3726942635827906
F_suf_избек,-0.3726942635827906
L_pre_сапаро,0.048421475747854346
F_suf_збек,-0.29312748051155163
F_pre_азизбе,-0.3726942635827906
F_азизбек,-0.3726942635827906
L_pre_мақсұ,-0.011178401595416547
L_suf_ақсұт,-0.420753764992463
L_pre_мақсұт,-0.011178401595416547
L_suf_сұт,-0.420753764992463
L_suf_қсұт,-0.420753764992463
L_suf_мақсұт,-0.420753764992463
L_мақсұт,-0.420753764992463
L_suf_ұт,-0.420753764992463
L_лукпанова,0.41458823117435994
L_мусагалиева,0.43714460527982013
F_suf_еон,-0.4115491853559801
F_suf_леон,-0.4115491853559801
F_леон,-0.4115491853559801
F_pre_леон,-0.3288687278215308
F_pre_лео,-0.3288687278215308
F_suf_ализа,0.4751709620275522
F_ализа,0.4751709620275522
F_suf_лиза,0.3823876271132751
F_pre_ализ,0.012546999060152223
F_pre_ализа,0.012546999060152223
L_pre_бекбер,0.04309787641552916
L_бекбергенова,0.48762585313112833
L_pre_бекбе,0.04309787641552916
F_pre_азизэ,0.36261736859437016
F_suf_изэ,0.36261736859437016
F_suf_азизэ,0.36261736859437016
F_азизэ,0.36261736859437016
F_suf_зэ,0.36261736859437016
F_suf_зизэ,0.36261736859437016
L_байжуманов,-0.4053464145568461
F_pre_даниа,-0.31140674548188196
F_suf_аниал,-0.31140674548188196
F_suf_иал,-0.31140674548188196
F_pre_даниал,-0.31140674548188196
F_suf_ниал,-0.31140674548188196
F_suf_даниал,-0.31140674548188196
L_pre_байжу,-0.018326714383414284
L_pre_байжум,-0.018326714383414284
F_даниал,-0.31140674548188196
F_pre_айбийк,0.291140571636923
F_pre_айбий,0.291140571636923
F_suf_бийке,0.291140571636923
F_suf_ийке,0.291140571636923
F_айбийке,0.291140571636923
F_suf_йке,0.291140571636923
F_suf_йбийке,0.291140571636923
F_альнадир,-0.2811404500035143
F_pre_альн,-0.2811404500035143
F_suf_ьнадир,-0.2811404500035143
F_pre_альна,-0.2811404500035143
F_pre_альнад,-0.2811404500035143
F_suf_надир,-0.3313314799404715
L_suf_химова,0.4226583265170494
L_рахимова,0.4226583265170494
F_suf_бдалим,-0.23775908395485426
F_абдалим,-0.23775908395485426
F_pre_абдали,-0.26927367695814985
F_suf_далим,-0.23775908395485426
F_suf_бдула,-0.3803339966140948
F_абдула,-0.3803339966140948
F_suf_абдула,-0.3803339966140948
F_suf_ула,-0.3803339966140948
F_suf_дула,-0.3803339966140948
F_pre_берме,0.43225326192013747
F_pre_бер,-0.026110413553750975
F_suf_бермет,0.43225326192013747
F_suf_рмет,0.43225326192013747
F_pre_берм,0.43225326192013747
F_бермет,0.43225326192013747
F_pre_бермет,0.43225326192013747
F_suf_ермет,0.43225326192013747
L_бекмуратов,-0.46491955711214106
L_suf_уратов,-0.4415828790724626
F_pre_дин,0.20509064408147726
F_pre_динисл,-0.32851157807797604
F_pre_дини,-0.32851157807797604
F_suf_нислам,-0.32851157807797604
F_динислам,-0.32851157807797604
F_pre_динис,-0.32851157807797604
L_suf_нап,-0.4961411966136338
L_suf_анап,-0.4961411966136338
L_suf_ап,-0.4961411966136338
L_манап,-0.4961411966136338
L_suf_манап,-0.4961411966136338
F_suf_ақар,-0.27943317290222597
F_абдіхақар,-0.27943317290222597
F_suf_хақар,-0.27943317290222597
F_suf_іхақар,-0.27943317290222597
L_сапарбаева,0.4473197935518228
L_жексенбай,-0.4164528197831922
F_эмир,-0.42414909759611885
F_suf_эмир,-0.42414909759611885
F_suf_агиля,0.2744489832078323
F_suf_гиля,0.2744489832078323
F_агиля,0.2744489832078323
F_pre_агиля,0.2744489832078323
F_suf_агапе,0.3591684202589347
F_suf_гапе,0.3591684202589347
F_suf_апе,0.3591684202589347
L_рыскулова,0.4385826003715087
F_pre_агапе,0.3591684202589347
F_агапе,0.3591684202589347
F_suf_пе,0.3591684202589347
F_pre_назира,0.24525773932113953
F_назира,0.24525773932113953
F_suf_азира,0.2561099122321215
F_suf_назира,0.24525773932113953
F_suf_зира,0.2561099122321215
F_pre_нази,0.24525773932113953
F_pre_назир,0.24525773932113953
F_pre_абіл м,-0.24688166704886175
F_pre_абіл ,-0.24688166704886175
F_абіл мансур,-0.24871310083613526
F_pre_элну,0.24819485840227107
F_pre_элнур,0.24819485840227107
F_pre_элнура,0.24819485840227107
F_suf_лнура,0.2520708061063371
F_suf_элнура,0.24819485840227107
F_pre_элн,0.24819485840227107
F_элнура,0.24819485840227107
L_pre_бекту,-0.03345262824503289
L_pre_бектур,-0.03345262824503289
L_suf_рганов,-0.422993296711247
L_suf_ганов,-0.4180083338522129
L_бектурганов,-0.422993296711247
L_pre_аманғ,-0.04004633549545368
L_аманғали,-0.4175757402854168
L_pre_аманға,-0.04004633549545368
F_pre_имран,-0.3608976109951912
F_suf_имран,-0.3608976109951912
F_имран,-0.3608976109951912
L_pre_ускенб,0.018891386696065774
L_pre_уск,0.018891386696065774
L_pre_уске,0.018891386696065774
L_ускенбаев,-0.45039463574430305
L_pre_ускен,0.018891386696065774
F_pre_имра,-0.3608976109951912
L_pre_садво,-0.04276303068042903
F_сардар,-0.30977388664791156
F_suf_рдар,-0.30977388664791156
F_pre_сард,-0.2894724375109337
L_pre_садвок,-0.04276303068042903
L_suf_окасов,-0.43177200140728544
F_suf_сардар,-0.30977388664791156
F_suf_ардар,-0.30977388664791156
L_садвокасов,-0.43177200140728544
F_pre_сардар,-0.30977388664791156
F_pre_сарда,-0.30977388664791156
L_тулегенов,-0.5620189496180412
F_pre_степ,-0.30783340790296454
L_suf_ды,-0.5306341224317258
F_suf_степан,-0.30783340790296454
L_suf_ельды,-0.557623120936554
L_амангельды,-0.557623120936554
F_pre_степа,-0.30783340790296454
F_suf_пан,-0.30783340790296454
L_suf_гельды,-0.557623120936554
F_suf_епан,-0.30783340790296454
F_suf_тепан,-0.30783340790296454
F_pre_степан,-0.30783340790296454
L_suf_ьды,-0.557623120936554
F_степан,-0.30783340790296454
L_suf_льды,-0.557623120936554
F_suf_діуәли,-0.2542270866762172
F_pre_абдіуә,-0.2542270866762172
F_абдіуәли,-0.2542270866762172
L_жолдыбай,-0.42885042466074813
F_suf_уәли,-0.2542270866762172
F_suf_іуәли,-0.2542270866762172
L_назаров,-0.5358177557381427
F_батырхан,-0.2645658698665034
F_pre_бат,-0.2645658698665034
F_pre_батырх,-0.2645658698665034
F_pre_баты,-0.2645658698665034
F_suf_тырхан,-0.2645658698665034
F_pre_батыр,-0.2645658698665034
F_suf_ырхан,-0.2677937091385505
L_suf_напов,-0.3891011361025809
L_манапов,-0.3891011361025809
L_suf_апов,-0.3891011361025809
L_suf_анапов,-0.3891011361025809
F_suf_жалел,-0.2630331609686464
F_suf_лел,-0.26508368882766087
F_suf_алел,-0.2630331609686464
F_suf_ижалел,-0.2600864169635773
F_абдижалел,-0.2600864169635773
F_pre_ісмедж,-0.2670387557686442
F_pre_ісм,-0.30739555738733537
F_pre_ісме,-0.30739555738733537
L_абай,-0.497119457677825
F_pre_ісмед,-0.2670387557686442
F_ісмеджан,-0.2670387557686442
F_suf_йтөре,-0.3311593202259915
F_айтөре,-0.3564144288343373
F_pre_айтөр,-0.3564144288343373
F_suf_айтөре,-0.3564144288343373
F_pre_айтөре,-0.3564144288343373
F_pre_айтө,-0.3564144288343373
L_suf_едетов,-0.43490217472792253
L_медетов,-0.43490217472792253
L_suf_детов,-0.4301416046915482
L_pre_медето,0.010181003882251747
L_pre_мед,0.010181003882251747
L_pre_меде,0.010181003882251747
L_pre_медет,0.010181003882251747
F_suf_жаухар,0.5468845867329979
F_suf_аухар,0.5468845867329979
F_ілімжаухар,0.5468845867329979
F_suf_ухар,0.5468845867329979
L_suf_банова,0.5110761165055809
L_курбанова,0.5110761165055809
F_suf_иник,-0.381195251407145
F_suf_миник,-0.381195251407145
F_suf_оминик,-0.381195251407145
F_доминик,-0.381195251407145
L_жақсыбай,-0.4034398912283758
L_suf_қсыбай,-0.4034398912283758
L_suf_сыбай,-0.4034398912283758
F_pre_ізза,-0.42489025440732736
F_іззат,-0.42489025440732736
F_suf_ззат,-0.42489025440732736
F_suf_іззат,-0.42489025440732736
F_pre_іззат,-0.42489025440732736
L_нурпеисова,0.39505232256754175
L_suf_еисова,0.39505232256754175
L_pre_нурпеи,-0.07285976880766735
F_іңкарсезім,0.37890662488685023
F_pre_іңкарс,0.37890662488685023
L_оразымбетова,0.47651522030752586
L_абдиев,-0.4511613874990263
L_suf_бдиев,-0.4511613874990263
F_suf_аджон,-0.25109377527849613
F_мухаммаджон,-0.25109377527849613
F_suf_маджон,-0.25109377527849613
L_suf_абдиев,-0.4511613874990263
L_suf_уарбек,-0.3911659844362026
L_ануарбек,-0.3911659844362026
F_pre_насыр,-0.3872317543910798
F_pre_насы,-0.3872317543910798
F_насыр,-0.3872317543910798
F_pre_забира,0.24014292986850186
F_pre_заби,0.24014292986850186
F_suf_забира,0.24014292986850186
F_pre_заб,0.24014292986850186
F_pre_забир,0.24014292986850186
L_pre_тулеб,0.023993714697315493
L_pre_тулеба,0.023993714697315493
F_забира,0.24014292986850186
L_тулебаева,0.4798888818200841
L_айдарқызы,0.41700515294103097
L_pre_айдарқ,0.41700515294103097
F_pre_оси,0.42801845417953666
F_осия,0.42801845417953666
F_pre_осия,0.42801845417953666
F_suf_осия,0.33697352740535375
L_акимов,-0.4234339261560374
F_suf_уллаһ,-0.2500169207805437
F_хабибуллаһ,-0.25379199567458893
F_pre_хабибу,-0.25379199567458893
F_suf_буллаһ,-0.25379199567458893
L_лесбек,-0.43905599179702215
L_suf_лесбек,-0.43905599179702215
L_suf_есбек,-0.4446341980990173
L_suf_ұмаш,-0.4605649165097221
F_suf_еб,-0.43324003569119746
F_pre_гле,-0.43324003569119746
F_suf_леб,-0.43324003569119746
L_suf_аш,-0.4605649165097221
F_pre_глеб,-0.43324003569119746
L_pre_жұмаш,-0.01416029338817364
F_глеб,-0.43324003569119746
F_suf_глеб,-0.43324003569119746
L_suf_жұмаш,-0.4605649165097221
L_жұмаш,-0.4605649165097221
L_suf_маш,-0.4605649165097221
F_антоний,-0.3832426969879705
F_suf_тоний,-0.3832426969879705
F_suf_ний,-0.3931678061422585
F_suf_нтоний,-0.3832426969879705
F_suf_оний,-0.3832426969879705
L_есимбеков,-0.46679587304891695
L_pre_ғабитқ,0.37645964635682827
L_ғабитқызы,0.37645964635682827
F_pre_хадижа,0.2850257816185075
F_pre_хад,0.28430017811235053
F_suf_адижа,0.2850257816185075
F_suf_хадижа,0.2850257816185075
F_suf_дижа,0.2850257816185075
F_pre_хади,0.28430017811235053
F_pre_хадиж,0.2850257816185075
F_хадижа,0.2850257816185075
L_suf_кетов,-0.404938428809233
L_pre_бекето,-0.044109070920293494
L_pre_бекет,-0.044109070920293494
L_suf_екетов,-0.404938428809233
L_бекетов,-0.404938428809233
F_suf_ілиас,-0.33053963453072327
L_suf_хасен,-0.43091477876938716
L_suf_асен,-0.43091477876938716
F_pre_ілиа,-0.33053963453072327
F_pre_ілиас,-0.33053963453072327
L_хасен,-0.43091477876938716
F_ілиас,-0.33053963453072327
L_рахманқызы,0.4756613657386095
F_pre_инн,0.373811889059601
F_инна,0.373811889059601
F_pre_инна,0.373811889059601
L_ахметжанова,0.336758198921013
L_pre_куса,0.040508981406205576
L_кусаинова,0.3862774463038042
L_suf_аинова,0.45020455338076165
L_pre_кусаин,0.013305949547879692
L_pre_кусаи,0.013305949547879692
L_pre_аманку,-0.021282263039209662
F_suf_ринат,-0.5824523356791228
L_аманкулов,-0.327374763685052
F_ринат,-0.5824523356791228
L_suf_нкулов,-0.3760466081813175
F_suf_инат,-0.5824523356791228
L_suf_латова,0.45612678302569604
L_тасбулатова,0.48453320428333047
L_pre_мака,0.008188968511627565
L_pre_макаше,0.008188968511627565
L_pre_макаш,0.008188968511627565
L_макашева,0.3765431234204126
L_suf_кашева,0.4467895546291534
F_pre_абдат,-0.41510591954720466
L_бердибеков,-0.6095408940074449
F_абдат,-0.41510591954720466
F_suf_дат,0.1316705484906998
F_suf_абдат,-0.41510591954720466
F_suf_бдат,-0.41510591954720466
L_айтжан,-0.38901238994476434
L_suf_айтжан,-0.38901238994476434
F_pre_мээрим,0.317114123562854
L_дауренбекова,0.3580230342148332
F_pre_мээр,0.317114123562854
F_pre_мээри,0.317114123562854
F_мээрим,0.317114123562854
F_pre_мээ,0.317114123562854
L_suf_басов,-0.4512980546730976
L_габбасов,-0.48857356952456277
L_suf_ббасов,-0.48857356952456277
L_ракишева,0.4215869687084638
L_suf_оқтар,-0.4174631028064111
L_suf_қтар,-0.4174631028064111
L_suf_тоқтар,-0.4174631028064111
L_тоқтар,-0.4174631028064111
L_pre_тоқтар,-0.02600929264253711
F_pre_абраам,-0.2673902542623052
L_камзин,-0.5108155251547619
F_pre_абраа,-0.2673902542623052
L_suf_амзин,-0.4191322500664911
L_suf_мзин,-0.4191322500664911
L_pre_камзин,0.028400014096113074
F_suf_браам,-0.2673902542623052
L_suf_камзин,-0.5108155251547619
F_suf_абраам,-0.2673902542623052
L_pre_камз,0.028400014096113074
F_pre_абра,-0.3017862141400886
L_pre_камзи,0.028400014096113074
F_абраам,-0.2673902542623052
F_нұрай,0.6271590233005666
F_suf_нұрай,0.43785910626728064
F_suf_ұрай,0.43785910626728064
F_pre_нұрай,0.6271590233005666
F_suf_риф,-0.4413749012736297
F_suf_ариф,-0.4413749012736297
F_ариф,-0.4413749012736297
F_pre_ариф,-0.4413749012736297
F_suf_иф,-0.38154638049460793
F_pre_агене,0.26661199821286596
F_suf_генесс,0.26661199821286596
F_pre_аген,0.26661199821286596
F_pre_агенес,0.26661199821286596
F_suf_несс,0.26661199821286596
F_suf_сс,0.26661199821286596
F_suf_есс,0.26661199821286596
F_suf_енесс,0.26661199821286596
F_агенесс,0.26661199821286596
L_скаков,-0.4157134263136109
F_зухро,0.3504685159974691
F_suf_хро,0.3821249496600309
F_suf_зухро,0.3504685159974691
F_suf_ухро,0.3504685159974691
F_pre_зухро,0.3504685159974691
L_сандыбаева,0.40109954549803634
F_pre_сез,0.35946741869518145
L_pre_кусай,0.06818779958548947
L_pre_кусайн,0.06818779958548947
L_кусайнова,0.42882125531304216
F_сезім,0.3435166329450032
L_suf_йнова,0.42882125531304216
L_suf_айнова,0.42882125531304216
F_pre_сезі,0.3435166329450032
F_pre_сезім,0.3435166329450032
F_pre_ери,-0.384213695518289
F_pre_ерик,-0.384213695518289
F_suf_ерик,-0.3625687350805783
F_ерик,-0.384213695518289
L_батырбаев,-0.4709511951897256
F_абіл мансұр,-0.24436371264038412
F_pre_далер,-0.36478042466755217
F_suf_далер,-0.36478042466755217
L_suf_ірзақ,-0.4533521915481528
L_өмірзақ,-0.4533521915481528
F_далер,-0.36478042466755217
F_suf_лер,-0.36478042466755217
F_pre_дале,-0.36478042466755217
L_suf_зақ,-0.4533521915481528
F_suf_алер,-0.36478042466755217
L_suf_рзақ,-0.4533521915481528
L_suf_мірзақ,-0.4533521915481528
L_pre_акбаев,0.01146340431010939
F_suf_онгир,-0.25171185550288355
F_suf_хонгир,-0.25171185550288355
F_pre_жахон,-0.25171185550288355
L_pre_акба,0.01146340431010939
F_suf_нгир,-0.26142610013727247
L_акбаев,-0.3921199140741017
F_pre_жахонг,-0.25171185550288355
F_жахонгир,-0.25171185550288355
F_suf_гир,-0.26142610013727247
F_pre_жахо,-0.25171185550288355
L_pre_акб,0.01146340431010939
L_pre_акбае,0.01146340431010939
F_pre_жах,-0.2515066018945399
L_туребекова,0.4051801595113509
F_дилангез,0.29450611831777657
F_suf_нгез,0.29450611831777657
F_suf_ез,0.29450611831777657
F_suf_лангез,0.29450611831777657
F_pre_дилан,0.29450611831777657
F_suf_ангез,0.29450611831777657
F_pre_диланг,0.29450611831777657
F_pre_дила,0.32453371143360255
F_suf_гез,0.29450611831777657
L_suf_ін,-0.4319494747066776
F_pre_іспанд,-0.24186598496054998
F_pre_іспан,-0.24186598496054998
L_suf_еркін,-0.4319494747066776
L_suf_кін,-0.4319494747066776
F_suf_ндияр,-0.24186598496054998
L_еркін,-0.4319494747066776
L_suf_ркін,-0.4319494747066776
F_pre_ісп,-0.24186598496054998
F_suf_андияр,-0.24186598496054998
F_іспандияр,-0.24186598496054998
F_pre_іспа,-0.24186598496054998
F_агнесса,0.24384979075881777
F_pre_агнес,0.24384979075881777
F_pre_агнесс,0.24384979075881777
F_suf_гнесса,0.24384979075881777
L_есентаева,0.4274849144565915
F_suf_оншақ,0.3176768309414489
F_suf_моншақ,0.3176768309414489
F_suf_ншақ,0.3176768309414489
L_suf_нафина,0.44407909438071935
L_pre_канафи,-0.01111559953577079
L_канафина,0.44407909438071935
F_pre_інжумо,0.3176768309414489
F_інжумоншақ,0.3176768309414489
L_pre_канаф,-0.01111559953577079
F_suf_шақ,0.3176768309414489
L_pre_құра,0.03311303147089595
L_suf_албай,-0.4289286440142087
F_pre_абдкай,-0.24204311231841152
L_pre_құрал,0.03311303147089595
L_suf_ралбай,-0.4289286440142087
F_suf_дкайыр,-0.24204311231841152
F_абдкайыр,-0.24204311231841152
L_құралбай,-0.3523309514451617
L_suf_лбай,-0.4289286440142087
F_pre_абдка,-0.24367313631487622
L_pre_құралб,0.03311303147089595
F_suf_кайыр,-0.24204311231841152
L_suf_жүсіп,-0.4018501482809509
L_suf_үсіп,-0.4018501482809509
L_жүсіп,-0.4018501482809509
L_suf_сіп,-0.4018501482809509
L_suf_іп,-0.4018501482809509
F_лилианна,0.2179465586884532
F_pre_альди,0.3010428537653208
F_suf_льдина,0.32454534591067996
F_pre_альдин,0.32454534591067996
F_pre_альд,0.3010428537653208
F_suf_ьдина,0.32454534591067996
F_альдина,0.32454534591067996
F_suf_жү,0.45487013792104186
F_pre_інжү,0.45487013792104186
F_інжү,0.45487013792104186
F_suf_нжү,0.45487013792104186
F_suf_інжү,0.45487013792104186
L_suf_ұратов,-0.37355224016786315
L_мұратов,-0.37355224016786315
L_pre_мұрато,0.014377438578310973
L_pre_нұрбол,-0.017417830784469603
F_suf_жибек,0.42513551712196335
F_pre_айжи,0.42513551712196335
L_pre_нұрбо,-0.017417830784469603
F_pre_айжиб,0.42513551712196335
F_suf_йжибек,0.42513551712196335
F_айжибек,0.42513551712196335
F_pre_айжибе,0.42513551712196335
L_нұрболатқызы,0.5258180943433849
F_аджарай,0.2546752498814576
F_suf_джарай,0.2546752498814576
F_suf_арай,0.2629285902143063
L_батырханова,0.39966601244518374
F_pre_аджара,0.2546752498814576
F_suf_жарай,0.2629285902143063
F_pre_алы,-0.2745676132234519
F_pre_алымбе,-0.2745676132234519
F_suf_лымбек,-0.2745676132234519
F_pre_алым,-0.2745676132234519
F_алымбек,-0.2745676132234519
F_pre_алымб,-0.2745676132234519
L_кунанбаев,-0.3966804043169478
F_pre_ілімд,0.37127043435092066
F_ілімді,0.37127043435092066
F_pre_ілімді,0.37127043435092066
F_suf_лімді,0.37127043435092066
F_suf_мді,0.37127043435092066
F_suf_ілімді,0.37127043435092066
F_suf_імді,0.37127043435092066
F_pre_камели,0.2599677113463425
F_pre_камел,0.2599677113463425
F_suf_мелия,0.26105610529213513
F_suf_амелия,0.26105610529213513
F_pre_каме,0.2599677113463425
F_камелия,0.2599677113463425
L_батырбекова,0.4645053159781282
F_suf_марал,0.29761603541204384
F_suf_рал,0.29761603541204384
F_suf_арал,0.29761603541204384
F_pre_ақма,0.29761603541204384
F_suf_қмарал,0.29761603541204384
F_ақмарал,0.29761603541204384
F_pre_ақм,0.29761603541204384
F_pre_ақмара,0.29761603541204384
F_pre_ақмар,0.29761603541204384
F_suf_йдан,-0.5240623606977866
L_азимбаев,-0.3460917775530122
F_suf_айдан,-0.5240623606977866
F_айдан,-0.5240623606977866
L_suf_избаев,-0.4303520758360899
L_егизбаев,-0.46092240760625985
F_розалина,0.23597826297278643
F_pre_розал,0.23597826297278643
L_асқарбекқызы,0.41279463662173865
L_pre_асқарб,-0.03826675369336122
F_pre_розали,0.23597826297278643
F_pre_ансар,-0.41380037165482986
F_ансар,-0.41380037165482986
F_pre_анса,-0.41380037165482986
F_pre_анс,-0.00990643332235801
F_suf_ансар,-0.41380037165482986
L_suf_шенов,-0.44002002698159026
L_ташенов,-0.44002002698159026
L_suf_ашенов,-0.44002002698159026
L_suf_біт,-0.40390425456631796
L_suf_йбіт,-0.40390425456631796
L_suf_іт,-0.40390425456631796
L_бейбіт,-0.40390425456631796
L_suf_ейбіт,-0.40390425456631796
L_suf_бейбіт,-0.40390425456631796
F_аглан,0.4831579597547557
F_suf_глан,0.4831579597547557
F_suf_аглан,0.4831579597547557
F_pre_аглан,0.4831579597547557
F_suf_ум,0.303321863688302
F_suf_ьсум,0.303321863688302
F_suf_льсум,0.303321863688302
F_анжеликагульсум,0.303321863688302
F_suf_ульсум,0.303321863688302
F_suf_сум,0.303321863688302
F_аир,-0.8078862030780835
L_pre_сеи,0.013621807076011348
L_сеитов,-0.435360454567753
L_pre_сеит,0.013621807076011348
F_pre_аир,-0.8078862030780835
L_pre_сеито,0.013621807076011348
L_pre_сеитов,0.013621807076011348
L_абдикаримова,0.35865949516264556
L_pre_абдик,-0.08445167133054089
L_pre_абдика,-0.08445167133054089
L_suf_діқызы,0.4214121312554662
L_амангелдіқызы,0.40900280703368813
L_suf_іқызы,0.4214121312554662
F_suf_ілік,0.03838520714681777
F_suf_гілік,0.03838520714681777
F_suf_згілік,0.03838520714681777
L_керимбеков,-0.5696134002206267
F_ізгілік,0.03838520714681777
F_pre_ізгіл,0.03838520714681777
F_pre_ізгілі,0.03838520714681777
F_suf_нжір,-0.031052535636044005
F_інжір,-0.031052535636044005
F_pre_інжір,-0.031052535636044005
F_suf_інжір,-0.031052535636044005
F_suf_жір,-0.031052535636044005
F_мирас,-0.3391019455203438
F_suf_ирас,-0.3391019455203438
F_pre_мира,-0.34268409068823885
F_suf_мирас,-0.3391019455203438
F_pre_мирас,-0.3391019455203438
L_ертаева,0.4528997993006022
F_pre_лора,0.36395697295586943
F_лора,0.36395697295586943
F_pre_лор,0.36395697295586943
F_suf_лора,0.36395697295586943
F_pre_ло,0.36840314525739326
F_suf_іқасым,-0.27615287087234885
F_pre_абдіқа,-0.2628454828540524
F_абдіқасым,-0.27615287087234885
L_курманбаева,0.43977932317568785
F_ава,0.6387789365364844
L_pre_атаба,0.01573526904827823
L_pre_ат,0.01573526904827823
L_pre_атаб,0.01573526904827823
L_pre_ата,0.01573526904827823
L_pre_атабае,0.01573526904827823
L_атабаева,0.49535902793927084
L_алимкулова,0.4109613166898188
L_pre_алимку,0.04796652294045395
L_pre_алимк,0.04796652294045395
F_suf_еваз,-0.3553362872929785
F_suf_ваз,-0.3553362872929785
F_pre_рев,-0.3553362872929785
L_сексенбаев,-0.5208509874153847
F_pre_рева,-0.3553362872929785
F_pre_реваз,-0.3553362872929785
F_pre_ре,-0.09509713513445923
F_реваз,-0.3553362872929785
F_suf_реваз,-0.3553362872929785
F_pre_маря,0.3842919861845942
F_suf_марям,0.3842919861845942
L_бейсенбаева,0.38749159432993613
F_suf_арям,0.3842919861845942
F_марям,0.3842919861845942
F_pre_марям,0.3842919861845942
F_suf_рям,0.3842919861845942
F_suf_кулла,-0.39779587999389665
F_pre_аатик,-0.39779587999389665
F_аатикулла,-0.39779587999389665
F_pre_аат,-0.39779587999389665
F_pre_аати,-0.39779587999389665
F_suf_икулла,-0.39779587999389665
F_pre_аатику,-0.39779587999389665
L_pre_тлеубе,0.014758715357290791
L_тлеубергенов,-0.4260529661698295
L_suf_дова,0.4530990305635315
L_suf_медова,0.4530990305635315
L_ахмедова,0.4530990305635315
L_suf_едова,0.4530990305635315
F_амиля,0.46703785193109876
F_pre_амиля,0.46703785193109876
F_suf_ахит,-0.24580306293780263
F_suf_иуахит,-0.24580306293780263
F_suf_уахит,-0.24580306293780263
F_suf_хит,-0.24580306293780263
F_абдиуахит,-0.24580306293780263
L_suf_рикова,0.4236333266569935
L_pre_серико,0.05276572552353
L_серикова,0.4236333266569935
L_алиева,0.43061292631038073
L_pre_алиева,0.43061292631038073
F_suf_іля,-0.7873287061132693
F_іля,-0.7873287061132693
F_pre_іля,-0.6051462035832053
F_адияшанталь,0.30721266785229306
F_pre_адияша,0.30721266785229306
L_suf_ллина,0.4000815547498697
F_suf_таль,0.30330116428414206
F_suf_анталь,0.30721266785229306
L_хайруллина,0.35893673383914326
L_suf_лина,0.41910994743616975
L_suf_уллина,0.4000815547498697
F_suf_нталь,0.30721266785229306
F_pre_адияш,0.30721266785229306
L_pre_уразба,0.016520830996353597
L_pre_уразб,0.016520830996353597
L_уразбаева,0.49381391413450515
L_құрманғалиқызы,0.3689234302843218
F_suf_демиай,0.2935150116629605
F_pre_адемиа,0.2935150116629605
F_suf_иай,0.2935150116629605
F_адемиай,0.2935150116629605
F_suf_миай,0.2935150116629605
F_suf_емиай,0.2935150116629605
L_мұрат,-0.4822168147813689
L_suf_ұрат,-0.4822168147813689
L_suf_мұрат,-0.4822168147813689
F_suf_ған,-0.25276643776736707
F_suf_рған,-0.25276643776736707
F_ізтұрған,-0.25276643776736707
F_suf_тұрған,-0.25276643776736707
F_pre_ізтұ,-0.29198644587077616
F_pre_ізтұрғ,-0.25276643776736707
F_suf_ұрған,-0.25276643776736707
F_pre_ізтұр,-0.29198644587077616
L_сатыбалды,-0.5051818908007238
F_suf_гафур,-0.26156969479628206
F_suf_ігафур,-0.2515136790338719
F_pre_абдіг,-0.2515136790338719
L_suf_алды,-0.5051818908007238
F_suf_афур,-0.2598789406972457
F_pre_абдіга,-0.2515136790338719
L_suf_лды,-0.5051818908007238
L_suf_ыбалды,-0.5051818908007238
L_suf_балды,-0.5051818908007238
F_абдігафур,-0.2515136790338719
L_suf_усаев,-0.4628555247604366
L_suf_мусаев,-0.4628555247604366
L_мусаев,-0.4628555247604366
F_pre_зари,0.23595138689904963
F_зарина,0.23595138689904963
L_аширбаева,0.4326839813995442
F_pre_зарин,0.23595138689904963
F_suf_арина,0.2892974905386371
F_suf_зарина,0.23595138689904963
F_pre_зар,0.31638222511576214
F_pre_зарина,0.23595138689904963
F_алла,0.8905904266253929
F_suf_білқас,-0.25887552956747123
L_тұрсынбек,-0.42843236757711556
F_suf_лқас,-0.25887552956747123
L_suf_сынбек,-0.42843236757711556
F_suf_қас,-0.25887552956747123
F_suf_ілқас,-0.25887552956747123
F_абілқас,-0.25887552956747123
F_suf_езим,0.3884838637598473
F_сезим,0.49855827218696447
F_pre_сези,0.36681564968077435
L_аманкулова,0.3360849950430675
F_suf_сезим,0.3884838637598473
F_pre_сезим,0.36681564968077435
F_абдулгани,-0.32991518266149306
F_pre_абдулг,-0.32991518266149306
F_suf_лгани,-0.32991518266149306
F_suf_гани,-0.3237707757643501
F_suf_улгани,-0.32991518266149306
L_pre_куралб,0.041269064049906705
L_pre_курал,0.041269064049906705
F_pre_адетта,0.2385776377060829
L_pre_кура,0.041269064049906705
F_адетта,0.2385776377060829
F_suf_адетта,0.2385776377060829
F_pre_адетт,0.2385776377060829
F_suf_детта,0.2385776377060829
L_куралбаева,0.33638285712411403
F_pre_адет,0.2385776377060829
F_suf_агиба,0.27487736561817927
F_pre_агиба,0.27487736561817927
F_агиба,0.27487736561817927
F_suf_гиба,0.27487736561817927
F_pre_агиб,0.27487736561817927
F_исломжон,-0.22804136179823686
F_pre_ислом,-0.2641717301822045
F_suf_мжон,-0.22804136179823686
F_pre_исломж,-0.22804136179823686
L_азаматұлы,-0.3922953369467473
F_suf_омжон,-0.22804136179823686
F_suf_ломжон,-0.22804136179823686
F_pre_исло,-0.2641717301822045
L_suf_матұлы,-0.3922953369467473
L_suf_ылықов,-0.46852977459505546
L_жақсылықов,-0.46852977459505546
L_suf_лықов,-0.46852977459505546
L_suf_қов,-0.46852977459505546
L_suf_ықов,-0.46852977459505546
L_бахтиярова,0.3487293057004129
F_pre_дина,0.3731052322058338
F_дина,0.4697978504377642
F_suf_ирасыл,-0.2693673925611193
F_абдирасыл,-0.2693673925611193
F_cагыныш,0.30681343512504866
F_pre_cагын,0.30681343512504866
F_suf_ныш,0.05164309773934888
F_pre_cагы,0.30681343512504866
L_pre_тана,0.022385096441446335
L_танатарова,0.37567117544836165
F_suf_гыныш,0.30681343512504866
F_pre_cагыны,0.30681343512504866
F_pre_cаг,0.30681343512504866
F_suf_ыш,0.05164309773934888
F_suf_ыныш,0.30681343512504866
L_pre_танат,0.022385096441446335
L_pre_таната,0.022385096441446335
F_suf_агыныш,0.30681343512504866
L_төреханқызы,0.40659152062042947
L_pre_жұмах,-0.0529239017634145
L_жұмахан,-0.5263248496749942
L_suf_ұмахан,-0.5263248496749942
L_suf_ахан,-0.44401135823716437
L_pre_жұмаха,-0.0529239017634145
L_suf_махан,-0.46407758445174757
F_pre_аисези,0.3258168741817757
F_pre_аис,0.3493139208676738
F_suf_исезим,0.3258168741817757
F_pre_аисез,0.3258168741817757
F_аисезим,0.3258168741817757
F_pre_аисе,0.3258168741817757
F_pre_камила,0.2950722955521212
L_ермекқызы,0.36784846706903584
F_suf_амила,0.2950722955521212
L_pre_ермекқ,0.36784846706903584
F_suf_камила,0.2950722955521212
F_камила,0.2950722955521212
F_станислав,-0.23117132960641068
F_pre_ста,-0.3611062362660665
F_pre_стан,-0.23117132960641068
F_pre_стани,-0.23117132960641068
F_pre_станис,-0.23117132960641068
L_suf_сабит,-0.39385240792605
L_сабит,-0.39385240792605
L_бейсен,-0.40867625691603376
L_suf_ейсен,-0.40867625691603376
L_suf_бейсен,-0.40867625691603376
L_suf_йсен,-0.4083560349214452
L_сакенқызы,0.3538581979890031
L_pre_сакенқ,0.3538581979890031
F_pre_абдиг,-0.28366166064389964
F_suf_афар,-0.3611572668008617
F_suf_фар,0.0034041981827785056
F_абдигафар,-0.3611572668008617
F_suf_гафар,-0.3611572668008617
F_suf_игафар,-0.3611572668008617
F_pre_абдига,-0.28366166064389964
L_suf_жепов,-0.44140398884962967
L_ережепов,-0.44140398884962967
L_suf_ежепов,-0.44140398884962967
L_pre_жиен,0.011402681815075928
F_pre_нелли,0.3405799481922732
F_pre_не,0.3405799481922732
L_pre_жиенб,0.011402681815075928
F_pre_нелл,0.3405799481922732
F_pre_нел,0.3405799481922732
L_pre_жие,0.011402681815075928
F_нелли,0.3405799481922732
L_pre_жиенба,0.011402681815075928
F_suf_елли,0.3405799481922732
F_suf_лли,0.3405799481922732
L_жиенбаева,0.4480570941457089
L_pre_жи,0.011402681815075928
F_suf_нелли,0.3405799481922732
L_бижанова,0.39126770326631066
F_адельия,0.22642087944366235
F_suf_ельия,0.22642087944366235
F_suf_дельия,0.22642087944366235
F_suf_льия,0.22642087944366235
F_suf_ьия,0.22642087944366235
F_suf_далия,0.22895259992933586
F_pre_адалия,0.2239982098780695
F_suf_адалия,0.2239982098780695
F_адалия,0.2239982098780695
F_suf_гизхан,-0.2497255509171706
F_suf_зхан,-0.2584918494048323
F_suf_изхан,-0.2497255509171706
F_чингизхан,-0.2497255509171706
F_suf_бдиль,-0.30924091850240687
F_suf_диль,-0.49818312357646677
F_абдиль,-0.30924091850240687
F_suf_абдиль,-0.30924091850240687
F_suf_іомар,-0.25654672353522845
F_pre_абдіо,-0.25654672353522845
F_suf_омар,-0.3674710991597761
L_жиенбаев,-0.4155335002384318
F_абдіомар,-0.25654672353522845
F_suf_діомар,-0.25654672353522845
F_pre_абдіом,-0.25654672353522845
L_қыдырбаева,0.43024872464285957
F_suf_әрлім,0.38687981177377395
F_suf_кәрлім,0.38687981177377395
F_іңкәрлім,0.38687981177377395
F_suf_рлім,0.38687981177377395
F_pre_іңкәрл,0.38687981177377395
F_pre_миран,-0.346153708623551
F_suf_миран,-0.3690279352056388
F_suf_иран,-0.3690279352056388
F_миран,-0.346153708623551
F_pre_анаста,0.2703507407007453
F_pre_анаст,0.2633677487238928
F_анастасия,0.24999755019443573
F_suf_стасия,0.2405779303176196
F_pre_анас,0.2633677487238928
L_тажиева,0.4261001140154292
L_suf_жиева,0.4261001140154292
L_suf_ажиева,0.4261001140154292
L_pre_бакиро,0.026946768596944445
L_pre_баки,0.026946768596944445
L_pre_бакир,0.026946768596944445
F_suf_ейнис,-0.36752501663804
F_suf_йнис,-0.36752501663804
F_pre_адам р,-0.36752501663804
F_pre_адам ,-0.36752501663804
F_suf_рейнис,-0.36752501663804
L_бакиров,-0.4243097006274054
F_адам рейнис,-0.36752501663804
F_pre_алғаз,-0.29099681070109246
F_suf_азы,-0.26808869925605666
F_suf_лғазы,-0.2736349917184469
F_suf_зы,-0.26808869925605666
F_suf_алғазы,-0.29099681070109246
F_pre_алғ,-0.29099681070109246
F_алғазы,-0.29099681070109246
F_suf_ғазы,-0.2736349917184469
L_suf_адиев,-0.4214272947168958
L_suf_мадиев,-0.4214272947168958
F_pre_алға,-0.29099681070109246
F_pre_алғазы,-0.29099681070109246
L_ахмадиев,-0.4041261400050072
F_suf_милия,0.3969053285538532
L_ергалиева,0.5032715759261239
F_эмилия,0.3969053285538532
F_pre_эмили,0.3969053285538532
F_pre_эмилия,0.3969053285538532
F_suf_эмилия,0.3969053285538532
F_даниела,0.4678144806609891
F_suf_ниела,0.4678144806609891
F_suf_иела,0.4678144806609891
F_suf_аниела,0.4678144806609891
F_pre_даниел,-0.031043518482004075
F_pre_дание,-0.031043518482004075
F_адлен,-0.4764359352654574
F_pre_адле,-0.223588153949333
L_suf_дибаев,-0.39193800809692075
F_pre_адлен,-0.08844649799940661
L_бердибаев,-0.39193800809692075
F_suf_адлен,-0.4764359352654574
F_suf_длен,-0.4764359352654574
L_pre_мауле,0.024732542942422713
F_suf_қадыр,-0.2440747723933221
L_pre_маулен,0.024732542942422713
L_pre_маул,0.024732542942422713
L_мауленов,-0.43498953910126203
F_абділқадыр,-0.2402379615587899
L_pre_мау,0.024732542942422713
F_suf_лқадыр,-0.2402379615587899
L_мукажанова,0.3722028966444433
F_pre_аип,0.2843566089095166
F_suf_аипари,0.30338606942508994
F_pre_аипа,0.30338606942508994
F_suf_пари,0.30338606942508994
F_pre_аипар,0.30338606942508994
F_suf_ипари,0.30338606942508994
F_аипари,0.30338606942508994
F_pre_аипари,0.30338606942508994
F_айсезим,0.3658070624793755
F_pre_айсези,0.3658070624793755
F_suf_йсезим,0.3658070624793755
L_suf_ділхан,-0.41580010156628777
L_әділхан,-0.41580010156628777
L_pre_әділха,-0.025834292113388765
L_suf_ілхан,-0.41580010156628777
L_pre_әділх,-0.025834292113388765
L_султангалиева,0.3999869164309561
F_suf_вдей,-0.3779464889799268
F_pre_авде,-0.3779464889799268
F_авдей,-0.3779464889799268
F_suf_авдей,-0.3779464889799268
F_pre_авдей,-0.3779464889799268
L_ниязбекова,0.4468934633737208
L_смағұл,-0.376554925592874
L_pre_смағ,-0.002029238625040119
L_pre_смағұл,-0.002029238625040119
L_suf_смағұл,-0.376554925592874
L_pre_смағұ,-0.002029238625040119
L_молдабекова,0.4543398707913777
F_іңкәрдария,0.29875327711059757
L_pre_ералы,-0.012480285957217778
F_suf_рдария,0.29875327711059757
L_pre_ералық,0.5805944151864229
F_pre_іңкәрд,0.28982033313188854
L_pre_ера,-0.02141895524063696
L_pre_ерал,-0.02141895524063696
L_ералықызы,0.5805944151864229
L_suf_йсова,0.4329745875818296
L_suf_ейсова,0.4329745875818296
L_нурпейсова,0.4329745875818296
F_suf_айдэ,0.44852602814606723
F_suf_дэ,0.44852602814606723
F_айдэ,0.44852602814606723
F_pre_айдэ,0.44852602814606723
F_suf_йдэ,0.44852602814606723
F_suf_нсая,0.292541756380203
F_suf_жансая,0.292541756380203
F_жансая,0.292541756380203
F_pre_жансая,0.292541756380203
F_pre_жанс,0.292541756380203
F_pre_жанса,0.292541756380203
F_suf_ансая,0.292541756380203
F_suf_сая,0.292541756380203
F_інжумөлдір,0.38749379968788233
F_pre_інжумө,0.38749379968788233
L_ануарбекқызы,0.41741516832830716
F_агора,0.2854349829243338
F_suf_гора,0.3131277612381854
F_suf_агора,0.2854349829243338
F_pre_аго,0.2854349829243338
F_pre_агора,0.2854349829243338
F_pre_агор,0.2854349829243338
L_маханбетов,-0.5083775367805321
L_кабылбекова,0.391708087548611
L_suf_алмас,-0.46058552267561975
L_suf_мас,-0.46058552267561975
L_pre_алмас,-0.01456061013329488
L_pre_алм,-0.01456061013329488
L_алмас,-0.46058552267561975
L_pre_алма,-0.01456061013329488
L_suf_лмас,-0.46058552267561975
L_pre_сарм,-0.016933485223850613
L_pre_сарман,-0.016933485223850613
L_сарманов,-0.33451411322932667
L_pre_сарма,-0.016933485223850613
L_ибраимов,-0.47485936099806136
L_suf_раимов,-0.4342727995870822
F_suf_сәттар,-0.2577219901742025
L_pre_ибраи,0.017860070033596402
L_suf_аимов,-0.4342727995870822
F_suf_әттар,-0.2577219901742025
L_pre_ибраим,0.017860070033596402
F_абдісәттар,-0.2577219901742025
F_pre_абдісә,-0.2577219901742025
F_suf_гар,-0.32690905017858546
F_suf_дгар,-0.32690905017858546
F_suf_эдгар,-0.32690905017858546
F_эдгар,-0.32690905017858546
F_pre_авиэл,-0.4216605916163191
F_suf_авиэль,-0.4216605916163191
F_pre_авиэль,-0.4216605916163191
F_suf_виэль,-0.4216605916163191
F_pre_авиэ,-0.4216605916163191
F_авиэль,-0.4216605916163191
F_pre_абд а,-0.2862312570931933
F_suf_ аллах,-0.2862312570931933
F_абд аллах,-0.2862312570931933
F_pre_абд ал,-0.2862312570931933
F_suf_аллах,-0.28062035322911427
F_марк,-0.466060761853408
L_нұржанұлы,-0.3798739479021108
F_suf_рк,-0.466060761853408
F_suf_марк,-0.466060761853408
F_suf_арк,-0.466060761853408
L_умирбекова,0.378316521134407
L_қуатбекқызы,0.38712827675084177
L_pre_қуат,-0.07339639309290294
F_suf_алира,0.3513724987344391
F_алира,0.3513724987344391
F_suf_лира,0.3513724987344391
L_pre_қуатб,-0.047123107993225166
F_pre_алир,0.3513724987344391
F_pre_алира,0.3513724987344391
L_pre_қуатбе,-0.047123107993225166
L_жолдасқызы,0.4956716875315166
L_ермаханов,-0.4345689101453509
L_құрманғазы,-0.6198494613437429
L_suf_нғазы,-0.6198494613437429
L_suf_азы,-0.5883048567178116
L_suf_ғазы,-0.5883048567178116
L_suf_анғазы,-0.6198494613437429
F_абдісамат,-0.26912845930892376
F_suf_ісамат,-0.26912845930892376
F_suf_асият,0.3965557321351598
F_suf_сият,0.3965557321351598
F_pre_асият,0.3965557321351598
F_асият,0.3965557321351598
F_suf_ём,-0.31478770058177336
F_suf_артём,-0.31478770058177336
F_артём,-0.31478770058177336
F_suf_ртём,-0.31478770058177336
F_suf_тём,-0.31478770058177336
F_pre_артём,-0.31478770058177336
F_pre_артё,-0.31478770058177336
F_suf_илес,0.3205811952128812
F_suf_ес,0.05640088258082513
F_suf_лес,-0.0023109118646942213
F_suf_гилес,0.3205811952128812
F_suf_агилес,0.3205811952128812
F_pre_агиле,0.3205811952128812
L_ережепқызы,0.5098620770418111
F_pre_агилес,0.3205811952128812
F_агилес,0.3205811952128812
L_suf_епқызы,0.5098620770418111
L_suf_ралы,-0.5146086825403667
L_suf_нұралы,-0.4616012862652552
L_suf_ұралы,-0.4616012862652552
L_нұралы,-0.4616012862652552
F_pre_дилдор,0.2646567515683861
F_suf_илдора,0.2646567515683861
F_suf_лдора,0.2646567515683861
F_suf_дора,0.2646567515683861
F_pre_дилдо,0.2646567515683861
F_дилдора,0.2646567515683861
F_pre_дилд,0.2646567515683861
F_pre_денис,-0.3346195832936563
F_suf_денис,-0.3346195832936563
F_suf_енис,-0.3346195832936563
F_денис,-0.3346195832936563
F_pre_аппо,0.24715579920471992
F_pre_аппол,0.24715579920471992
F_pre_апп,0.24715579920471992
F_pre_апполи,0.24715579920471992
F_апполинария,0.24715579920471992
F_адела,0.2965771693252055
F_suf_дела,0.2965771693252055
F_pre_адела,0.24594152760327512
F_suf_адела,0.2965771693252055
L_әлібекқызы,0.42571886353183896
L_pre_әліб,-0.01128515976890487
L_pre_әлібе,-0.01128515976890487
F_айлиналександра,0.1900589018447294
L_pre_әлібек,-0.01128515976890487
F_pre_айлина,0.21089909912904017
F_pre_амира,0.20837205209166137
F_амира,0.5473905112476569
F_абдоллаһ,-0.237432527306714
F_suf_оллаһ,-0.237432527306714
F_suf_доллаһ,-0.237432527306714
F_pre_абдолл,-0.2611759746024833
L_suf_болұлы,-0.3536044426283083
L_ерболұлы,-0.3536044426283083
L_suf_лұлы,-0.3536044426283083
L_pre_ерболұ,-0.3536044426283083
L_suf_олұлы,-0.3536044426283083
L_бисенбай,-0.3521370106900184
F_pre_эдвар,-0.2506815977360173
F_pre_эдвард,-0.2506815977360173
F_suf_двард,-0.2506815977360173
F_pre_эдв,-0.2506815977360173
F_suf_эдвард,-0.2506815977360173
F_suf_вард,-0.2506815977360173
F_pre_эдва,-0.2506815977360173
F_эдвард,-0.2506815977360173
F_suf_гаил,0.4044387045447938
F_абигаил,0.4044387045447938
F_suf_бигаил,0.4044387045447938
F_suf_игаил,0.4044387045447938
F_suf_маи,0.2599720129682144
F_suf_адемаи,0.2599720129682144
F_адемаи,0.2599720129682144
L_алимбаева,0.5258332107486172
F_pre_адемаи,0.2599720129682144
F_suf_емаи,0.2599720129682144
F_suf_демаи,0.2599720129682144
F_suf_аи,0.2599720129682144
F_suf_әсем,0.41644068247299304
F_pre_әсем,0.41644068247299304
F_pre_әс,0.42640478719215363
F_pre_әсе,0.42640478719215363
F_әсем,0.41644068247299304
F_suf_сем,0.41644068247299304
L_бекмагамбетова,0.3581601768674682
L_pre_бекма,-0.03979988538849118
F_адельадалина,0.22479880264244123
L_pre_бекмаг,-0.03979988538849118
L_жоламанова,0.31771744290880555
L_молдахметов,-0.5123182821353371
L_pre_молдах,-0.042319106194435435
F_suf_ев,-0.5196602276505183
F_лев,-0.5196602276505183
F_suf_лев,-0.5196602276505183
L_мырзагалиева,0.4856717487446254
F_suf_згі,0.568568687768312
F_suf_ізгі,0.568568687768312
F_suf_гі,0.568568687768312
F_ізгі,0.568568687768312
L_pre_абдура,-0.02793688840553457
L_pre_абдур,-0.02793688840553457
L_абдурахманов,-0.604449943120534
L_pre_кеңесб,-0.005997544350738658
L_suf_ңесбек,-0.4498526390180499
F_аман,-0.6910684070748703
L_кеңесбек,-0.4498526390180499
L_даулетов,-0.4051264095904493
L_suf_улетов,-0.43654243664274983
F_suf_рразақ,-0.3663964836939326
F_абдурразақ,-0.3663964836939326
L_suf_рбасов,-0.41341595690029226
L_сарбасов,-0.41341595690029226
F_suf_айэл,-0.3083923219445414
F_suf_байэл,-0.3083923219445414
F_pre_байэл,-0.3083923219445414
F_pre_бай,-0.303086252713591
F_suf_йэл,-0.3083923219445414
F_байэл,-0.3083923219445414
F_pre_байэ,-0.3083923219445414
F_николай,-0.3905130969840407
F_suf_колай,-0.3905130969840407
F_suf_иколай,-0.3905130969840407
F_suf_олай,-0.3905130969840407
L_pre_утенов,0.02017946325896783
L_pre_утено,0.02017946325896783
L_утенов,-0.45331869390695667
L_suf_тенов,-0.45331869390695667
L_suf_утенов,-0.45331869390695667
L_pre_утен,0.02017946325896783
F_pre_кәус,0.3360482759634871
F_pre_кә,0.3360482759634871
F_кәусар,0.3360482759634871
F_pre_кәуса,0.3360482759634871
F_suf_әусар,0.3360482759634871
F_pre_кәусар,0.3360482759634871
L_нурманова,0.463650509392927
F_pre_кәу,0.3360482759634871
F_suf_кәусар,0.3360482759634871
L_pre_нурман,0.08244171479176718
L_suf_жабаев,-0.44622178580269123
L_олжабаев,-0.39902594918107326
L_pre_шаймер,0.0040841235174004925
L_suf_денова,0.4645593502025532
L_pre_шай,0.0040841235174004925
L_шаймерденова,0.4645593502025532
L_pre_шайм,0.0040841235174004925
L_pre_шайме,0.0040841235174004925
F_suf_емі,0.3294919658961591
F_suf_адемі,0.3180054047802079
L_pre_тажиб,0.08611709812979498
F_suf_мі,0.3294919658961591
L_pre_тажиба,0.08611709812979498
F_адемі,0.3180054047802079
L_тажибаева,0.4442908232084109
F_suf_демі,0.3294919658961591
F_suf_арвара,0.28569473684599506
L_pre_досова,0.37129747808730174
F_pre_варва,0.28569473684599506
L_досова,0.37129747808730174
F_suf_вара,0.26227005562983696
F_pre_варвар,0.28569473684599506
F_pre_варв,0.28569473684599506
F_suf_рвара,0.28569473684599506
F_pre_вар,0.026233065223442854
F_варвара,0.28569473684599506
L_suf_досова,0.37129747808730174
L_suf_осова,0.37129747808730174
F_suf_ібәкір,-0.25842603364069977
F_suf_кір,-0.2549346510898695
F_pre_абдібә,-0.25842603364069977
F_абдібәкір,-0.25842603364069977
F_suf_әкір,-0.25632319844355483
F_suf_бәкір,-0.25632319844355483
L_тоқтасын,-0.4740137279174571
L_suf_қтасын,-0.4740137279174571
L_suf_тасын,-0.4740137279174571
L_suf_асын,-0.46080780584449843
L_pre_исабае,-0.07282037630680946
F_suf_ілеу,-0.26428051873820835
F_suf_зтілеу,-0.26428051873820835
L_pre_исаб,0.02272041582682026
L_pre_исаба,-0.07282037630680946
F_suf_тілеу,-0.26428051873820835
L_suf_сабаев,-0.4068314314961059
L_исабаев,-0.42562603894339057
F_ізтілеу,-0.26428051873820835
L_suf_жебай,-0.3974622671123384
L_кенжебай,-0.3974622671123384
L_suf_нжебай,-0.3974622671123384
F_suf_усалам,-0.2561554953444618
F_абдусалам,-0.2561554953444618
L_suf_қуат,-0.5463904734253786
L_suf_уат,-0.5463904734253786
L_қуат,-0.5463904734253786
F_pre_ізғал,-0.285597496320584
F_ізғали,-0.285597496320584
F_suf_ізғали,-0.285597496320584
F_suf_зғали,-0.285597496320584
L_suf_еисов,-0.38824210337957
L_нурпеисов,-0.38824210337957
L_suf_пеисов,-0.38824210337957
F_pre_ізға,-0.285597496320584
F_pre_ізғали,-0.285597496320584
L_оралбаев,-0.41091982460562776
L_pre_шаке,0.044772028456841695
L_шакенов,-0.4495234476399395
L_pre_шакено,0.044772028456841695
L_pre_шакен,0.044772028456841695
F_жан,-0.937841307005919
L_suf_акулов,-0.4351408655239922
L_pre_карак,0.0034011790780215587
L_pre_караку,0.0034011790780215587
L_каракулов,-0.4351408655239922
F_pre_арин,0.32349521518315816
F_арина,0.4108085504195215
F_pre_арина,0.32349521518315816
F_pre_надир,-0.3789594265293926
F_pre_над,-0.12383210481731523
F_надир,-0.3789594265293926
F_pre_нади,-0.3789594265293926
F_pre_аддина,0.2267515422664036
F_suf_ддина,0.2267515422664036
F_pre_аддин,0.2267515422664036
F_suf_аддина,0.2267515422664036
F_аддина,0.2267515422664036
F_pre_адди,0.2267515422664036
L_салимова,0.39110823068318595
F_ева,0.508085682071366
F_pre_ева,0.508085682071366
F_suf_ева,0.37468186848729573
L_suf_лимова,0.48143043898407045
L_сагимбаева,0.44438211114090065
L_балтабаев,-0.3540558396201517
L_suf_табаев,-0.4077159026668847
L_амангалиева,0.43901221853209293
L_pre_аманга,0.017290541688902105
F_pre_тахм,0.27952581296892764
F_suf_хмина,0.27952581296892764
F_suf_ахмина,0.27952581296892764
F_pre_тахмин,0.27952581296892764
F_pre_тахми,0.27952581296892764
F_тахмина,0.27952581296892764
F_pre_айтург,0.3616822297978478
F_suf_ган,0.3616822297978478
F_pre_айтур,0.3616822297978478
F_suf_урган,0.3616822297978478
F_айтурган,0.3616822297978478
F_suf_рган,0.3616822297978478
F_suf_турган,0.3616822297978478
L_pre_оразха,-0.011952771296832728
L_suf_зхан,-0.4245135072290951
L_оразхан,-0.4245135072290951
L_suf_разхан,-0.4245135072290951
L_pre_оразх,-0.011952771296832728
L_suf_азхан,-0.4245135072290951
F_pre_мунир,0.2598923801199483
F_suf_унира,0.2598923801199483
F_pre_мунира,0.2598923801199483
F_suf_нира,0.2598923801199483
F_мунира,0.2598923801199483
F_suf_мунира,0.2598923801199483
L_suf_браев,-0.4090731412754811
L_pre_ибраев,-0.015062321507218559
F_алижан,-0.35902936078571457
L_pre_ибрае,-0.015062321507218559
F_pre_алижа,-0.35902936078571457
L_suf_ибраев,-0.4090731412754811
F_pre_алиж,-0.35902936078571457
L_ибраев,-0.4090731412754811
F_pre_алижан,-0.35902936078571457
F_suf_алижан,-0.35902936078571457
F_suf_әрдара,0.28053380773081626
F_suf_рдара,0.28053380773081626
F_іңкәрдара,0.28053380773081626
L_құдайбергенқызы,0.3633636105141016
L_ибраимова,0.47503961588765353
L_suf_здыков,-0.4121709005550572
L_сыздыков,-0.4121709005550572
F_pre_дино,0.2530236765221988
F_динора,0.2530236765221988
F_suf_инора,0.2530236765221988
F_pre_динора,0.2530236765221988
F_suf_динора,0.2530236765221988
F_suf_нора,0.27752548610051164
F_pre_динор,0.2530236765221988
F_suf_анеш,-0.48173525492493746
L_suf_рысбек,-0.40153395971759537
F_анеш,-0.48173525492493746
L_рысбек,-0.40153395971759537
F_suf_еш,-0.48173525492493746
F_pre_анеш,-0.48173525492493746
L_suf_ысбек,-0.40153395971759537
F_suf_неш,-0.48173525492493746
L_ержанқызы,0.386926525593249
L_pre_ержанқ,0.386926525593249
F_suf_йрам,-0.26028865098809095
F_pre_байрам,-0.25351399583249346
F_pre_байр,-0.25351399583249346
F_байрам,-0.25351399583249346
F_suf_айрам,-0.26028865098809095
F_pre_байра,-0.25351399583249346
F_suf_байрам,-0.26028865098809095
F_pre_адэлла,0.2479311006772864
F_адэлла,0.2479311006772864
F_suf_дэлла,0.2479311006772864
F_suf_адэлла,0.2479311006772864
F_pre_адэлл,0.2479311006772864
L_suf_уқызы,0.42102196004199616
L_suf_ауқызы,0.48184602655010905
L_сайлауқызы,0.48184602655010905
F_pre_ісмет,-0.33829082358860585
F_suf_смет,-0.33829082358860585
F_suf_ісмет,-0.33829082358860585
F_ісмет,-0.33829082358860585
F_pre_мика,0.259212947312643
F_suf_аэла,0.259212947312643
L_pre_усер,-0.0437947541565564
L_усербаева,0.44556450172077733
F_pre_микаэл,0.259212947312643
F_pre_микаэ,0.259212947312643
F_suf_каэла,0.259212947312643
F_микаэла,0.259212947312643
L_pre_усерба,-0.0437947541565564
L_pre_усерб,-0.0437947541565564
F_suf_икаэла,0.259212947312643
F_pre_мик,0.259212947312643
F_suf_иназ,0.32757711970270725
F_pre_адиназ,0.29453591370180593
F_suf_адиназ,0.29453591370180593
F_адиназ,0.29453591370180593
F_suf_диназ,0.29453591370180593
F_pre_аилин,0.3628047279120097
F_pre_аили,0.3628047279120097
F_suf_аилин,0.3628047279120097
F_suf_илин,0.3628047279120097
F_аилин,0.3628047279120097
F_suf_айселя,0.22222565452009835
F_pre_айселя,0.22222565452009835
F_suf_селя,0.27170542705522827
F_айселя,0.22222565452009835
F_suf_йселя,0.22222565452009835
F_дияра,0.36082706769635603
F_suf_дияра,0.36082706769635603
F_pre_дия,0.1065504556602595
F_suf_ияра,0.36082706769635603
F_suf_яра,0.36082706769635603
F_pre_дияр,-0.008566302524287962
F_pre_дияра,0.36082706769635603
F_абдаррахим,-0.22453671922098084
F_suf_ррахим,-0.29579909233282137
F_pre_абдарр,-0.2835778519335752
F_suf_ікәрім,-0.45963587287576035
F_абдікәрім,-0.45963587287576035
F_pre_абдікә,-0.45963587287576035
L_pre_шаях,0.03977416240700124
L_pre_шаяхме,0.03977416240700124
L_шаяхметов,-0.5261081040649089
L_pre_шая,0.03977416240700124
L_pre_шаяхм,0.03977416240700124
F_suf_йнара,0.31578465543886985
L_нұрлыбаева,0.5563236017529142
F_айнара,0.31578465543886985
F_pre_айнар,-0.1992244210893757
F_suf_айнара,0.31578465543886985
F_pre_айнара,0.31578465543886985
F_pre_фаран,0.4253378687128337
F_фарангиз,0.4253378687128337
F_suf_ангиз,0.4253378687128337
F_pre_фаранг,0.4253378687128337
F_pre_фара,0.4253378687128337
F_suf_рангиз,0.4253378687128337
F_suf_ылай,0.08846791435674609
F_suf_гылай,0.3454497059348516
F_suf_агылай,0.3454497059348516
F_pre_агыла,0.3454497059348516
F_pre_агылай,0.3454497059348516
F_агылай,0.3454497059348516
F_pre_агыл,0.3454497059348516
F_pre_абалим,-0.3000417204250822
F_suf_абалим,-0.3000417204250822
F_pre_абали,-0.3000417204250822
F_абалим,-0.3000417204250822
F_suf_балим,-0.3000417204250822
L_болатова,0.4775691232730327
L_pre_болато,0.11139428440161474
F_pre_амаль,-0.13099624691079614
F_амаль,-0.13099624691079614
F_suf_зани,0.3196347294120406
F_pre_айзан,0.3196347294120406
F_suf_йзани,0.3196347294120406
F_pre_айзани,0.3196347294120406
F_айзани,0.3196347294120406
F_suf_айзани,0.3196347294120406
F_suf_екса,0.3714001681477017
F_александраалекса,0.3763909443837877
F_suf_кса,0.3714001681477017
F_suf_лекса,0.3714001681477017
F_suf_алекса,0.3714001681477017
L_pre_аж,0.05544446201723307
L_ажибаева,0.501531935561986
L_pre_ажи,0.05544446201723307
L_pre_ажиб,0.05544446201723307
L_pre_ажиба,0.05544446201723307
L_pre_ажибае,0.05544446201723307
F_suf_яалтын,0.3393948003563308
F_адилияалтын,0.3393948003563308
F_pre_юси,-0.33537584831405826
F_юсиф,-0.33537584831405826
F_pre_юсиф,-0.33537584831405826
F_suf_сиф,-0.33537584831405826
F_suf_юсиф,-0.33537584831405826
L_pre_булек,0.00541581577475279
L_pre_булекб,0.00541581577475279
L_pre_буле,0.00541581577475279
L_булекбаев,-0.47862431394398036
F_pre_дияна,0.33202566738980405
L_утегенова,0.5114760967399268
F_suf_ияна,0.27742545918456435
F_pre_диян,0.33202566738980405
F_suf_дияна,0.27742545918456435
F_дияна,0.33202566738980405
F_pre_мансур,-0.30265916244065055
F_pre_мансу,-0.30265916244065055
F_pre_манс,-0.29863459779136214
F_мансур,-0.30265916244065055
F_pre_агийр,0.22886778143156788
F_suf_гийра,0.22886778143156788
F_агийра,0.22886778143156788
F_suf_агийра,0.22886778143156788
F_pre_агий,0.22886778143156788
F_suf_ийра,0.22886778143156788
F_pre_агийра,0.22886778143156788
F_pre_акти,-0.2792573336733795
F_pre_актиле,-0.2792573336733795
F_актилек,-0.2792573336733795
F_pre_актил,-0.2792573336733795
F_suf_ктилек,-0.2792573336733795
F_pre_абрин,0.31701200384364353
F_suf_абрина,0.2882443012851256
F_абрина,0.31701200384364353
F_pre_абрина,0.31701200384364353
F_pre_абри,0.31701200384364353
F_suf_брина,0.2882443012851256
L_ахметбеков,-0.4614386312511083
L_pre_ахметб,-0.04988410686369129
F_suf_бдан,-0.3300302641924908
F_suf_абдан,-0.3300302641924908
F_абдан,-0.3300302641924908
F_pre_абдан,-0.3300302641924908
F_suf_асур,-0.3821221116791523
F_suf_жасур,-0.3821221116791523
F_pre_жасу,-0.3146595618773597
F_жасур,-0.3821221116791523
F_pre_жасур,-0.3146595618773597
L_смағұлқызы,0.4326941440134036
L_сәкен,-0.3677696939370771
L_suf_сәкен,-0.3677696939370771
L_suf_әкен,-0.3677696939370771
L_suf_сакова,0.4426975769324685
L_исакова,0.4426975769324685
F_suf_ханифа,0.28462591217044386
F_suf_нифа,0.28462591217044386
F_pre_бибиха,0.28462591217044386
F_suf_ифа,0.26226727782499826
F_pre_бибих,0.28462591217044386
F_бибиханифа,0.28462591217044386
F_suf_анифа,0.28462591217044386
F_suf_арц,-0.4577999780820695
F_suf_марц,-0.4577999780820695
F_suf_рц,-0.4577999780820695
L_suf_қазбек,-0.3742385933424331
F_pre_марц,-0.4577999780820695
L_suf_збек,-0.42421469467220013
F_марц,-0.4577999780820695
L_қазбек,-0.3742385933424331
L_suf_азбек,-0.42421469467220013
L_аманғалиқызы,0.4548860349094278
F_pre_анфиса,0.25515723448395605
F_suf_фиса,0.25515723448395605
F_suf_анфиса,0.25515723448395605
F_pre_анфи,0.25515723448395605
F_pre_анфис,0.25515723448395605
F_анфиса,0.25515723448395605
F_suf_нфиса,0.25515723448395605
F_pre_анф,0.25515723448395605
L_pre_жанаб,-0.00595952243563644
L_pre_жанаба,-0.00595952243563644
L_жанабаева,0.49535128311654947
L_suf_амитов,-0.41936951118901966
F_pre_мурат,-0.3475460150452908
L_pre_хамито,0.08838503274024102
F_мурат,-0.3475460150452908
L_suf_митов,-0.41936951118901966
F_pre_мура,-0.3341175855413844
L_хамитов,-0.41936951118901966
F_pre_мур,-0.3026567576059451
F_аян,-0.9570994382674467
F_pre_аян,0.0006149837015774937
F_адэлим,0.3944067439977714
F_suf_адэлим,0.3944067439977714
F_suf_элим,0.3944067439977714
F_pre_адэлим,0.3944067439977714
F_suf_дэлим,0.3944067439977714
F_адиль,-0.7185487809411413
F_suf_адиль,-0.7185487809411413
L_елеуов,-0.3972758960783578
L_suf_елеуов,-0.3972758960783578
L_pre_есетов,-0.0096358871918004
L_suf_есетов,-0.43173047670601283
L_suf_сетов,-0.43173047670601283
L_есетов,-0.43173047670601283
L_pre_есет,-0.0096358871918004
L_pre_есето,-0.0096358871918004
L_оразбаев,-0.5000548960171048
L_suf_азбаев,-0.44679192819949487
F_pre_абайқ,-0.32640868244776516
F_suf_йқалым,-0.32640868244776516
F_pre_абайқа,-0.32640868244776516
F_абайқалым,-0.32640868244776516
L_suf_рмахан,-0.42955457666992636
F_suf_қалым,-0.32640868244776516
L_ермахан,-0.3989573708834867
F_pre_яр,-0.2299418137942942
F_ярослав,-0.2299418137942942
F_pre_яросла,-0.2299418137942942
F_suf_рослав,-0.335477316296037
F_pre_яросл,-0.2299418137942942
F_pre_яро,-0.2299418137942942
F_pre_ярос,-0.2299418137942942
F_pre_абдулк,0.34555123162364
L_pre_бекено,0.05094012598466275
L_бекенова,0.4625671943672452
F_suf_лкәрім,0.9316068596294568
F_абдулкәрім,0.9316068596294568
F_pre_агж,0.36644809640406933
F_suf_агжан,0.4226512474269028
F_pre_агжан,0.4226512474269028
F_suf_гжан,0.4226512474269028
F_агжан,0.4226512474269028
F_pre_агжа,0.36644809640406933
L_pre_ерге,0.0005753794549196078
L_ергешқызы,0.3576798720483203
L_pre_ергешқ,0.3576798720483203
L_pre_ергеш,0.0005753794549196078
F_pre_алана,0.4393566671578481
F_алана,0.4393566671578481
L_suf_ешқызы,0.3576798720483203
F_pre_лукас,-0.30047732249213654
F_suf_лукас,-0.30047732249213654
F_лукас,-0.30047732249213654
F_suf_укас,-0.30047732249213654
L_suf_йтов,-0.4486016865229449
L_сейтов,-0.4486016865229449
F_suf_ахмад,-0.29027014946458124
L_pre_сейто,0.02393642076919661
L_suf_ейтов,-0.4486016865229449
F_suf_хмад,-0.29027014946458124
L_pre_сейтов,0.02393642076919661
F_suf_ ахмад,-0.25109554130930434
F_абду ахмад,-0.25109554130930434
L_suf_сейтов,-0.4486016865229449
F_suf_демы,0.3182860593059954
L_камзина,0.5032726058324754
L_suf_амзина,0.49041010298387966
F_pre_адемы,0.3182860593059954
F_адемы,0.3182860593059954
L_suf_мзина,0.49041010298387966
F_suf_емы,0.3182860593059954
F_suf_мы,0.3182860593059954
F_suf_адемы,0.3182860593059954
L_оразалиева,0.41336688489101003
L_suf_рик,-0.4268657728385398
L_серик,-0.4268657728385398
L_suf_ерик,-0.4268657728385398
L_suf_ик,-0.4268657728385398
L_suf_серик,-0.4268657728385398
L_suf_матова,0.44322207112801676
F_suf_алеана,0.2551647723232105
F_suf_леана,0.2551647723232105
F_алеана,0.2551647723232105
F_pre_алеана,0.2551647723232105
F_pre_алеан,0.2551647723232105
F_pre_алеа,0.2551647723232105
L_саматова,0.44322207112801676
F_suf_еана,0.36015144298137713
F_suf_ирашид,-0.2530302961445388
F_абдирашид,-0.2530302961445388
F_әділ,-0.39423010018085153
L_оразбеков,-0.3828811822777661
F_suf_әділ,-0.39423010018085153
L_жумажанова,0.3916048424117503
F_інтісар,0.3426333607480469
F_suf_тісар,0.3426333607480469
F_suf_ісар,0.3426333607480469
F_suf_нтісар,0.3426333607480469
F_pre_інтіс,0.3426333607480469
F_pre_інтіса,0.3426333607480469
F_suf_авиана,0.24227312547524893
F_suf_виана,0.24227312547524893
F_pre_авиана,0.24227312547524893
F_авиана,0.24227312547524893
F_pre_авиан,0.24227312547524893
F_pre_авиа,0.24227312547524893
L_pre_еримбе,0.0071772534887451275
L_pre_ерим,0.0071772534887451275
L_еримбетов,-0.4117154490065372
L_pre_ери,0.0071772534887451275
L_pre_еримб,0.0071772534887451275
L_жұманқызы,0.44600372187363396
L_pre_жұманқ,0.44600372187363396
L_pre_жұман,0.009713120415460288
F_pre_шұғыла,0.24439629672483482
F_suf_ыла,0.24439629672483482
F_pre_шұғыл,0.24439629672483482
F_pre_шұ,0.24439629672483482
F_suf_шұғыла,0.24439629672483482
F_suf_ұғыла,0.24439629672483482
F_pre_шұғ,0.24439629672483482
F_шұғыла,0.24439629672483482
F_pre_шұғы,0.24439629672483482
F_suf_ғыла,0.24439629672483482
L_жаксыбаев,-0.4196781143933633
L_pre_жаксыб,0.03581039334761453
L_suf_сыбаев,-0.4196781143933633
F_ахмад,-0.3190587834994909
F_pre_ахма,-0.3190587834994909
F_pre_ахмад,-0.3190587834994909
F_алтай,-0.4788858572916096
F_pre_алтай,-0.4788858572916096
F_suf_лтай,-0.38045043837204784
F_suf_алтай,-0.4788858572916096
F_pre_алта,-0.4788858572916096
F_pre_байе,-0.3331361884751723
F_suf_айел,-0.3331361884751723
F_pre_байел,-0.3331361884751723
F_байел,-0.3331361884751723
F_suf_йел,-0.3331361884751723
F_suf_байел,-0.3331361884751723
F_suf_иколь,0.5063561713712685
L_бекжанқызы,0.4188149807697739
F_pre_николь,0.5063561713712685
F_suf_оль,-0.038727620114790945
F_николь,0.5063561713712685
F_suf_николь,0.5063561713712685
F_suf_коль,0.5063561713712685
F_suf_ьбегым,0.3119320708207522
F_pre_адельб,0.3119320708207522
F_адельбегым,0.3119320708207522
F_suf_егым,0.3119320708207522
F_suf_бегым,0.3119320708207522
F_suf_гым,0.3119320708207522
F_suf_гім,0.40648681543694276
F_suf_егім,0.40648681543694276
F_suf_рбегім,0.6294006837556639
F_suf_бегім,0.40648681543694276
F_іңкәрбегім,0.6294006837556639
F_адэм,0.43350517118720866
L_pre_нұрма,-0.030740748233845094
L_pre_нұрм,-0.030740748233845094
F_suf_эм,0.43350517118720866
L_нұрмаханқызы,0.4789431370421961
L_pre_нұрмах,-0.030740748233845094
F_suf_дэм,0.43350517118720866
F_suf_адэм,0.43350517118720866
F_pre_адело,0.2359822557168588
F_suf_лоида,0.2359822557168588
L_pre_иманов,-0.0006670149718390872
F_suf_елоида,0.2359822557168588
L_иманова,0.39006570308157934
F_suf_оида,0.2359822557168588
F_pre_аделои,0.2359822557168588
L_pre_имано,-0.0006670149718390872
F_аделоида,0.2359822557168588
F_suf_амхан,-0.267956947428104
F_suf_ламхан,-0.267956947428104
F_pre_ісламх,-0.267956947428104
F_ісламхан,-0.267956947428104
F_suf_ьмина,0.24840593993318502
F_suf_льмина,0.24840593993318502
F_pre_адельм,0.22598812088519055
F_адельмина,0.21989849937298123
F_suf_аниэл,-0.3824731178149659
F_даниэл,-0.3824731178149659
F_suf_ниэл,-0.3824731178149659
F_suf_даниэл,-0.3824731178149659
L_suf_тазина,0.4448446142888576
L_нуртазина,0.4448446142888576
F_pre_давлет,-0.30088720903479854
F_suf_влет,-0.30088720903479854
F_suf_давлет,-0.30088720903479854
F_давлет,-0.30088720903479854
F_suf_авлет,-0.30088720903479854
F_pre_давле,-0.30088720903479854
F_анаржан,0.40134266867182344
F_pre_анаржа,0.40134266867182344
F_suf_наржан,0.40134266867182344
F_pre_анар,0.3711673733548231
F_pre_анарж,0.40134266867182344
F_абдрасул,-0.47814935424553867
F_pre_абдрас,-0.47814935424553867
F_suf_драсул,-0.47814935424553867
F_pre_орх,-0.330316028593845
F_pre_ор,-0.295501262293741
F_орхан,-0.330316028593845
F_suf_орхан,-0.330316028593845
F_pre_орхан,-0.330316028593845
F_pre_орха,-0.330316028593845
F_suf_бдинур,-0.38506079125221193
F_абдинур,-0.38506079125221193
F_pre_абдин,-0.15121350118886834
F_pre_абдину,-0.38506079125221193
F_suf_уста,0.39686847112074924
F_suf_вгуста,0.39686847112074924
L_валиева,0.5041073639892295
F_suf_ста,0.39686847112074924
F_августа,0.39686847112074924
F_suf_густа,0.39686847112074924
F_авигея,0.23383234166787156
F_suf_гея,0.23383234166787156
F_suf_вигея,0.23383234166787156
L_исина,0.5307103518801288
L_pre_исина,0.5307103518801288
F_suf_авигея,0.23383234166787156
L_suf_сина,0.4778523978488859
F_pre_авигея,0.23383234166787156
L_suf_исина,0.5307103518801288
F_suf_игея,0.23383234166787156
F_pre_авиге,0.23383234166787156
F_pre_аланн,0.3210309263824524
F_аланна,0.3210309263824524
F_pre_аланна,0.3210309263824524
F_suf_ланна,0.31170155518526205
F_suf_аланна,0.3210309263824524
F_зарнигор,0.4051462306764911
F_suf_нигор,0.4051462306764911
F_pre_зарни,0.4051462306764911
L_бегалықызы,0.34759850964892125
F_pre_зарниг,0.4051462306764911
F_suf_рнигор,0.4051462306764911
F_pre_зарн,0.4051462306764911
F_suf_игор,0.4051462306764911
L_pre_бегалы,-0.03771441914825924
L_муханов,-0.4784501375447505
F_pre_дилр,0.2778838064221508
F_pre_дилра,0.2778838064221508
F_suf_илрабо,0.2778838064221508
F_suf_лрабо,0.2778838064221508
F_pre_дилраб,0.2778838064221508
F_suf_або,0.2778838064221508
F_suf_рабо,0.2778838064221508
F_дилрабо,0.2778838064221508
F_suf_агеля,0.2771458056919428
F_агеля,0.2771458056919428
L_еримбетова,0.4178307810189617
F_suf_геля,0.2771458056919428
F_pre_агеля,0.2771458056919428
F_suf_тор,-0.43156097185247166
F_suf_ктор,-0.43156097185247166
F_suf_виктор,-0.43156097185247166
F_suf_иктор,-0.43156097185247166
F_виктор,-0.43156097185247166
F_suf_алалил,-0.23722516113476527
F_абдіжалалил,-0.23722516113476527
F_suf_лалил,-0.23722516113476527
F_suf_ішүкір,-0.25220441109796693
F_suf_үкір,-0.25220441109796693
F_pre_абдішү,-0.25220441109796693
F_suf_шүкір,-0.25220441109796693
F_pre_абдіш,-0.25220441109796693
F_абдішүкір,-0.25220441109796693
L_балгабаев,-0.5135249713922674
L_suf_габаев,-0.5135249713922674
F_аббель,-0.4052451131353364
F_pre_аббе,-0.33883994806467693
F_pre_аббел,-0.4052451131353364
F_suf_аббель,-0.4052451131353364
F_suf_ббель,-0.4052451131353364
F_pre_аббель,-0.4052451131353364
F_аксенья,0.2675329198881183
F_suf_сенья,0.2675329198881183
F_pre_аксен,0.2566503057732854
F_suf_енья,0.2675329198881183
F_suf_нья,0.2675329198881183
F_suf_ксенья,0.2675329198881183
F_pre_аксень,0.2675329198881183
F_pre_аксе,0.2566503057732854
L_suf_ыстан,-0.3603892503577283
F_suf_бдіәлі,-0.26843985614180066
F_suf_діәлі,-0.26843985614180066
F_suf_іәлі,-0.26843985614180066
L_арыстан,-0.3603892503577283
F_абдіәлі,-0.26843985614180066
L_suf_рыстан,-0.3603892503577283
L_suf_стан,-0.3603892503577283
L_садвокасова,0.49034952204804516
L_suf_касова,0.4646286759101423
L_suf_асым,-0.41584820349011836
L_suf_ым,-0.4306349452093049
L_қасым,-0.43775852873047294
L_suf_қасым,-0.41584820349011836
F_абілмансур,-0.24895067700348797
L_suf_сым,-0.41584820349011836
F_айна,0.46273025754873515
F_suf_йна,0.46273025754873515
F_suf_айна,0.46273025754873515
L_pre_сейдал,-0.0014270975198608891
F_інаят,0.35371529808450164
L_сейдалиева,0.331788407534444
F_pre_інаят,0.35371529808450164
F_suf_інаят,0.35371529808450164
F_pre_іная,0.35371529808450164
F_suf_наят,0.35371529808450164
F_pre_абдга,-0.2858905818437506
F_suf_гали,-0.2800656203391313
F_pre_абдг,-0.2858905818437506
F_suf_дгали,-0.2858905818437506
F_абдгали,-0.2858905818437506
F_suf_бдгали,-0.2858905818437506
F_pre_абдгал,-0.2858905818437506
F_suf_йнар,-0.7661773696566326
F_suf_айнар,-0.7661773696566326
F_айнар,-0.7661773696566326
F_абигейл,0.29501550668148624
F_suf_йл,0.29501550668148624
F_suf_бигейл,0.29501550668148624
F_suf_ейл,0.29501550668148624
F_suf_игейл,0.29501550668148624
F_pre_абигей,0.29501550668148624
F_suf_гейл,0.29501550668148624
F_pre_асад,-0.30027726676403926
F_pre_асадб,-0.30027726676403926
F_suf_адбек,-0.30027726676403926
F_асадбек,-0.30027726676403926
F_pre_асадбе,-0.30027726676403926
F_suf_садбек,-0.30027726676403926
F_pre_никит,-0.4666009337682573
F_suf_кита,-0.4666009337682573
F_suf_икита,-0.4666009337682573
F_pre_ники,-0.4666009337682573
F_suf_никита,-0.4666009337682573
F_никита,-0.4666009337682573
F_pre_никита,-0.4666009337682573
F_pre_андриа,-0.2532073259983252
F_андриан,-0.2532073259983252
F_suf_ндриан,-0.2532073259983252
F_pre_андри,-0.3698511071424518
F_андрия,-0.49016472587620424
F_pre_андрия,-0.49016472587620424
F_suf_ндрия,-0.49016472587620424
F_suf_дрия,-0.49016472587620424
F_suf_андрия,-0.49016472587620424
L_жарқынбек,-0.3599152951055504
L_suf_қынбек,-0.3599152951055504
L_казиев,-0.4146705843899686
L_suf_казиев,-0.4146705843899686
L_suf_зиев,-0.4146705843899686
F_імгілхан,-0.25692597839157766
F_pre_імг,-0.25692597839157766
F_pre_імгілх,-0.25692597839157766
L_suf_азиев,-0.4146705843899686
F_suf_гілхан,-0.25692597839157766
F_pre_імгі,-0.25692597839157766
F_pre_імгіл,-0.25692597839157766
F_suf_ахым,-0.2728433438306875
F_suf_рахым,-0.2728433438306875
F_suf_брахым,-0.27738988161844025
F_pre_ібрахы,-0.27738988161844025
F_suf_хым,-0.2728433438306875
F_pre_ібрах,-0.27738988161844025
F_ібрахым,-0.27738988161844025
F_pre_беглар,-0.29023282656046134
F_pre_бегла,-0.29023282656046134
F_беглар,-0.29023282656046134
F_suf_еглар,-0.29023282656046134
F_pre_бегл,-0.29023282656046134
F_suf_беглар,-0.29023282656046134
F_suf_глар,-0.29023282656046134
F_suf_лар,-0.29023282656046134
L_абдрахманқызы,0.5941683623512998
F_дениз,-0.6231480817509958
L_нұрболат,-0.5236954680318084
F_pre_доме,-0.28530997488362614
F_доменик,-0.28530997488362614
F_pre_домен,-0.28530997488362614
F_suf_меник,-0.28530997488362614
F_suf_еник,-0.28530997488362614
F_pre_домени,-0.28530997488362614
F_suf_оменик,-0.28530997488362614
F_pre_мансұр,-0.2943800828534254
F_pre_мансұ,-0.2943800828534254
F_мансұр,-0.2943800828534254
L_рысбекқызы,0.46454816534596777
F_pre_гульм,0.2556548518762467
F_pre_гульми,0.2556548518762467
F_гульмира,0.21706351628272216
L_садвакасова,0.5608689123121695
L_suf_натбек,-0.3724410442100392
L_қанатбек,-0.3724410442100392
L_pre_ысқаққ,0.4691205438339324
L_ысқаққызы,0.4691205438339324
F_suf_ишелла,0.41673183476998094
F_pre_амирам,0.41673183476998094
F_suf_шелла,0.41673183476998094
F_амирамишелла,0.41673183476998094
L_тулепбергенов,-0.44622393807281996
L_suf_ұртай,-0.33446792053378627
L_нұртай,-0.33446792053378627
L_suf_нұртай,-0.33446792053378627
L_pre_нұртай,-0.33446792053378627
F_pre_акдана,0.2631469255389281
F_pre_акдан,0.2631469255389281
F_акдана,0.2631469255389281
F_suf_акдана,0.2631469255389281
F_suf_кдана,0.2631469255389281
L_сапарбекқызы,0.37065099456239403
F_suf_ьмария,0.23694026024178322
F_адельмария,0.23694026024178322
L_умарова,0.44768033512642363
F_pre_айла,0.43608443986841744
F_айла,0.5617978286083826
L_қасымбекқызы,0.3602256224536608
F_suf_азизай,0.3322143488050355
F_pre_азизай,0.3322143488050355
L_pre_қасымб,0.002752623884824442
F_suf_зизай,0.3322143488050355
F_азизай,0.3322143488050355
F_suf_зай,0.3322143488050355
F_suf_изай,0.3322143488050355
F_suf_ізтұр,-0.33219443971159945
F_ізтұр,-0.33219443971159945
L_suf_бахыт,-0.43579374432340434
L_бахыт,-0.43579374432340434
F_suf_зтұр,-0.33219443971159945
L_suf_хыт,-0.43579374432340434
F_suf_тұр,-0.33219443971159945
L_suf_ахыт,-0.43579374432340434
L_айдарбеков,-0.3774320391171568
L_suf_дәулет,-0.4543042468721888
F_suf_ғабит,-0.23711676054867875
F_suf_бит,-0.23711676054867875
F_suf_абит,-0.23711676054867875
F_suf_іғабит,-0.23711676054867875
L_suf_әулет,-0.4543042468721888
F_абдіғабит,-0.23711676054867875
L_дәулет,-0.4543042468721888
F_адельинкар,0.4206153677944386
F_suf_нкар,0.4206153677944386
F_suf_инкар,0.4206153677944386
F_suf_ьинкар,0.4206153677944386
L_pre_ерали,-0.028921283314967752
L_ералиева,0.4522826661627937
L_pre_ералие,-0.028921283314967752
F_suf_ьжан,-0.4365576619255181
L_бектемиров,-0.43733982381259084
F_suf_льжан,-0.4365576619255181
F_suf_ильжан,-0.4365576619255181
F_pre_адильж,-0.4365576619255181
L_pre_бекте,0.04325239969342471
F_адильжан,-0.4365576619255181
L_pre_бектем,0.04325239969342471
L_pre_жор,-0.009232776445604928
L_pre_жорабе,-0.009232776445604928
L_pre_жора,-0.009232776445604928
L_жорабекқызы,0.36598960414628745
L_pre_жораб,-0.009232776445604928
F_pre_ажара,0.26430088171122484
L_ускенбаева,0.5297071011174259
F_suf_ажара,0.25523520051004817
F_suf_жара,0.25523520051004817
F_ажара,0.25523520051004817
L_абдрахманова,0.39480514948543743
F_pre_вячесл,-0.24102156989719287
F_suf_еслав,-0.24102156989719287
F_pre_вя,-0.24102156989719287
F_pre_вяч,-0.24102156989719287
F_вячеслав,-0.24102156989719287
F_suf_чеслав,-0.24102156989719287
F_pre_вяче,-0.24102156989719287
F_pre_вячес,-0.24102156989719287
L_кенжебаев,-0.37007002726124383
L_suf_жебаев,-0.37007002726124383
F_pre_илл,0.2691916855347271
F_suf_ллария,0.2691916855347271
F_suf_лария,0.2691916855347271
F_иллария,0.2691916855347271
F_pre_иллар,0.2691916855347271
F_pre_илла,0.2691916855347271
F_pre_иллари,0.2691916855347271
F_pre_аиз,0.36264638732701193
F_suf_аиза,0.36264638732701193
F_pre_аиза,0.36264638732701193
F_аиза,0.36264638732701193
L_токтарова,0.42594205474713587
F_suf_йлина,0.22329405300512417
F_suf_айлина,0.22329405300512417
F_айлина,0.22329405300512417
F_suf_амара,0.2753016210285233
F_pre_самар,0.33038731321255144
F_самара,0.33038731321255144
F_suf_самара,0.33038731321255144
F_suf_мара,0.2753016210285233
F_pre_самара,0.33038731321255144
F_pre_ізбе,-0.24662802005019696
F_pre_ізберг,-0.24662802005019696
F_ізберген,-0.24662802005019696
F_pre_ізбер,-0.24662802005019696
F_suf_лкарим,-0.4046797297518435
F_абдулкарим,-0.4046797297518435
F_pre_інжуж,0.3517537117574775
F_pre_інжужа,0.3517537117574775
F_інжужан,0.3517537117574775
F_suf_нжужан,0.3517537117574775
F_suf_жужан,0.3517537117574775
F_suf_ужан,0.36341545031207073
F_pre_нилуф,0.3469250322241838
F_suf_луфар,0.3469250322241838
F_нилуфар,0.3469250322241838
F_pre_нил,0.3469250322241838
F_suf_илуфар,0.3469250322241838
F_pre_нилу,0.3469250322241838
F_pre_нилуфа,0.3469250322241838
F_suf_уфар,0.3469250322241838
F_suf_ильнур,-0.3220283496413496
F_pre_ильну,-0.3220283496413496
F_pre_ильнур,-0.3220283496413496
F_ильнур,-0.3220283496413496
F_pre_ильн,-0.06908028191780917
L_дюсенова,0.40008905709981935
L_исабекова,0.484033262898785
F_suf_емина,0.21488317873122945
L_pre_исабек,0.060524205563598735
F_pre_адемин,0.21488317873122945
F_suf_демина,0.21488317873122945
L_pre_исабе,0.060524205563598735
F_адемина,0.21488317873122945
F_suf_ьбина,0.4251250768836377
F_альбина,0.4251250768836377
L_бахтиярқызы,0.37545081745137104
F_suf_льбина,0.4251250768836377
F_pre_альбин,0.016862810888724943
F_pre_альби,0.016862810888724943
F_pre_альб,-0.12128873450149333
L_suf_ярқызы,0.43109606355244723
L_pre_хусаин,0.04933917781323718
L_pre_хусаи,0.04933917781323718
L_pre_хуса,0.04933917781323718
L_хусаинова,0.5127390605190131
L_pre_хус,0.04933917781323718
F_pre_хадия,0.3036038984267502
F_хадия,0.3036038984267502
F_suf_хадия,0.3036038984267502
F_альфия,0.265366811832129
F_pre_альфия,0.265366811832129
F_suf_льфия,0.265366811832129
L_қасымқызы,0.46304277251566267
F_suf_ьфия,0.265366811832129
L_pre_қасымқ,0.46304277251566267
F_suf_альфия,0.265366811832129
F_анара,0.2999688434140359
F_pre_анара,0.2999688434140359
F_suf_анара,0.2999688434140359
F_інжуім,0.27972441620287636
F_suf_нжуім,0.27972441620287636
F_pre_інжуім,0.27972441620287636
F_suf_жуім,0.27972441620287636
F_pre_інжуі,0.27972441620287636
F_suf_уім,0.27972441620287636
F_suf_інжуім,0.27972441620287636
F_айюб,-0.4122458993108724
F_pre_айюб,-0.4122458993108724
F_pre_айю,-0.4122458993108724
F_suf_юб,-0.4122458993108724
L_сарсенбай,-0.4096036298343765
F_suf_йюб,-0.4122458993108724
F_suf_айюб,-0.4122458993108724
L_үсенқызы,0.31373342048811753
L_pre_үсенқ,0.31373342048811753
L_pre_үсенқы,0.31373342048811753
L_suf_еуқызы,0.3816199301354721
L_төлеуқызы,0.3816199301354721
L_pre_төлеуқ,0.3816199301354721
L_pre_айм,-0.013113715399318679
L_pre_аймага,-0.013113715399318679
L_pre_айма,-0.013113715399318679
L_pre_аймаг,-0.013113715399318679
L_аймагамбетова,0.34153048892414406
L_алтыбаева,0.5841502995852824
L_pre_алтыба,0.050686235269175886
F_ілия,-0.16021131588987636
F_suf_ілия,-0.16021131588987636
L_pre_алтыб,0.050686235269175886
F_pre_аянат,0.4651528760980055
F_pre_аяна,0.44417115876435637
L_асылханқызы,0.3870556424709615
F_аянат,0.4651528760980055
F_suf_аянат,0.4651528760980055
F_айжан,0.6010670308401055
L_алимжанова,0.3456969315229076
F_suf_олег,-0.4380957857945035
F_suf_ег,-0.4380957857945035
F_suf_лег,-0.4380957857945035
F_олег,-0.4380957857945035
F_pre_олег,-0.4380957857945035
F_pre_агзи,0.2845467233176104
F_suf_агзия,0.2845467233176104
F_агзия,0.2845467233176104
F_suf_гзия,0.2845467233176104
F_pre_агзия,0.2845467233176104
L_аймагамбетов,-0.3858048056766498
F_suf_хаким,-0.30808655672929436
F_suf_лхаким,-0.30808655672929436
F_абдулхаким,-0.30808655672929436
F_алестина,0.27968449829892106
F_pre_алести,0.27968449829892106
F_pre_алест,0.27968449829892106
F_suf_естина,0.27968449829892106
F_pre_абдс с,-0.3127115415350222
F_suf_ салям,-0.3127115415350222
F_абдс салям,-0.3127115415350222
F_pre_абдс ,-0.3127115415350222
F_pre_абдс,-0.3127115415350222
F_suf_салям,-0.3127115415350222
F_suf_алям,-0.3127115415350222
F_pre_іздіб,-0.2944331242738067
F_suf_дібай,-0.2944331242738067
F_suf_ібай,-0.2944331242738067
L_мырзағали,-0.4299380562969312
L_suf_зағали,-0.4299380562969312
L_pre_мырзағ,-0.022273478603487617
F_іздібай,-0.2944331242738067
F_suf_здібай,-0.2944331242738067
F_pre_іздіба,-0.2944331242738067
L_сарсенов,-0.47080382660241
L_suf_рсенов,-0.47080382660241
F_suf_дер,-0.23751138263997743
F_pre_іскан,-0.24189497596335327
F_pre_ісканд,-0.24189497596335327
F_suf_кандер,-0.23751138263997743
F_іскандер,-0.2358521068668418
F_pre_іска,-0.24189497596335327
F_suf_ндер,-0.23751138263997743
F_suf_андер,-0.23751138263997743
L_pre_мадиев,0.07189727243430562
L_pre_мади,0.07189727243430562
L_мадиева,0.45765053246315945
L_pre_мадие,0.07189727243430562
L_pre_мад,0.07189727243430562
L_шаяхметова,0.5348215774254887
L_ахметжанқызы,0.4733497388499975
L_исабекқызы,0.49584915207541824
F_suf_адиа,0.414316335717531
F_suf_диа,0.414316335717531
F_адиа,0.414316335717531
F_pre_дима б,-0.26776630801161516
F_pre_дима ,-0.26776630801161516
F_дима байрам,-0.26776630801161516
F_pre_дим,-0.26776630801161516
F_pre_дима,-0.26776630801161516
L_медетова,0.525741736234364
F_suf_ахноза,0.2851573134642566
F_suf_хноза,0.2851573134642566
F_pre_шахно,0.2851573134642566
F_шахноза,0.2851573134642566
F_pre_шахноз,0.2851573134642566
F_pre_шахн,0.2851573134642566
L_алтыбаев,-0.46062272797293335
L_suf_тыбаев,-0.4401922373895378
L_батырбекқызы,0.37008598661095393
F_pre_дамир,-0.35751321518024076
F_дамир,-0.35751321518024076
F_pre_дами,-0.35751321518024076
L_сейтова,0.5058580191572153
F_іңкәрімай,0.3628579019151126
F_suf_рімай,0.3628579019151126
F_suf_әрімай,0.3628579019151126
L_suf_ейтова,0.5058580191572153
L_suf_йтова,0.5058580191572153
F_pre_іңкәрі,0.3628579019151126
F_pre_ой,0.07239853143747445
L_мукушева,0.4788508752189922
L_suf_кушева,0.4788508752189922
F_ойша,0.39036394948878517
F_pre_ойш,0.39036394948878517
F_pre_ойша,0.39036394948878517
L_suf_ушева,0.4788508752189922
F_suf_акежан,-0.42391990861412765
F_pre_акеж,-0.42391990861412765
F_suf_ежан,0.08622770939437378
F_suf_кежан,0.08622770939437378
F_акежан,-0.42391990861412765
L_pre_мурзаг,-0.03277378260666619
F_pre_акежан,-0.42391990861412765
F_pre_акежа,-0.42391990861412765
L_pre_мурз,-0.03277378260666619
L_pre_мурза,-0.03277378260666619
L_мурзагалиев,-0.5568438700969924
F_ажаргул,0.32626868794852915
F_suf_ргул,0.32626868794852915
F_suf_аргул,0.32626868794852915
F_suf_жаргул,0.32626868794852915
F_pre_ажаргу,0.28749031097439853
L_баймуратов,-0.466963924792468
F_suf_ісбек,-0.2914949938700324
F_pre_іліс,-0.2914949938700324
F_pre_ілісб,-0.2914949938700324
F_suf_лісбек,-0.2914949938700324
F_pre_ілісбе,-0.2914949938700324
L_pre_баймур,-0.07139537764382012
F_ілісбек,-0.2914949938700324
L_бухарбаев,-0.3877344321902278
L_шакенова,0.5293338930158945
F_suf_наиль,-0.5389609157844808
F_наиль,-0.5389609157844808
F_pre_наиль,-0.5389609157844808
F_pre_наил,-0.5389609157844808
F_абдигазиз,-0.2361163210421053
F_suf_газиз,-0.2361163210421053
F_suf_игазиз,-0.2361163210421053
L_бекбергенов,-0.42362926403184575
F_pre_абдулғ,-0.33051481084306056
F_абдулғани,-0.33051481084306056
F_suf_улғани,-0.33051481084306056
L_тастанбекова,0.44520561768546124
F_pre_марина,0.24133321968178703
F_марина,0.24133321968178703
F_suf_марина,0.24133321968178703
L_рахимбаева,0.43974687308097155
F_саят,-0.5482135754061782
F_suf_саят,-0.5482135754061782
F_pre_саят,-0.5482135754061782
L_suf_уякова,0.4696645049232982
L_туякова,0.4696645049232982
L_suf_якова,0.4696645049232982
F_suf_слима,0.4635543459820927
F_pre_муслим,0.039290759957951046
F_муслима,0.4635543459820927
F_pre_мусли,0.039290759957951046
L_pre_туяков,-0.008026451190353893
L_pre_туяко,-0.008026451190353893
F_suf_услима,0.4635543459820927
F_pre_мусл,0.039290759957951046
F_pre_бахти,-0.312848504504683
F_pre_бахт,-0.312848504504683
F_бахтияр,-0.312848504504683
F_pre_бах,0.1548511177596314
F_pre_бахтия,-0.312848504504683
F_pre_абайд,-0.3081789821829952
F_suf_лдин,-0.24241085082187286
F_suf_дилдин,-0.24241085082187286
F_suf_илдин,-0.24241085082187286
F_pre_абайди,-0.24241085082187286
F_абайдилдин,-0.24241085082187286
F_suf_ылым,0.42027293505451424
F_suf_сылым,0.42027293505451424
F_pre_асылым,0.42027293505451424
F_suf_асылым,0.42027293505451424
F_pre_асылы,0.42027293505451424
F_асылым,0.42027293505451424
F_pre_анабе,0.2962095392801642
F_pre_анаб,0.2962095392801642
F_pre_анабел,0.2962095392801642
F_анабелла,0.2962095392801642
F_pre_айник,0.23803997792987702
F_suf_йника,0.23803997792987702
F_pre_айника,0.23803997792987702
F_айника,0.23803997792987702
F_suf_айника,0.23803997792987702
F_pre_аділе,0.0695362880682246
F_pre_аді,-0.08056563715386511
F_аділет,0.0695362880682246
F_suf_аділет,0.0695362880682246
F_pre_аділ,-0.08056563715386511
F_pre_аділет,0.0695362880682246
F_ізболат,-0.3243433634565933
F_pre_ізбол,-0.3243433634565933
F_pre_ізбола,-0.3243433634565933
F_pre_ізбо,-0.3243433634565933
F_suf_зболат,-0.3243433634565933
L_даниярқызы,0.4451657782239047
L_pre_дан,0.017483427234197584
L_pre_дани,0.017483427234197584
L_pre_данияр,0.017483427234197584
L_pre_дания,0.017483427234197584
L_есенгалиев,-0.5531557927426047
F_pre_айдами,-0.3407673395045754
L_темирханов,-0.4977066560381388
F_suf_йдамир,-0.3407673395045754
F_айдамир,-0.3407673395045754
F_pre_айдам,-0.3407673395045754
F_бексұлтан,-0.24140905688761233
F_pre_бекс,-0.23591131223677192
F_pre_бексұл,-0.24140905688761233
F_pre_бексұ,-0.24140905688761233
F_pre_барсб,-0.2575843476695078
F_pre_бар,-0.2575843476695078
L_амангелді,-0.47603853454916
F_барсбек,-0.2575843476695078
L_suf_нгелді,-0.48878455069520543
L_suf_гелді,-0.48878455069520543
F_pre_барс,-0.2575843476695078
F_suf_рсбек,-0.2575843476695078
F_suf_арсбек,-0.2575843476695078
F_pre_барсбе,-0.2575843476695078
F_pre_абзад,0.4816693407453672
F_абзад,0.4816693407453672
F_suf_бзад,0.4816693407453672
F_suf_абзад,0.4816693407453672
F_suf_зад,0.4816693407453672
L_нысанбаев,-0.35649361491806736
F_suf_лесбек,-0.26211237145845245
F_suf_есбек,-0.26211237145845245
F_ілесбек,-0.26211237145845245
F_pre_ілесбе,-0.26211237145845245
F_pre_дарина,0.32318955879651623
F_suf_дарина,0.26201349061695717
L_құдайбергенова,0.42933278891285453
F_дарина,0.32318955879651623
F_pre_дарин,0.32318955879651623
F_айя,0.5544048057684974
F_pre_альбер,-0.3323301803036353
F_suf_льберт,-0.3323301803036353
F_альберт,-0.3323301803036353
F_pre_альбе,-0.3323301803036353
F_suf_ьберт,-0.3323301803036353
F_pre_юзефа,0.29245042738376564
F_pre_юзе,0.29245042738376564
F_pre_юз,0.29245042738376564
F_pre_юзеф,0.29245042738376564
F_suf_зефа,0.29245042738376564
F_suf_ефа,0.29245042738376564
F_юзефа,0.29245042738376564
F_suf_юзефа,0.29245042738376564
F_suf_рахмон,-0.2957293341076974
F_suf_хмон,-0.2957293341076974
F_абдурахмон,-0.2957293341076974
F_suf_ахмон,-0.2957293341076974
L_джумагулова,0.34278208682617656
F_pre_ойбек,-0.3372701571905524
L_pre_идрис,0.013741002220225274
L_pre_ид,0.013741002220225274
L_suf_дрисов,-0.385494269281868
L_pre_идрисо,0.013741002220225274
F_pre_ойбе,-0.3372701571905524
F_suf_ойбек,-0.3372701571905524
F_ойбек,-0.3372701571905524
F_suf_йбек,-0.32496647083093644
F_pre_ойб,-0.3372701571905524
L_идрисов,-0.385494269281868
L_pre_идр,0.013741002220225274
L_pre_идри,0.013741002220225274
L_suf_рисов,-0.385494269281868
F_suf_тьяна,0.24834606737156734
L_жаксыбаева,0.44076141826972637
F_suf_атьяна,0.24834606737156734
F_pre_татьян,0.24834606737156734
F_suf_ьяна,0.2585743608168998
F_татьяна,0.24834606737156734
F_pre_тат,0.24834606737156734
F_pre_татья,0.24834606737156734
F_pre_тать,0.24834606737156734
F_suf_льга,0.2973873950042557
F_pre_оль,0.2973873950042557
F_pre_ольга,0.2973873950042557
F_suf_ольга,0.2973873950042557
F_suf_ьга,0.2973873950042557
F_ольга,0.2973873950042557
F_pre_ольг,0.2973873950042557
F_даниэль,-0.5570934330699784
F_suf_аниэль,-0.5570934330699784
F_suf_ниэль,-0.5570934330699784
F_pre_арев,0.3371156026180375
F_pre_аре,0.3371156026180375
F_suf_ревик,0.3371156026180375
F_suf_вик,0.3371156026180375
F_suf_аревик,0.3371156026180375
F_pre_аревик,0.3371156026180375
F_suf_евик,0.3371156026180375
F_pre_ареви,0.3371156026180375
F_аревик,0.3371156026180375
L_рыспаева,0.44909991276674727
L_suf_спаева,0.44909991276674727
L_suf_паева,0.44909991276674727
F_дилафруз,0.3441678068156064
F_suf_фруз,0.3441678068156064
F_pre_дилаф,0.3441678068156064
F_pre_дилафр,0.3441678068156064
F_suf_афруз,0.3441678068156064
F_suf_лафруз,0.3441678068156064
F_аруназ,0.3032101743023916
F_suf_аруназ,0.3032101743023916
F_pre_аруназ,0.3032101743023916
F_suf_уназ,0.28849876419859183
F_suf_руназ,0.3032101743023916
L_иманов,-0.49288488911901884
L_suf_иманов,-0.49288488911901884
L_бекболатова,0.3944512032014393
F_suf_ртур,-0.33498984640346363
F_pre_арту,-0.33498984640346363
F_pre_артур,-0.33498984640346363
F_артур,-0.33498984640346363
F_suf_артур,-0.33498984640346363
L_жумагалиев,-0.4425143014339872
L_pre_капано,0.027224860610613823
L_капанов,-0.5031941748868022
L_suf_апанов,-0.5031941748868022
L_pre_капан,0.027224860610613823
F_адэльвина,0.21136846579872595
F_pre_адэльв,0.21136846579872595
F_pre_адэль,0.2919010714429215
F_айнель,0.29767078860287566
F_suf_йнель,0.29767078860287566
F_pre_айнель,0.29767078860287566
F_pre_айне,0.29767078860287566
F_suf_айнель,0.29767078860287566
F_pre_айнел,0.29767078860287566
F_інжубике,0.3126948053600741
F_pre_інжуб,0.3126948053600741
F_suf_жубике,0.3126948053600741
F_pre_інжуби,0.3126948053600741
F_suf_убике,0.3126948053600741
L_мусабаева,0.5057265138076581
L_pre_мусаба,0.1254849330485894
L_алтынбекова,0.4253181517130559
F_suf_еир,0.3175211387771189
F_suf_гмеир,0.3175211387771189
F_pre_агмеи,0.3175211387771189
F_pre_агме,0.3175211387771189
F_агмеир,0.3175211387771189
F_pre_агм,0.3175211387771189
F_suf_меир,0.3175211387771189
F_pre_агмеир,0.3175211387771189
F_suf_агмеир,0.3175211387771189
F_pre_анжела,0.2450727056403622
F_suf_анжела,0.2450727056403622
F_suf_жела,0.2450727056403622
F_suf_нжела,0.2450727056403622
F_анжела,0.2450727056403622
F_suf_адийя,0.2674522142822505
F_suf_ийя,0.24412761578172537
F_pre_адийя,0.2674522142822505
F_suf_дийя,0.2674522142822505
F_адийя,0.2674522142822505
L_нұрғалиқызы,0.3745829264122169
F_suf_умагул,0.3637892353031222
F_suf_магул,0.3637892353031222
F_pre_жумаг,0.3637892353031222
L_pre_нұрғал,-0.010163940136629033
F_pre_жумагу,0.3637892353031222
F_жумагул,0.3637892353031222
L_успанова,0.48210332598734124
F_гульназ,0.2845642584080112
F_suf_ульназ,0.2845642584080112
F_suf_лімжан,-0.5663189628844034
F_ілімжан,-0.5663189628844034
F_suf_імжан,-0.5663189628844034
F_suf_даниил,-0.28959322021713474
F_suf_аниил,-0.28959322021713474
F_pre_дании,-0.28959322021713474
F_suf_иил,-0.28959322021713474
F_pre_даниил,-0.28959322021713474
F_suf_ниил,-0.28959322021713474
F_даниил,-0.28959322021713474
F_абдельмансур,-0.2339029954503046
L_қалиев,-0.4482959917064742
L_suf_қалиев,-0.4482959917064742
F_pre_данияр,-0.2719954740967001
F_suf_нияр,-0.4156766386308215
F_suf_данияр,-0.2719954740967001
F_данияр,-0.2719954740967001
F_suf_анияр,-0.4156766386308215
L_suf_ерғазы,-0.5843029317680136
L_серғазы,-0.5843029317680136
L_suf_рғазы,-0.5676729453033983
L_pre_серғаз,-0.08408654002248434
L_pre_серға,-0.08408654002248434
L_pre_серғ,-0.08408654002248434
F_pre_абдими,-0.26404158728570665
F_абдимир,-0.26404158728570665
F_suf_бдимир,-0.26404158728570665
F_абілтай,-0.2954354130549439
F_suf_білтай,-0.2954354130549439
F_suf_ілтай,-0.2954354130549439
F_pre_абілта,-0.2954354130549439
F_pre_абілт,-0.2954354130549439
F_абдуррахим,-0.3274738963322607
L_pre_тулеуо,-0.04838489960724838
L_тулеуова,0.46675410538583356
F_pre_ракса,0.25024874918175233
L_suf_мисова,0.41661405730025763
F_pre_ракс,0.25024874918175233
L_утемисова,0.41661405730025763
F_pre_рак,0.25024874918175233
F_раксана,0.25024874918175233
F_pre_раксан,0.25024874918175233
F_pre_айдай,0.5267217469323557
F_айдай,0.5267217469323557
F_suf_йдай,0.5267217469323557
F_suf_айдай,0.5267217469323557
F_suf_ззақ,0.7551559523754616
F_suf_аззақ,0.7551559523754616
F_suf_раззақ,0.7551559523754616
F_абдурраззақ,0.7551559523754616
L_бактыбаев,-0.4233127116555818
F_pre_жахан,-0.2512833915568223
F_жахангир,-0.2512833915568223
F_suf_ангир,-0.2647233881078239
F_pre_жаханг,-0.2512833915568223
F_suf_хангир,-0.2512833915568223
F_pre_жаха,-0.2512833915568223
F_наргиза,0.21819445754019462
F_suf_ргиза,0.21819445754019462
F_suf_гиза,0.25068827426423923
F_pre_наргиз,0.21819445754019462
F_suf_аргиза,0.21819445754019462
F_pre_фарида,0.2529795597980606
F_pre_фарид,0.2529795597980606
F_фарида,0.2529795597980606
F_pre_фари,0.2529795597980606
F_suf_фарида,0.2529795597980606
F_suf_рида,0.3131373581188526
F_suf_арида,0.3131373581188526
L_әлімжанқызы,0.437863256269837
L_suf_ералы,-0.5612657060174833
L_ералы,-0.5612657060174833
L_серікұлы,-0.4065071344301012
L_suf_рікұлы,-0.4065071344301012
L_suf_кұлы,-0.4065071344301012
L_pre_серікұ,-0.4065071344301012
L_suf_ікұлы,-0.4065071344301012
L_бекетова,0.4370923249555365
L_suf_кетова,0.4370923249555365
L_suf_кеева,0.49642021914838963
L_suf_екеева,0.49642021914838963
L_бекеева,0.49642021914838963
L_suf_еева,0.49642021914838963
L_suf_екбай,-0.38154353344334013
F_pre_акму,-0.3161234995016371
L_ермекбай,-0.38154353344334013
L_suf_мекбай,-0.38154353344334013
F_pre_акм,0.0271666325785721
F_pre_акмур,-0.3161234995016371
F_акмурат,-0.3161234995016371
F_pre_акмура,-0.3161234995016371
F_suf_кмурат,-0.3161234995016371
F_pre_ифо,0.2853068712275153
F_pre_ифор,0.2853068712275153
F_pre_ифора,0.2853068712275153
F_suf_ифора,0.2853068712275153
F_suf_фора,0.2853068712275153
F_ифора,0.2853068712275153
F_pre_иф,0.2853068712275153
F_адэлья,0.26125381079893656
F_suf_дэлья,0.26125381079893656
F_suf_элья,0.26125381079893656
F_suf_адэлья,0.26125381079893656
F_pre_адэлья,0.26125381079893656
F_suf_ебай,-0.2873441678459015
F_pre_ілебай,-0.2873441678459015
F_pre_ілеб,-0.2873441678459015
F_pre_ілеба,-0.2873441678459015
F_suf_ілебай,-0.2873441678459015
F_suf_лебай,-0.2873441678459015
F_ілебай,-0.2873441678459015
F_абдисаттар,-0.26488111652393137
L_әділбекқызы,0.4989920515748103
F_мұстафа,-0.2999382821587282
F_pre_мұста,-0.2999382821587282
F_pre_мұс,-0.2999382821587282
F_pre_мұст,-0.2999382821587282
F_suf_ұстафа,-0.2999382821587282
F_pre_мұ,-0.2689951933989283
F_pre_мұстаф,-0.2999382821587282
F_pre_лад,0.33988898904946263
F_pre_лада,0.33988898904946263
F_suf_лада,0.33988898904946263
F_лада,0.33988898904946263
L_маханбетова,0.39373681920654796
L_дюсенбаев,-0.36297403646010834
F_pre_ізден,-0.3351580216611283
F_suf_деніс,-0.3185271360824134
F_suf_зденіс,-0.3185271360824134
F_suf_еніс,-0.3185271360824134
F_suf_ніс,-0.0111271594608715
F_ізденіс,-0.3185271360824134
L_suf_лебаев,-0.37647775115336574
F_pre_ізде,-0.10342522614430634
L_тулебаев,-0.37647775115336574
F_pre_іздені,-0.3185271360824134
L_аяпбергенова,0.39385624608708375
L_pre_аяпб,0.011806367739638085
L_pre_аяпбер,0.011806367739638085
L_pre_аяпбе,0.011806367739638085
F_suf_львиян,-0.34470118132614636
F_suf_иян,-0.31687639140146456
F_suf_ьвиян,-0.34470118132614636
F_pre_альвия,-0.34470118132614636
F_suf_виян,-0.34470118132614636
F_альвиян,-0.34470118132614636
F_pre_ізімқа,-0.30482574747783103
L_suf_балдин,-0.408094627496621
F_ізімқайыр,-0.30482574747783103
L_suf_лдин,-0.408094627496621
L_suf_алдин,-0.408094627496621
L_suf_дин,-0.408094627496621
L_сатыбалдин,-0.408094627496621
F_pre_ізімқ,-0.30482574747783103
F_suf_мқайыр,-0.30482574747783103
F_алим,-0.7294089420980482
F_аделис,0.30638657895075516
F_pre_аделис,0.30638657895075516
F_suf_делис,0.30638657895075516
F_suf_елис,0.30638657895075516
F_suf_аделис,0.30638657895075516
F_suf_лис,0.30638657895075516
F_suf_йшат,0.37527238243757327
F_айшат,0.37527238243757327
F_pre_айшат,0.37527238243757327
F_suf_айшат,0.37527238243757327
L_турлыбекова,0.34972180952076215
L_pre_асхатқ,0.3598376656511087
L_асхатқызы,0.3598376656511087
F_pre_іни,-0.4498803734181078
L_suf_азизов,-0.416557486144359
F_pre_іният,-0.4498803734181078
L_газизов,-0.416557486144359
F_іният,-0.4498803734181078
L_pre_газ,0.013038808832233295
L_suf_изов,-0.435744491174863
F_pre_іния,-0.4498803734181078
L_pre_газизо,0.013038808832233295
L_pre_газиз,0.013038808832233295
F_suf_ният,-0.4498803734181078
L_pre_гази,0.013038808832233295
F_suf_іният,-0.4498803734181078
L_suf_зизов,-0.416557486144359
F_suf_аррух,-0.3104306088155277
F_suf_фаррух,-0.3104306088155277
F_фаррух,-0.3104306088155277
F_pre_фаррух,-0.3104306088155277
F_pre_фарр,-0.3104306088155277
F_pre_фарру,-0.3104306088155277
F_suf_ррух,-0.3104306088155277
L_әділханқызы,0.3867764046276335
F_suf_анорой,0.274274690767724
F_suf_норой,0.274274690767724
F_suf_орой,0.274274690767724
F_suf_ой,0.2727443968281792
F_анорой,0.274274690767724
F_pre_анорой,0.274274690767724
F_pre_аноро,0.274274690767724
F_suf_рой,0.274274690767724
F_suf_иланна,0.303267794666606
F_миланна,0.303267794666606
F_pre_миланн,0.303267794666606
L_артыкбаева,0.37807310118586007
L_suf_қтияр,-0.4410272554185968
F_pre_арсени,-0.23384781887344597
L_pre_бақтия,0.04066487220090668
L_pre_бақт,0.0016792988728909627
F_арсений,-0.23384781887344597
F_suf_сений,-0.23384781887344597
F_suf_рсений,-0.23384781887344597
L_suf_ақтияр,-0.4410272554185968
L_бақтияр,-0.4410272554185968
L_pre_бақти,0.04066487220090668
F_suf_ений,-0.3312666806080124
L_ермагамбетова,0.4474506113261233
F_suf_ұржан,-0.34131768297587745
F_suf_нұржан,-0.34131768297587745
F_pre_нұржан,-0.34131768297587745
F_pre_нұрж,-0.2878645666231676
F_нұржан,-0.34131768297587745
F_pre_нұржа,-0.34131768297587745
F_suf_зімгүл,0.37416920963221895
F_suf_імгүл,0.37416920963221895
F_pre_ізімг,0.37416920963221895
F_ізімгүл,0.37416920963221895
F_pre_ізімгү,0.37416920963221895
F_suf_мгүл,0.37416920963221895
L_темирова,0.4292627326399221
L_suf_далиев,-0.4058972560766978
L_бердалиев,-0.40538342154112805
F_абдильбек,-0.20726731980433952
L_тұрлыбек,-0.34500618620644996
L_suf_рмек,-0.47378948643277496
L_suf_ермек,-0.47378948643277496
L_ермек,-0.47378948643277496
L_suf_мек,-0.47378948643277496
L_нурланова,0.41550365848778065
L_suf_ланова,0.41550365848778065
F_suf_ефим,-0.3695508390970828
F_pre_ефи,-0.3695508390970828
F_pre_еф,-0.3695508390970828
F_ефим,-0.3695508390970828
F_pre_ефим,-0.3695508390970828
F_suf_фим,-0.3127022058076494
F_pre_алиби,-0.4606378290554543
F_suf_либи,-0.4606378290554543
F_suf_алиби,-0.4606378290554543
F_алиби,-0.4606378290554543
F_pre_жанер,0.3325844188450695
F_pre_жанерк,0.3325844188450695
F_жанерке,0.3325844188450695
F_suf_нерке,0.3325844188450695
F_suf_анерке,0.3325844188450695
F_элина,0.31488204253738666
F_pre_элина,0.31488204253738666
F_pre_эли,0.31795488772776664
F_pre_элин,0.31488204253738666
L_suf_егалы,-0.47103527449953625
F_pre_абайы,-0.26167106490219455
F_абайыл,-0.26167106490219455
F_suf_абайыл,-0.26167106490219455
L_suf_бегалы,-0.47103527449953625
F_suf_йыл,-0.26167106490219455
L_suf_галы,-0.47103527449953625
F_pre_абайыл,-0.26167106490219455
F_suf_айыл,-0.26167106490219455
F_suf_байыл,-0.26167106490219455
L_бегалы,-0.47103527449953625
F_pre_тамер,-0.2962464703545862
F_pre_таме,-0.2962464703545862
F_тамерлан,-0.2962464703545862
F_suf_мерлан,-0.2962464703545862
F_pre_тамерл,-0.2962464703545862
F_suf_нг,-0.31548051213860545
F_pre_аан,-0.38080774347262775
F_suf_анг,-0.31548051213860545
F_suf_аанг,-0.38080774347262775
F_pre_аанг,-0.38080774347262775
F_аанг,-0.38080774347262775
F_suf_васеля,0.2675547881459943
F_pre_васе,0.2675547881459943
F_pre_васеля,0.2675547881459943
F_васеля,0.2675547881459943
F_suf_аселя,0.3009335753332862
F_pre_васел,0.2675547881459943
F_suf_дашой,0.27390246789848294
F_suf_адашой,0.27390246789848294
F_suf_ашой,0.27390246789848294
F_pre_адаш,0.28566385972231023
F_suf_шой,0.27390246789848294
F_адашой,0.27390246789848294
F_pre_адашо,0.27390246789848294
F_pre_адашой,0.27390246789848294
F_адияна,0.21867689020299066
F_pre_адиян,0.21867689020299066
F_suf_адияна,0.21867689020299066
F_pre_адияна,0.21867689020299066
F_адарина,0.18384849161826683
F_pre_адарин,0.18384849161826683
L_pre_сәбитқ,0.44111955616310555
L_сәбитқызы,0.44111955616310555
L_pre_досано,0.013430875231455806
L_pre_досан,0.013430875231455806
L_досанов,-0.3925788150262264
L_suf_осанов,-0.3925788150262264
L_pre_доса,0.013430875231455806
L_suf_қсыбек,-0.4584195930439721
L_жақсыбек,-0.4584195930439721
L_suf_сыбек,-0.4584195930439721
F_алета,0.3391827969262454
F_pre_алет,0.3391827969262454
F_pre_алета,0.3391827969262454
F_suf_алета,0.3391827969262454
F_айсема,0.23616124179200113
F_pre_айсема,0.23616124179200113
F_pre_айсем,0.23616124179200113
F_suf_сема,0.23616124179200113
F_suf_йсема,0.23616124179200113
F_suf_айсема,0.23616124179200113
L_suf_арғали,-0.464005380489535
L_сапарғали,-0.464005380489535
F_pre_аропат,0.3494365261212222
F_suf_опат,0.3494365261212222
F_pre_ароп,0.3494365261212222
F_suf_ропат,0.3494365261212222
F_pre_аропа,0.3494365261212222
F_аропат,0.3494365261212222
F_pre_аро,0.3494365261212222
F_suf_аропат,0.3494365261212222
F_софико,0.29007181739974014
F_suf_фико,0.29007181739974014
F_suf_офико,0.29007181739974014
F_pre_софико,0.29007181739974014
F_pre_софик,0.29007181739974014
L_нұрбекқызы,0.3430101484930202
F_suf_софико,0.29007181739974014
F_pre_інә,-0.041644593122851
F_suf_нәл,-0.45468273999023423
F_pre_інәл,-0.45468273999023423
F_інәл,-0.45468273999023423
F_suf_әл,-0.45468273999023423
L_курманбаев,-0.5584046697156166
F_suf_інәл,-0.45468273999023423
F_suf_нурай,0.471304613202441
F_нурай,0.471304613202441
F_suf_урай,0.471304613202441
L_бакирова,0.36213901147592625
L_pre_мұсақы,0.37481332459291067
F_pre_кама,0.2927140176334847
F_suf_мала,0.2927140176334847
F_камала,0.2927140176334847
L_pre_мұсақ,0.37481332459291067
L_мұсақызы,0.37481332459291067
F_pre_камал,0.2927140176334847
F_suf_амала,0.2927140176334847
L_pre_мұса,-0.0830743977282615
L_pre_мұс,-0.0830743977282615
F_suf_камала,0.2927140176334847
F_pre_камала,0.2927140176334847
F_pre_ұла,-0.2990412146200402
F_ұлағат,-0.2990412146200402
L_suf_қос,-0.39211797195702225
F_pre_ұлаға,-0.2990412146200402
L_suf_ос,-0.39211797195702225
F_pre_ұлағат,-0.2990412146200402
F_suf_ұлағат,-0.2990412146200402
F_pre_ұл,0.11472768095433375
F_pre_ұлағ,-0.2990412146200402
L_аманқос,-0.39211797195702225
F_suf_ағат,-0.2990412146200402
F_suf_лағат,-0.2990412146200402
L_suf_нқос,-0.39211797195702225
L_suf_анқос,-0.39211797195702225
L_suf_манқос,-0.39211797195702225
F_suf_ғат,-0.2990412146200402
F_suf_дылшах,-0.3285672494029729
F_suf_ылшах,-0.3285672494029729
F_suf_лшах,-0.3285672494029729
F_адылшах,-0.3285672494029729
F_pre_адылш,-0.3285672494029729
F_pre_адылша,-0.3285672494029729
F_suf_альяна,0.26929383097560844
F_suf_льяна,0.2650258375752171
F_альяна,0.26929383097560844
F_pre_альяна,0.26929383097560844
F_pre_алья,0.26929383097560844
F_pre_альян,0.26929383097560844
L_pre_ерке,-0.024679737079419155
L_еркебаев,-0.4587339594816073
L_pre_еркеба,-0.024679737079419155
L_pre_еркеб,-0.024679737079419155
L_suf_кебаев,-0.4587339594816073
L_тлеубергенова,0.35834013650137764
L_нуржанова,0.3583329951568911
F_ания,0.5458965654604582
F_pre_ания,0.08455785580065658
F_suf_лкасым,-0.25305719465713417
F_pre_абілк,-0.29172818287989116
F_абілкасым,-0.25305719465713417
F_pre_абілка,-0.25305719465713417
L_suf_болова,0.4040053850604904
L_байболова,0.4040053850604904
L_аханов,-0.3798379882156657
L_pre_рахмат,-0.03935967326067502
L_рахматуллақызы,0.4150340140097708
F_suf_алкын,0.3201255632984285
F_suf_лкын,0.3201255632984285
F_айсалкын,0.3201255632984285
F_pre_айсал,0.3201255632984285
F_suf_салкын,0.3201255632984285
F_pre_айсалк,0.3201255632984285
F_suf_кын,0.3201255632984285
F_ізетілла,-0.4105400513715697
L_оразалин,-0.47475300078184357
F_pre_ізетіл,-0.4105400513715697
F_suf_тілла,-0.4105400513715697
F_pre_ізеті,-0.4105400513715697
L_suf_залин,-0.47475300078184357
L_suf_азалин,-0.47475300078184357
F_suf_етілла,-0.4105400513715697
L_suf_алин,-0.47475300078184357
F_suf_ілла,-0.4105400513715697
L_кожабаев,-0.504658825901126
L_pre_ниязов,-0.02840347581328058
L_ниязова,0.43874226387310544
L_pre_ниязо,-0.02840347581328058
L_suf_иязова,0.43874226387310544
L_suf_язова,0.43874226387310544
F_suf_бдіали,-0.2827152883039941
F_suf_діали,-0.2827152883039941
F_абдіали,-0.2827152883039941
F_suf_іали,-0.2827152883039941
F_suf_глес,0.40025675285982315
F_suf_аглес,0.40025675285982315
F_аглес,0.40025675285982315
F_pre_агле,0.37779115568466215
F_pre_аглес,0.40025675285982315
F_suf_угүл,0.2577274177377989
F_pre_інжугү,0.2577274177377989
F_pre_інжуг,0.2577274177377989
F_suf_жугүл,0.2577274177377989
F_suf_нжугүл,0.2577274177377989
F_інжугүл,0.2577274177377989
F_suf_ясхан,-0.29229364435883776
F_pre_ілиясх,-0.29229364435883776
F_ілиясхан,-0.29229364435883776
F_suf_иясхан,-0.29229364435883776
F_pre_адэсуа,0.23534346903419115
F_suf_адэсуа,0.23534346903419115
F_pre_адэс,0.23534346903419115
F_suf_дэсуа,0.23534346903419115
F_suf_суа,0.23534346903419115
F_suf_эсуа,0.23534346903419115
F_suf_уа,0.3191006345225183
F_pre_адэсу,0.23534346903419115
F_адэсуа,0.23534346903419115
F_pre_элиза,0.29289838821331826
F_suf_элиза,0.29289838821331826
F_элиза,0.29289838821331826
F_pre_элиз,0.29289838821331826
F_pre_реги,0.2584293768666365
F_pre_рег,0.2584293768666365
F_pre_регин,0.2584293768666365
F_pre_регина,0.2584293768666365
F_suf_регина,0.2584293768666365
F_suf_егина,0.2584293768666365
F_регина,0.2584293768666365
F_suf_алык,-0.2509786831214993
F_suf_ихалык,-0.2509786831214993
F_абдихалык,-0.2509786831214993
F_suf_лык,-0.2509786831214993
F_suf_халык,-0.2509786831214993
F_suf_ык,-0.2509786831214993
F_pre_абдиха,-0.27005255370800124
F_pre_абдих,-0.27005255370800124
F_тея,0.598069460873126
F_pre_тея,0.598069460873126
F_suf_тея,0.598069460873126
L_алдабергенқызы,0.37191756035223433
F_абдисамад,-0.2520682188738081
F_suf_исамад,-0.2520682188738081
L_алтынбек,-0.4122107405891146
L_suf_тынбек,-0.4122107405891146
F_pre_агсали,0.23757517122710956
F_suf_салия,0.23757517122710956
F_suf_гсалия,0.23757517122710956
F_pre_агс,0.23757517122710956
F_агсалия,0.23757517122710956
F_pre_агса,0.23757517122710956
F_pre_агсал,0.23757517122710956
F_suf_айнұр,0.05737008574659316
F_suf_йнұр,0.05737008574659316
F_pre_абайнұ,-0.3660551370230399
F_абайнұр,-0.3660551370230399
F_suf_байнұр,-0.3660551370230399
F_pre_дато,-0.3930069905558882
F_suf_ато,-0.3930069905558882
F_дато,-0.3930069905558882
F_pre_дат,-0.3930069905558882
F_suf_дато,-0.3930069905558882
F_suf_то,-0.3930069905558882
L_мырзағалиқызы,0.3946966633173961
F_suf_виталь,0.29876138591600915
F_suf_италь,0.29876138591600915
F_авиталь,0.29876138591600915
F_pre_конс,-0.08725397056944208
F_suf_тантин,-0.37943331755436627
F_константин,-0.37943331755436627
F_pre_конст,-0.08725397056944208
F_suf_антин,-0.37943331755436627
F_pre_кон,-0.08725397056944208
F_suf_нтин,-0.45196535212303235
F_pre_конста,-0.08725397056944208
L_амангалиев,-0.5779791356244711
F_абат,-0.707403119910826
L_жетписбаев,-0.5149955876218926
L_suf_исбаев,-0.5149955876218926
L_оралбай,-0.49921917430256996
F_pre_адэмм,0.2267151656736377
F_suf_адэмма,0.2267151656736377
F_pre_адэмма,0.2267151656736377
F_адэмма,0.2267151656736377
F_suf_эмма,0.2267151656736377
F_suf_дэмма,0.2267151656736377
F_гульминаз,0.3008278100179279
F_suf_ьминаз,0.3008278100179279
F_suf_миназ,0.3008278100179279
L_suf_сайнов,-0.39750210402737174
L_suf_айнов,-0.39750210402737174
L_кусайнов,-0.39750210402737174
L_suf_йнов,-0.39750210402737174
F_pre_бекар,-0.25855030732281115
F_pre_бекары,-0.25855030732281115
F_suf_карыс,-0.25855030732281115
F_suf_арыс,-0.2543497352115504
F_suf_екарыс,-0.25855030732281115
F_бекарыс,-0.25855030732281115
F_pre_бека,-0.25855030732281115
F_suf_рыс,-0.2543497352115504
F_pre_адемас,0.21919835119342243
F_suf_асафия,0.21919835119342243
F_адемасафия,0.21919835119342243
F_suf_хамзо,-0.31631826341513014
F_suf_мзо,-0.31631826341513014
F_pre_хамз,-0.3700075995409149
L_suf_ренов,-0.41195000307053103
F_suf_амзо,-0.31631826341513014
L_pre_амрен,-0.025116937906643762
L_pre_амр,-0.025116937906643762
L_suf_мренов,-0.41195000307053103
L_амренов,-0.41195000307053103
F_pre_хам,-0.3700075995409149
F_pre_хамзо,-0.31631826341513014
F_хамзо,-0.31631826341513014
F_suf_зо,-0.31631826341513014
L_pre_амре,-0.025116937906643762
L_pre_амрено,-0.025116937906643762
L_suf_тулла,-0.5046258665092558
L_suf_атулла,-0.5046258665092558
L_рахматулла,-0.5046258665092558
L_suf_уалиев,-0.43156288203347004
L_абдуалиев,-0.3823235802725901
L_ералиев,-0.4152181465382069
F_pre_агидэл,0.2806377695079172
F_агидэль,0.2806377695079172
F_suf_гидэль,0.2806377695079172
F_suf_дэль,0.34260284130417207
F_pre_агидэ,0.2806377695079172
F_suf_идэль,0.2806377695079172
F_арслан,-0.26522585777065183
F_suf_арслан,-0.26522585777065183
F_suf_рслан,-0.26522585777065183
F_pre_арсл,-0.26522585777065183
F_pre_арслан,-0.26522585777065183
F_pre_арсла,-0.26522585777065183
F_pre_тамара,0.24470023078379985
F_тамара,0.24470023078379985
F_suf_тамара,0.24470023078379985
F_pre_тама,0.35873542655659646
F_pre_тамар,0.35873542655659646
F_pre_алда,-0.3496682713598772
F_алдар,-0.3496682713598772
F_pre_алдар,-0.3496682713598772
F_suf_алдар,-0.3496682713598772
F_pre_алд,-0.32263724254064935
F_алита,0.3717190375838634
F_pre_алита,0.3717190375838634
F_suf_лита,0.32964277791595326
F_pre_алит,0.3717190375838634
F_suf_алита,0.3717190375838634
F_pre_агадат,0.34532716817982906
F_suf_гадат,0.34532716817982906
F_suf_адат,0.34532716817982906
F_агадат,0.34532716817982906
F_suf_агадат,0.34532716817982906
F_suf_бадри,-0.3539480357896531
F_suf_дри,-0.3539480357896531
F_suf_адри,-0.3539480357896531
F_бадри,-0.3539480357896531
F_pre_бадр,-0.3539480357896531
F_pre_бадри,-0.3539480357896531
F_pre_бад,-0.3539480357896531
F_айлана,0.18423505641465973
F_suf_йлана,0.18423505641465973
F_suf_айлана,0.18423505641465973
F_pre_айлана,0.18423505641465973
F_pre_айлан,0.37335324824802385
F_pre_рахат,-0.3375938308276148
F_pre_раха,-0.3375938308276148
F_suf_ахат,-0.3375938308276148
F_рахат,-0.3375938308276148
F_suf_рахат,-0.3375938308276148
F_pre_рах,-0.3375938308276148
F_suf_хат,-0.3447836010659683
L_темірхан,-0.47805030771868046
L_pre_усенба,0.007729863808459594
L_pre_усенб,0.007729863808459594
L_усенбаева,0.5387597289186364
F_pre_нұри,-0.29518567652117234
F_нұрислам,-0.29518567652117234
F_pre_нұрисл,-0.29518567652117234
F_pre_нұрис,-0.29518567652117234
F_абдира,0.6077882277263531
F_suf_дира,0.3550909859601958
F_suf_абдира,0.6077882277263531
L_досанова,0.5385105254187305
F_suf_бдира,0.6077882277263531
F_мырзайым,0.3019165305984585
F_suf_рзайым,0.3019165305984585
F_pre_мыр,0.3019165305984585
F_suf_зайым,0.29420655256872735
F_pre_мырз,0.3019165305984585
F_pre_мырзай,0.3019165305984585
F_pre_мырза,0.3019165305984585
F_pre_мы,0.3019165305984585
F_pre_ізіқ,-0.32397706845618596
F_suf_іқұтты,-0.32397706845618596
F_pre_ізіқұ,-0.32397706845618596
F_ізіқұтты,-0.32397706845618596
F_pre_ізіқұт,-0.32397706845618596
F_suf_құтты,-0.30052560364385505
L_темиргалиев,-0.5933935700709714
F_suf_дннұр,-0.2834914651398135
F_suf_бдннұр,-0.2834914651398135
F_абдннұр,-0.2834914651398135
F_pre_абдн,-0.2834914651398135
F_pre_абдннұ,-0.2834914651398135
F_suf_ннұр,-0.2834914651398135
F_pre_абднн,-0.2834914651398135
F_адай,-0.1657887172978055
F_pre_адай,0.01673006783558355
L_курманбекова,0.4748556321625729
F_pre_бақ,-0.3155270294041608
L_кожахметов,-0.4402636031302784
F_pre_бақд,-0.3155270294041608
F_бақдәулет,-0.3155270294041608
F_pre_бақдә,-0.3155270294041608
F_pre_бақдәу,-0.3155270294041608
F_данеля,0.2919765645719299
F_pre_данел,0.2919765645719299
F_pre_дане,0.2919765645719299
F_pre_данеля,0.2919765645719299
F_suf_данеля,0.2919765645719299
F_лейла,0.3365817366820758
F_suf_ейла,0.3365817366820758
F_suf_лейла,0.3365817366820758
F_pre_лейла,0.3365817366820758
F_suf_кжол,-0.3116681191694517
F_pre_акж,-0.3116681191694517
F_pre_акжо,-0.3116681191694517
F_suf_жол,-0.36973967236735894
F_suf_акжол,-0.3116681191694517
F_pre_акжол,-0.3116681191694517
F_акжол,-0.3116681191694517
F_абдибай,-0.29275957117166174
F_suf_бдибай,-0.29275957117166174
F_pre_абдиб,-0.28889129986143913
F_pre_абдиба,-0.29275957117166174
F_suf_дибай,-0.29275957117166174
L_жолдыбаев,-0.34396484065628447
F_pre_нурмух,-0.2907241118923793
F_нурмухаммед,-0.28726348248817596
F_pre_нурму,-0.2907241118923793
F_pre_нурм,-0.2907241118923793
L_suf_мкулов,-0.4310569352083751
L_алимкулов,-0.354984136583408
F_pre_вард,-0.3050496597471036
L_жакупов,-0.4213360203879905
L_pre_жаку,0.041079836121899936
F_вардан,-0.3050496597471036
F_suf_ардан,-0.3050496597471036
L_pre_жакуп,0.041079836121899936
L_suf_акупов,-0.4213360203879905
F_pre_вардан,-0.3050496597471036
F_suf_вардан,-0.3050496597471036
L_suf_купов,-0.4213360203879905
L_pre_жакупо,0.041079836121899936
F_pre_варда,-0.3050496597471036
F_інжумариям,0.2433648156039613
F_suf_мариям,0.31309861602431455
F_suf_ариям,0.31309861602431455
F_suf_рсулуу,0.455466700223226
F_нурсулуу,0.455466700223226
L_жоламанқызы,0.4179273577236966
F_абдираман,-0.3364594652740769
F_suf_ираман,-0.3364594652740769
F_інкарсезім,0.3297601499166957
F_pre_інкарс,0.3297601499166957
L_жайлаубаева,0.4003771283624954
F_pre_аружан,0.3791897985059857
F_suf_ружан,0.3791897985059857
F_suf_аружан,0.3791897985059857
F_pre_аруж,0.3791897985059857
F_аружан,0.3791897985059857
F_pre_аружа,0.3791897985059857
F_абілғазиз,-0.2327648398940982
F_pre_абілғ,-0.24529541313611347
F_suf_лғазиз,-0.2327648398940982
F_pre_абілға,-0.24529541313611347
L_suf_лқасым,-0.39545164531871707
L_әбілқасым,-0.39545164531871707
L_suf_рашев,-0.392549712813525
L_ибрашев,-0.392549712813525
L_suf_брашев,-0.392549712813525
L_pre_туреба,-0.020420632070882207
F_аджена,0.23323622095755253
F_pre_аджена,0.23323622095755253
F_pre_адже,0.23323622095755253
F_suf_джена,0.23323622095755253
F_suf_жена,0.23323622095755253
F_pre_аджен,0.23323622095755253
F_suf_аджена,0.23323622095755253
L_туребаева,0.4697737668573526
L_ермаханова,0.4093766114883186
F_suf_лида,0.3390580945871393
F_алида,0.3390580945871393
F_pre_алид,0.3390580945871393
F_suf_алида,0.3390580945871393
F_pre_алида,0.3390580945871393
F_pre_дже,0.24460688409033776
F_suf_ессика,0.24460688409033776
F_suf_ссика,0.24460688409033776
F_suf_сика,0.24460688409033776
F_pre_джесси,0.24460688409033776
F_pre_джесс,0.24460688409033776
F_pre_джес,0.24460688409033776
F_джессика,0.24460688409033776
F_pre_жасұла,-0.28949780662157315
F_suf_сұлан,-0.28949780662157315
F_suf_асұлан,-0.28949780662157315
F_жасұлан,-0.28949780662157315
F_pre_жасұл,-0.28949780662157315
F_pre_жасұ,-0.28949780662157315
F_абділхайр,-0.2394337128441983
F_pre_абділх,-0.2394337128441983
F_pre_шавк,-0.3226223766792312
F_шавкат,-0.3226223766792312
F_pre_шав,-0.3226223766792312
F_suf_авкат,-0.3226223766792312
F_pre_шавка,-0.3226223766792312
F_pre_шавкат,-0.3226223766792312
F_suf_шавкат,-0.3226223766792312
F_suf_вкат,-0.3226223766792312
F_pre_інкәрб,0.14861661868969783
F_інкәрбек,-0.652540753157344
F_suf_ілхаир,-0.2209220511953807
F_абілхаир,-0.2209220511953807
L_ордабаева,0.410883167950545
L_suf_якбаев,-0.3785775353550571
L_туякбаев,-0.3785775353550571
F_абілжан,-0.3098304907102265
F_suf_білжан,-0.3098304907102265
F_pre_абілж,-0.3098304907102265
F_pre_абілжа,-0.3098304907102265
F_suf_ілжан,-0.308121994690992
F_suf_амур,-0.41382700546559686
F_suf_мур,-0.37227082416622315
F_pre_амур,-0.41382700546559686
F_амур,-0.41382700546559686
F_pre_аму,-0.41382700546559686
L_есенбеков,-0.3664290782789321
F_suf_гила,0.2952708355554546
F_suf_агила,0.2952708355554546
F_агила,0.2952708355554546
L_хасенқызы,0.49972291110505346
L_pre_хасенқ,0.49972291110505346
F_pre_ілк,0.37569855414657205
F_pre_ілкай,0.37569855414657205
F_suf_кай,0.37569855414657205
F_suf_лкай,0.37569855414657205
F_suf_ілкай,0.37569855414657205
F_ілкай,0.37569855414657205
F_pre_ілка,0.37569855414657205
F_інкарбек,-0.5004169620191946
L_умурзаков,-0.41754972033390436
F_pre_інкарб,-0.5004169620191946
F_suf_карбек,-0.5004169620191946
F_pre_ёсам,0.3425812894853139
F_pre_ёса,0.3425812894853139
F_suf_ами,0.3425812894853139
F_suf_ёсами,0.3425812894853139
F_pre_ёсами,0.3425812894853139
F_ёсами,0.3425812894853139
F_suf_сами,0.3425812894853139
F_suf_ча,0.2626580779288659
F_suf_ича,0.2626580779288659
F_pre_хадича,0.2626580779288659
F_suf_дича,0.2626580779288659
F_suf_адича,0.2626580779288659
F_pre_хадич,0.2626580779288659
F_хадича,0.2626580779288659
F_suf_хадича,0.2626580779288659
F_suf_іас,-0.3516945984305029
F_suf_іліас,-0.3516945984305029
F_іліас,-0.3516945984305029
F_pre_іліа,-0.3516945984305029
F_suf_ліас,-0.3516945984305029
F_pre_іліас,-0.3516945984305029
F_абдихан,-0.2929602837817625
F_suf_бдихан,-0.2929602837817625
F_абдолрахим,-0.23964925541460655
F_pre_абдолр,-0.23964925541460655
F_suf_лрахим,-0.23964925541460655
F_әли,-0.6371836259491227
F_ильнара,0.5380457262484062
F_pre_ильна,0.04499239907393958
F_pre_ильнар,0.04499239907393958
L_аманкелдіқызы,0.39346896546365373
F_suf_етр,-0.3918745518936934
F_pre_петр,-0.3918745518936934
F_петр,-0.3918745518936934
F_suf_петр,-0.3918745518936934
F_pre_пет,-0.3918745518936934
F_pre_нина,0.4010547334571804
L_орынбасарова,0.44842133520059396
F_нина,0.4010547334571804
F_suf_гиана,0.22272569968903017
F_pre_агиана,0.22272569968903017
F_pre_агиан,0.22272569968903017
F_pre_агиа,0.22272569968903017
F_агиана,0.22272569968903017
F_suf_агиана,0.22272569968903017
F_suf_знәр,0.3890295279633932
F_pre_ізнә,0.39791376019091995
F_pre_ізнәр,0.3890295279633932
F_ізнәр,0.3890295279633932
F_suf_нәр,0.4333185981063489
F_suf_ізнәр,0.3890295279633932
F_suf_азбек,-0.27956033113010964
F_pre_аваз,-0.33571814353797746
F_suf_вазбек,-0.33571814353797746
F_pre_авазб,-0.33571814353797746
F_авазбек,-0.33571814353797746
F_pre_авазбе,-0.33571814353797746
L_suf_митова,0.48002457272816523
L_хамитова,0.48002457272816523
L_тастанов,-0.36443192083824977
F_pre_ең,0.37428537454615246
F_suf_ңлік,0.37428537454615246
F_pre_еңлік,0.37428537454615246
F_pre_еңлі,0.37428537454615246
F_еңлік,0.37428537454615246
F_pre_еңл,0.37428537454615246
F_suf_еңлік,0.37428537454615246
F_suf_нодира,0.3428482948980236
F_pre_нодира,0.3428482948980236
F_нодира,0.3428482948980236
F_suf_одира,0.3428482948980236
L_арыстанқызы,0.44557743395359134
L_хусаинов,-0.4832881070175727
L_suf_аинов,-0.4269369274754943
L_suf_саинов,-0.4269369274754943
F_suf_абидат,0.3545572461559715
F_pre_абидат,0.3545572461559715
F_suf_идат,0.3545572461559715
F_suf_бидат,0.3545572461559715
F_абидат,0.3545572461559715
L_жұмаханқызы,0.4588444610298026
F_адилита,0.26723344182522213
F_pre_адилит,0.26723344182522213
F_suf_илита,0.26723344182522213
F_suf_дилита,0.26723344182522213
L_suf_еп,-0.4262445793543702
L_suf_режеп,-0.4262445793543702
L_suf_ережеп,-0.4262445793543702
L_ережеп,-0.4262445793543702
L_suf_ежеп,-0.4262445793543702
L_suf_жеп,-0.4262445793543702
L_мұратбекқызы,0.33846668933366736
L_pre_мұратб,-0.01687431696432104
F_pre_aбдул,-0.24691847696412214
F_pre_aбдулл,-0.24691847696412214
F_pre_aб,-0.24691847696412214
F_pre_aбд,-0.24691847696412214
F_suf_дуллаһ,-0.24691847696412214
L_pre_ашим,0.0685317513478115
F_pre_aбду,-0.24691847696412214
L_pre_ашимов,0.0685317513478115
L_pre_ашимо,0.0685317513478115
F_aбдуллаһ,-0.24691847696412214
L_ашимов,-0.38346503124584347
F_suf_дирхан,-0.27660787248894947
F_pre_абдирх,-0.27660787248894947
F_абдирхан,-0.27660787248894947
F_suf_ьдиана,0.2749650324283038
F_pre_альдиа,0.2749650324283038
F_альдиана,0.2749650324283038
F_pre_вахи,-0.32112018983119855
F_вахид,-0.32112018983119855
F_pre_вахид,-0.32112018983119855
F_pre_вах,-0.29169711781362906
F_suf_вахид,-0.32112018983119855
L_suf_натова,0.39692340921849756
L_канатова,0.39692340921849756
F_абиад,0.4252270596059576
F_pre_абиад,0.4252270596059576
L_рахимжанова,0.46552636925834534
F_suf_иад,0.4252270596059576
L_pre_рахимж,0.017062279636488174
F_suf_абиад,0.4252270596059576
F_suf_биад,0.4252270596059576
L_suf_жебек,-0.4023165618195818
L_suf_нжебек,-0.4023165618195818
L_кенжебек,-0.4023165618195818
F_pre_луке,0.3109001993293971
F_pre_лукери,0.3109001993293971
F_pre_лукер,0.3109001993293971
F_suf_керия,0.3109001993293971
F_лукерия,0.3109001993293971
F_suf_укерия,0.3109001993293971
L_pre_токса,0.013901718382925605
L_токсанбаев,-0.45414297198147197
L_pre_токсан,0.013901718382925605
L_pre_токс,0.013901718382925605
F_абилина,0.34218580340410604
F_suf_билина,0.34218580340410604
F_pre_абилин,0.34218580340410604
F_pre_абили,0.34218580340410604
L_айдарбекова,0.3608217360398354
F_suf_эбру,0.29499759608324666
F_анастасияэбру,0.29499759608324666
F_suf_бру,0.29499759608324666
F_suf_яэбру,0.29499759608324666
F_suf_ияэбру,0.29499759608324666
F_suf_ыд,-0.32104444124106396
L_pre_жумаш,-0.04209971173754626
F_suf_давыд,-0.32104444124106396
L_suf_умашев,-0.4303399158937406
F_suf_выд,-0.32104444124106396
L_pre_жумаше,-0.04209971173754626
F_давыд,-0.32104444124106396
L_жумашев,-0.4303399158937406
F_pre_давы,-0.32104444124106396
F_suf_авыд,-0.32104444124106396
F_pre_давыд,-0.32104444124106396
F_suf_ерин,0.3693509954894001
F_аерин,0.3693509954894001
L_серікқалиқызы,0.4446471617527685
F_pre_аери,0.3693509954894001
F_pre_ае,0.12722985754967753
F_pre_аер,0.3693509954894001
F_pre_аерин,0.3693509954894001
F_suf_аерин,0.3693509954894001
F_pre_лиан,0.2615118779413984
F_лиана,0.2615118779413984
F_pre_лиана,0.2615118779413984
F_pre_лиа,0.2615118779413984
F_suf_енали,-0.26322037333979476
F_suf_бенали,-0.26322037333979476
F_pre_аббена,-0.26322037333979476
F_аббенали,-0.26322037333979476
F_pre_аббен,-0.26322037333979476
F_suf_нали,-0.29839630195005834
F_suf_семён,-0.32934547826046257
F_pre_семён,-0.32934547826046257
F_семён,-0.32934547826046257
F_pre_сем,-0.32934547826046257
F_pre_семё,-0.32934547826046257
F_suf_емён,-0.32934547826046257
F_suf_мён,-0.32934547826046257
F_pre_мушкин,0.32043614302665224
L_сарсенбаева,0.4416829903088994
F_pre_мушк,0.32043614302665224
F_suf_шкиназ,0.32043614302665224
F_pre_мушки,0.32043614302665224
F_pre_муш,0.32043614302665224
F_мушкиназ,0.32043614302665224
F_suf_киназ,0.32043614302665224
L_идрисова,0.5054274060539508
L_suf_рисова,0.5054274060539508
L_садуакасов,-0.47697671531524793
L_pre_садуак,-0.02097045393880595
L_pre_садуа,-0.02097045393880595
F_suf_елиа,0.23166340430194604
L_оразова,0.37534368833611836
F_suf_делиа,0.23772457517793236
F_suf_аделиа,0.23772457517793236
F_pre_аделиа,0.23772457517793236
F_аделиа,0.23772457517793236
F_suf_ножан,0.3505608651468238
F_pre_аножа,0.3505608651468238
F_suf_ожан,0.3505608651468238
F_аножан,0.3505608651468238
F_pre_анож,0.3505608651468238
F_suf_аножан,0.3505608651468238
F_pre_аножан,0.3505608651468238
F_абдіжәлел,-0.2682715837115565
F_suf_әлел,-0.2682715837115565
F_suf_іжәлел,-0.2682715837115565
F_suf_жәлел,-0.2682715837115565
F_pre_абдіжә,-0.25028493241954647
L_таңатарқызы,0.3665955234466013
F_pre_азима,0.4059441763320926
F_азима,0.4059441763320926
F_suf_азима,0.4059441763320926
F_suf_зима,0.3190010344655315
L_орманов,-0.6030123361051455
F_suf_жас,-0.33026064470025873
F_suf_лжас,-0.33026064470025873
F_pre_олжас,-0.33026064470025873
F_олжас,-0.33026064470025873
F_pre_олжа,-0.33026064470025873
F_suf_олжас,-0.33026064470025873
F_pre_олж,-0.33026064470025873
L_булекбаева,0.526783240213024
F_інкәрбибі,0.3051234632821922
F_suf_әрбибі,0.3051234632821922
F_suf_рбибі,0.3051234632821922
F_suf_рчил,-0.3119775446484403
F_pre_арчил,-0.3119775446484403
F_pre_арчи,-0.3119775446484403
F_арчил,-0.3119775446484403
F_suf_арчил,-0.3119775446484403
F_suf_чил,-0.3119775446484403
F_pre_арч,-0.3119775446484403
F_suf_лдияр,-0.2922596016958295
F_pre_ілдия,-0.25913967137396693
F_pre_ілди,-0.25913967137396693
F_pre_ілдияр,-0.25913967137396693
F_suf_ілдияр,-0.25913967137396693
F_ілдияр,-0.25913967137396693
F_suf_адема,0.29494382690003196
F_адема,0.29494382690003196
F_абдижалилходжа,-0.5267596079118193
F_suf_лходжа,-0.5267596079118193
L_pre_иманба,0.03144416339216657
L_иманбаев,-0.49558098932720523
F_pre_абділж,-0.3074154584291966
F_suf_ділжан,-0.3074154584291966
F_абділжан,-0.3074154584291966
F_pre_агира,0.28199865826923853
F_suf_гира,0.28199865826923853
F_suf_агира,0.28199865826923853
F_агира,0.28199865826923853
F_pre_агир,0.28199865826923853
F_санжарбек,-0.2212273235838411
F_suf_жарбек,-0.2212273235838411
L_suf_разбек,-0.4697338623384407
L_оразбек,-0.4697338623384407
L_suf_денов,-0.4229980983418557
L_suf_рденов,-0.4229980983418557
L_шаймерденов,-0.4229980983418557
L_балтабекова,0.391279269933268
F_дурдона,0.22633074878159942
F_pre_дурд,0.22633074878159942
F_pre_дурдон,0.22633074878159942
F_suf_рдона,0.22633074878159942
F_pre_дур,0.22633074878159942
F_pre_дурдо,0.22633074878159942
F_suf_урдона,0.22633074878159942
F_suf_дона,0.22633074878159942
F_pre_шу,0.22637290949705685
F_suf_крона,0.22637290949705685
F_pre_шук,0.22637290949705685
F_pre_шукр,0.22637290949705685
F_suf_укрона,0.22637290949705685
F_шукрона,0.22637290949705685
F_pre_шукро,0.22637290949705685
F_pre_шукрон,0.22637290949705685
F_suf_аурел,-0.5346511653074555
F_аурел,-0.5346511653074555
L_pre_жұмашқ,0.45963789026784563
L_жұмашқызы,0.45963789026784563
L_suf_ашқызы,0.45963789026784563
L_садуакасова,0.3786906122080113
L_қалдыбаева,0.44584423288357117
F_pre_абаж,-0.285828466455708
F_suf_ажан,-0.285828466455708
F_suf_бажан,-0.285828466455708
F_pre_абажан,-0.285828466455708
F_абажан,-0.285828466455708
F_pre_абажа,-0.285828466455708
F_suf_абажан,-0.285828466455708
L_сарсенбаев,-0.42763139421421764
F_ілес,-0.6320799064854108
F_suf_ілес,-0.6320799064854108
F_даниель,-0.5134910847689899
F_suf_иель,-0.5134910847689899
F_suf_аниель,-0.5134910847689899
F_suf_ниель,-0.5134910847689899
L_сапаргалиева,0.39704331373779467
F_pre_аливи,0.2819815620864759
F_suf_аливия,0.2819815620864759
F_pre_алив,0.2819815620864759
F_pre_аливия,0.2819815620864759
F_аливия,0.2819815620864759
L_suf_машева,0.47866738434532297
L_курмашева,0.4404238563488956
F_suf_ббар,-0.2375898240241526
F_suf_жаббар,-0.2375898240241526
F_suf_аббар,-0.2375898240241526
F_абдижаббар,-0.2375898240241526
L_қамбарқызы,0.35106490253882355
L_pre_қамбар,0.013099047787913227
L_pre_қамба,0.013099047787913227
L_pre_қам,0.013099047787913227
L_pre_қамб,0.013099047787913227
F_suf_изакия,0.2986738727088098
F_pre_бибиза,0.2986738727088098
F_pre_бибиз,0.2986738727088098
F_бибизакия,0.2986738727088098
F_suf_акия,0.3230502856315056
F_suf_кия,0.3230502856315056
F_suf_закия,0.3230502856315056
F_pre_наг,0.22860159109467734
F_pre_наги,0.22860159109467734
F_pre_нагима,0.22860159109467734
F_нагима,0.22860159109467734
F_suf_агима,0.28650046608821966
F_suf_нагима,0.22860159109467734
F_pre_нагим,0.22860159109467734
L_тлеубаев,-0.514875829696175
F_алихан,-0.3364037370850517
F_pre_алих,-0.3364037370850517
F_pre_алихан,-0.3364037370850517
F_suf_алихан,-0.3364037370850517
F_pre_алиха,-0.3364037370850517
F_pre_абайх,-0.360764741536635
F_абайхан,-0.360764741536635
F_suf_байхан,-0.360764741536635
F_pre_абайха,-0.360764741536635
F_pre_каныш,0.295520011457306
F_канышай,0.295520011457306
F_suf_ышай,0.295520011457306
F_suf_анышай,0.295520011457306
F_suf_нышай,0.295520011457306
F_suf_шай,0.2946871786128617
F_pre_каныша,0.295520011457306
L_pre_есжа,-0.022483629000790324
L_есжанова,0.5133800240357198
L_pre_есжан,-0.022483629000790324
L_pre_есж,-0.022483629000790324
L_pre_есжано,-0.022483629000790324
L_suf_лым,-0.46193027191301145
L_ғалым,-0.46193027191301145
L_suf_ғалым,-0.46193027191301145
L_suf_алым,-0.46193027191301145
F_pre_ясир,-0.4758979325907471
F_suf_ясир,-0.4758979325907471
F_suf_сир,-0.4758979325907471
F_ясир,-0.4758979325907471
F_анджелина,0.34536117160513075
F_алиасқар,-0.364524750869699
F_pre_алиас,-0.364524750869699
F_pre_алиасқ,-0.364524750869699
F_абахан,-0.34307854745333827
F_pre_абаха,-0.34307854745333827
F_suf_абахан,-0.34307854745333827
F_suf_бахан,-0.34307854745333827
F_pre_абах,-0.34307854745333827
F_pre_абахан,-0.34307854745333827
F_ізетжан,-0.34144672035375184
F_pre_ізетж,-0.34144672035375184
F_suf_зетжан,-0.34144672035375184
F_pre_ізетжа,-0.34144672035375184
F_ализар,-0.4017874408229249
F_suf_ализар,-0.4017874408229249
F_pre_ализар,-0.4017874408229249
F_suf_лизар,-0.4017874408229249
F_suf_изар,-0.4017874408229249
F_suf_аза,0.6388541262255866
L_pre_алиқы,0.29656505722342635
L_pre_алиқ,0.29656505722342635
F_аза,0.6388541262255866
L_pre_алиқыз,0.29656505722342635
L_алиқызы,0.29656505722342635
L_pre_берді,0.0011232751669260966
L_pre_бердіб,0.0011232751669260966
L_бердібекқызы,0.3594275894161175
F_suf_умида,0.41661546640950115
L_булатова,0.5438878430344392
F_pre_умида,0.41661546640950115
F_suf_мида,0.41661546640950115
F_умида,0.41661546640950115
L_даниярова,0.4835633529986321
F_аделинамилана,0.22139146511202873
L_жунусов,-0.4392283305869163
L_жоламанов,-0.40959724467557085
F_pre_қуа,-0.301439157117006
F_қуаныш,-0.301439157117006
F_pre_қуаны,-0.301439157117006
F_pre_қуаныш,-0.301439157117006
F_suf_қуаныш,-0.301439157117006
F_suf_аныш,-0.301439157117006
F_pre_қуан,-0.301439157117006
F_pre_қу,-0.301439157117006
F_suf_уаныш,-0.301439157117006
L_пернебаева,0.375728722808638
L_раисова,0.4668751219234964
L_suf_аисова,0.4668751219234964
L_маханов,-0.37008585828439544
F_suf_яулым,0.3002388400433432
F_аяулым,0.3044560938326479
L_suf_зизова,0.4157815667289549
F_pre_аяул,0.3044560938326479
F_pre_аяу,0.3044560938326479
F_pre_аяулым,0.3044560938326479
F_pre_аяулы,0.3044560938326479
F_suf_аяулым,0.3044560938326479
L_газизова,0.4157815667289549
F_suf_улым,0.3002388400433432
F_эльдар,-0.31759882126752015
F_pre_эльд,-0.31759882126752015
F_suf_эльдар,-0.31759882126752015
L_suf_ұса,-0.5704919844947856
L_мұса,-0.5704919844947856
L_suf_мұса,-0.5704919844947856
F_pre_эльдар,-0.31759882126752015
F_pre_эльда,-0.31759882126752015
F_адлена,0.3963846351353518
F_pre_адлена,0.3963846351353518
F_suf_длена,0.3963846351353518
F_suf_адлена,0.3963846351353518
F_pre_акид,0.3427017848440632
F_pre_акида,0.3427017848440632
F_suf_акида,0.3427017848440632
F_акида,0.3427017848440632
F_suf_кида,0.3427017848440632
F_ирина,0.27339458533408595
F_pre_ир,0.2712433073853799
F_pre_ири,0.27339458533408595
F_suf_ирина,0.27339458533408595
F_pre_ирин,0.27339458533408595
F_pre_ирина,0.27339458533408595
L_pre_иба,0.023696066728438943
L_pre_ибадул,0.023696066728438943
L_pre_ибаду,0.023696066728438943
L_pre_ибад,0.023696066728438943
L_ибадуллақызы,0.6185593949520767
F_іңкәрайым,0.4563846079582387
F_suf_әрайым,0.4563846079582387
F_pre_адалат,0.3632172932797596
F_suf_далат,0.3632172932797596
F_адалат,0.3632172932797596
F_suf_адалат,0.3632172932797596
F_pre_адала,0.29794234862499797
F_suf_алат,0.3632172932797596
L_suf_алипов,-0.44828357165389476
L_suf_липов,-0.44828357165389476
L_талипов,-0.44828357165389476
L_pre_искал,0.02932421292893279
L_pre_искали,0.02932421292893279
L_искалиева,0.46777560782454064
L_абдуллина,0.4274304607319173
F_pre_вазг,-0.26438609587320533
F_pre_вазге,-0.26438609587320533
F_pre_ваз,-0.26438609587320533
F_suf_зген,-0.26438609587320533
F_pre_вазген,-0.26438609587320533
F_вазген,-0.26438609587320533
F_suf_азген,-0.26438609587320533
F_suf_вазген,-0.26438609587320533
F_іңкәрбала,-1.3617433513276171
F_suf_рбала,-0.1349304479394129
F_suf_бала,-0.1349304479394129
F_suf_әрбала,-0.1349304479394129
L_еркебаева,0.4217745916650335
F_suf_яш,0.3111263368609037
F_suf_ияш,0.3111263368609037
F_агияш,0.3111263368609037
F_suf_агияш,0.3111263368609037
F_pre_агияш,0.3111263368609037
F_suf_гияш,0.3111263368609037
L_манапқызы,0.47688562412914415
L_suf_апқызы,0.47688562412914415
L_pre_манапқ,0.47688562412914415
F_suf_дэля,0.2881559740511932
F_адэля,0.2881559740511932
F_suf_эля,0.2881559740511932
F_suf_адэля,0.2881559740511932
L_suf_лханов,-0.45627413034720227
L_сейлханов,-0.45627413034720227
L_махатов,-0.4295419272064733
L_suf_хатов,-0.4295419272064733
L_suf_ахатов,-0.4295419272064733
F_pre_зайнаф,0.31674915618176935
F_suf_зайнаф,0.31674915618176935
F_suf_йнаф,0.31674915618176935
F_suf_наф,0.31674915618176935
F_зайнаф,0.31674915618176935
F_suf_айнаф,0.31674915618176935
L_оразханқызы,0.47121899075425744
F_абдиали,-0.29133633196485254
F_suf_иали,-0.29133633196485254
F_pre_абдиал,-0.29133633196485254
F_suf_диали,-0.29133633196485254
F_suf_бдиали,-0.29133633196485254
F_pre_абдиа,-0.29133633196485254
F_suf_мза,-0.38534314000321185
F_абду хамза,-0.3414187648091651
F_suf_хамза,-0.38534314000321185
F_suf_амза,-0.38534314000321185
F_suf_ хамза,-0.3414187648091651
F_pre_абду х,-0.3414187648091651
L_сапарбеков,-0.5080482050774274
F_динара,0.22438219080167868
F_pre_динара,0.22438219080167868
F_suf_динара,0.22438219080167868
L_ибрагимова,0.4399793104244507
L_suf_гимова,0.4399793104244507
F_pre_динар,0.22438219080167868
L_куанышбаева,0.37029903115979784
F_suf_урика,0.27268319575665156
F_suf_аурика,0.27268319575665156
F_pre_аури,0.27268319575665156
F_pre_аурика,0.27268319575665156
F_аурика,0.27268319575665156
F_pre_аурик,0.27268319575665156
F_pre_жантө,-0.3061308172615813
F_жантөре,-0.3061308172615813
F_pre_жантөр,-0.3061308172615813
F_pre_жант,-0.3061308172615813
F_suf_айсана,0.2229129781719485
F_suf_йсана,0.2229129781719485
F_айсана,0.2229129781719485
F_suf_йзада,0.2117505414846354
F_айзада,0.2117505414846354
F_pre_айзада,0.2117505414846354
F_suf_айзада,0.2117505414846354
F_pre_айзад,0.2117505414846354
F_ислом,-0.34945746103843617
F_suf_слом,-0.34945746103843617
F_suf_лом,-0.34945746103843617
F_suf_ислом,-0.34945746103843617
F_suf_йдина,0.35855272890744366
F_айдина,0.35855272890744366
F_suf_айдина,0.35855272890744366
F_pre_айдина,0.35855272890744366
L_серғазықызы,0.511796211116519
F_suf_нурбек,-0.4706519939462965
F_айнурбек,-0.4706519939462965
L_pre_сагинд,0.02240078734632186
L_pre_сагин,0.02240078734632186
L_сагиндыков,-0.5171735798012909
F_pre_айнурб,-0.4706519939462965
F_suf_урбек,-0.36184157410894274
F_абдаррахман,-0.33985420096557156
F_suf_дарий,-0.4190892286036664
F_suf_арий,-0.3987998822005685
L_pre_габду,-0.06226305230517724
L_pre_габд,-0.06226305230517724
F_pre_дарий,-0.4190892286036664
L_габдуллин,-0.36918090360042577
F_дарий,-0.4190892286036664
L_pre_габдул,-0.06226305230517724
L_асанқызы,0.3315080404431079
L_pre_асанқы,0.3315080404431079
L_pre_асанқ,0.3315080404431079
F_pre_қар,0.32934531125446603
F_pre_қарақа,0.32934531125446603
F_suf_ақат,0.32934531125446603
F_pre_қара,0.32934531125446603
F_suf_қат,0.32934531125446603
F_pre_қарақ,0.32934531125446603
F_suf_рақат,0.32934531125446603
F_suf_арақат,0.32934531125446603
F_қарақат,0.32934531125446603
F_suf_йк,-0.6940543527287946
F_suf_айк,-0.6940543527287946
F_айк,-0.6940543527287946
F_suf_дийат,0.2941607847324347
L_тулеубаева,0.416788599304805
F_suf_адийат,0.2941607847324347
F_suf_ийат,0.2941607847324347
F_pre_адийа,0.2941607847324347
F_адийат,0.2941607847324347
F_pre_адийат,0.2941607847324347
F_suf_йат,0.2941607847324347
L_султангалиев,-0.43559564951223345
F_ажаржан,0.3573618832239291
F_suf_жаржан,0.3573618832239291
F_pre_ажарж,0.3573618832239291
F_pre_ажаржа,0.3573618832239291
F_ростислав,-0.2641441939706775
F_pre_рости,-0.2641441939706775
F_pre_рос,-0.2641441939706775
F_pre_рост,-0.2641441939706775
F_suf_тислав,-0.2641441939706775
F_pre_ростис,-0.2641441939706775
L_pre_уалиев,0.03611284842252109
L_уалиева,0.44148575343467
L_pre_уалие,0.03611284842252109
L_кенжегалиев,-0.5457721250913418
F_suf_верьян,-0.3383161242018927
F_аверьян,-0.3383161242018927
F_suf_ерьян,-0.3383161242018927
F_pre_аверья,-0.3383161242018927
F_pre_аверь,-0.3383161242018927
F_suf_рьян,-0.3383161242018927
F_suf_ерим,0.40404313181180607
F_айгерим,0.40404313181180607
F_suf_йгерим,0.40404313181180607
F_pre_айгери,0.40404313181180607
F_suf_герим,0.40404313181180607
F_стас,-0.48741446559035356
F_suf_стас,-0.48741446559035356
F_pre_стас,-0.48741446559035356
L_қасымбек,-0.41357171172084556
L_suf_сымбек,-0.41357171172084556
L_suf_ымбек,-0.41357171172084556
L_мусабаев,-0.3797077719398013
F_suf_ірасыл,-0.23236956694607233
F_абдірасыл,-0.23236956694607233
F_іңкәржібегім,0.290230309575177
F_pre_іңкәрж,0.542415931481567
F_suf_ібегім,0.290230309575177
F_suf_кулина,0.254293418818537
F_pre_акули,0.254293418818537
F_акулина,0.254293418818537
F_pre_акулин,0.254293418818537
F_suf_улина,0.254293418818537
F_pre_акул,0.254293418818537
F_pre_аку,0.254293418818537
F_агерім,0.3252377860018032
F_suf_агерім,0.3252377860018032
F_pre_агер,0.2798770983039359
F_pre_агері,0.3252377860018032
F_pre_агерім,0.3252377860018032
F_pre_дариға,0.3058478522766881
F_suf_иға,0.3058478522766881
F_suf_ариға,0.3058478522766881
F_suf_ға,0.3058478522766881
F_дариға,0.3058478522766881
F_suf_риға,0.3058478522766881
F_pre_дариғ,0.3058478522766881
F_suf_дариға,0.3058478522766881
L_pre_болатқ,0.4282368784330856
L_болатқызы,0.4282368784330856
L_айдар,-0.4561444807796692
L_suf_дар,-0.4561444807796692
L_suf_айдар,-0.4561444807796692
L_suf_йдар,-0.4561444807796692
F_тамар,0.5756070244997531
F_suf_амар,0.5756070244997531
F_suf_тамар,0.5756070244997531
L_нурмаганбетова,0.3749522542624262
F_suf_іғафур,-0.2515581093977542
F_suf_ғафур,-0.2515581093977542
L_suf_кабиев,-0.4716804682364547
L_кабиев,-0.4716804682364547
F_абдіғафур,-0.2515581093977542
F_suf_льали,-0.2712552672045281
F_абдельали,-0.2712552672045281
F_suf_ьали,-0.2712552672045281
F_suf_ельали,-0.2712552672045281
F_азизахан,0.45923011452744755
F_pre_азизах,0.45923011452744755
F_suf_захан,0.45923011452744755
F_suf_изахан,0.45923011452744755
L_ерғалиқызы,0.4058781152487001
L_pre_балабе,-0.0021706401087823565
L_балабекова,0.3227173119572941
L_pre_бала,-0.0021706401087823565
L_pre_балаб,-0.0021706401087823565
F_suf_йсара,0.22506857011438644
F_pre_айсара,0.22506857011438644
F_suf_айсара,0.22506857011438644
F_pre_айсар,0.22506857011438644
F_айсара,0.22506857011438644
F_pre_айды,-0.0696278548229275
F_айдынай,0.45775075659982967
F_pre_айдын,-0.0696278548229275
F_pre_айдына,0.45775075659982967
F_suf_йдынай,0.45775075659982967
L_мухамадиев,-0.4530210570955429
L_pre_мухама,-0.04842253579562928
L_нугуманов,-0.4167547865884926
F_pre_нұрдә,-0.2722967274196918
F_pre_нұрд,-0.27556769606802944
F_pre_нұрдәу,-0.2722967274196918
F_нұрдәулет,-0.2722967274196918
F_pre_оразх,-0.2680957616026102
F_suf_разхан,-0.2680957616026102
F_pre_ораз,-0.2680957616026102
F_suf_азхан,-0.2680957616026102
F_pre_ора,-0.2680957616026102
F_pre_оразха,-0.2680957616026102
F_оразхан,-0.2680957616026102
F_suf_игали,-0.27521169052904565
F_suf_дигали,-0.27521169052904565
F_абдигали,-0.27521169052904565
F_pre_айымг,0.2515312364207347
F_айымгуль,0.2515312364207347
F_suf_ымгуль,0.2515312364207347
F_pre_айымгу,0.2515312364207347
F_suf_исали,-0.2855455220168364
F_suf_дисали,-0.2855455220168364
F_suf_сали,-0.2855455220168364
F_абдисали,-0.2855455220168364
L_абдраимов,-0.40254409567487737
L_pre_какен,0.025950397918424847
F_suf_адэль,0.40453016981074114
L_pre_каке,0.025950397918424847
F_адэль,0.40453016981074114
L_какенова,0.49838694530029665
L_pre_какено,0.025950397918424847
F_pre_aйару,0.3200354509186952
F_pre_aйа,0.3200354509186952
F_suf_aйару,0.3200354509186952
F_pre_aйар,0.3200354509186952
F_aйару,0.3200354509186952
L_suf_ргеш,-0.43045337875418294
L_suf_еш,-0.43045337875418294
L_suf_геш,-0.43045337875418294
L_suf_ергеш,-0.43045337875418294
L_ергеш,-0.43045337875418294
F_алишер,-0.3350566139741211
F_suf_лишер,-0.3350566139741211
F_pre_алише,-0.3350566139741211
F_pre_алиш,0.028510102429195765
F_suf_ишер,-0.3350566139741211
F_pre_алишер,-0.3350566139741211
F_suf_алишер,-0.3350566139741211
F_suf_абас,-0.42007368239548787
F_pre_абас,-0.34113560133406173
F_абас,-0.42007368239548787
L_suf_ажитов,-0.3602758932550888
L_мажитов,-0.3602758932550888
L_suf_житов,-0.3602758932550888
F_pre_адрина,0.27035996458384487
F_pre_адрин,0.27035996458384487
F_адрина,0.27035996458384487
F_suf_дрина,0.27035996458384487
F_suf_адрина,0.27035996458384487
F_pre_берик,-0.3431564201407885
F_берик,-0.3431564201407885
F_suf_берик,-0.3431564201407885
F_pre_бери,-0.3431564201407885
F_pre_софья,0.28434350951393905
F_pre_софь,0.28434350951393905
F_suf_офья,0.28434350951393905
F_suf_фья,0.26501509540059154
F_suf_софья,0.28434350951393905
F_софья,0.28434350951393905
F_suf_рхат,-0.3443915414409795
F_pre_арха,-0.3443915414409795
F_архат,-0.3443915414409795
F_pre_архат,-0.3443915414409795
F_suf_архат,-0.3443915414409795
F_suf_лмінн,-0.25096938808999397
F_pre_абдб,-0.25096938808999397
F_pre_абдбіл,-0.25096938808999397
F_pre_абдбі,-0.25096938808999397
F_suf_інн,-0.25096938808999397
F_suf_мінн,-0.25096938808999397
F_suf_ілмінн,-0.25096938808999397
F_suf_нн,-0.25096938808999397
F_абдбілмінн,-0.25096938808999397
L_нұрғазы,-0.5396181569230704
L_suf_ұрғазы,-0.5396181569230704
L_кожанова,0.5514863730649585
L_pre_кожано,0.03130238303387187
L_pre_кожан,0.03130238303387187
L_suf_парбай,-0.43333751248360064
F_абдірашид,-0.21904538325932182
L_сапарбай,-0.43333751248360064
F_suf_ірашид,-0.21904538325932182
F_suf_йгул,0.358442453121796
F_suf_айгул,0.358442453121796
F_pre_айгу,0.31066776304808236
F_pre_айгул,0.31066776304808236
F_айгул,0.358442453121796
L_оспанова,0.6308700274427138
F_suf_адиям,0.36245814455225694
F_pre_адиям,0.36245814455225694
F_suf_диям,0.36245814455225694
F_адиям,0.36245814455225694
L_suf_лешов,-0.39349126873734885
L_тулешов,-0.39349126873734885
L_suf_улешов,-0.39349126873734885
F_агзам,-0.7027933780618378
F_suf_агзам,-0.7027933780618378
F_suf_гзам,-0.7027933780618378
F_pre_мариан,0.2363334506686049
F_марианна,0.2363334506686049
F_pre_мариа,0.2363334506686049
L_айдарханова,0.3835426988549458
F_suf_есжан,-0.3026443625301339
F_ілесжан,-0.3026443625301339
F_pre_ілесж,-0.3026443625301339
F_suf_лесжан,-0.3026443625301339
F_pre_ілесжа,-0.3026443625301339
L_тажибаев,-0.3637649788663022
L_suf_жибаев,-0.431990708922989
L_кудабаева,0.4303841979570157
F_suf_крам,-0.31788085236012537
F_suf_акрам,-0.33251452064630765
F_pre_акр,-0.33251452064630765
F_pre_акрам,-0.33251452064630765
F_pre_акра,-0.33251452064630765
F_акрам,-0.33251452064630765
L_жалгасбаева,0.3797940676950075
F_suf_чим,0.3527697730183882
F_pre_альчи,0.3527697730183882
F_альчим,0.3527697730183882
F_suf_ьчим,0.3527697730183882
F_suf_альчим,0.3527697730183882
F_pre_альч,0.3527697730183882
F_pre_альчим,0.3527697730183882
F_suf_льчим,0.3527697730183882
F_мадияр,-0.34238421440258243
F_pre_мадияр,-0.34238421440258243
F_pre_мадия,-0.34238421440258243
F_suf_адияр,-0.34238421440258243
F_suf_мадияр,-0.34238421440258243
F_suf_йжол,-0.41441953099068296
F_pre_айжо,-0.41441953099068296
F_айжол,-0.41441953099068296
F_suf_айжол,-0.41441953099068296
F_pre_айжол,-0.41441953099068296
F_алинамария,0.3334695935880927
F_pre_алинам,0.3334695935880927
F_інжуна,0.21182363996571216
F_pre_інжуна,0.24200794420788904
F_suf_жуна,0.21182363996571216
F_suf_інжуна,0.21182363996571216
F_suf_нжуна,0.21182363996571216
L_pre_дулатқ,0.4045715772805468
L_дулатқызы,0.4045715772805468
L_suf_сапар,-0.4569953439010925
L_сапар,-0.4569953439010925
L_suf_апар,-0.4569953439010925
L_suf_пар,-0.4569953439010925
L_досжанова,0.494577017603444
L_pre_досжан,0.031494447436558576
L_pre_досжа,0.031494447436558576
L_pre_досж,0.031494447436558576
L_оразалықызы,0.35803299302495667
F_suf_брам,-0.3377132840943095
F_pre_абрам,-0.3377132840943095
F_абрам,-0.3377132840943095
F_suf_абрам,-0.3377132840943095
F_suf_агерке,0.2450160558454727
F_pre_агерке,0.2450160558454727
F_suf_герке,0.2450160558454727
F_агерке,0.2450160558454727
F_pre_агерк,0.2450160558454727
F_аделаида,0.22606308634939035
F_pre_аделаи,0.22606308634939035
F_suf_елаида,0.22606308634939035
F_pre_аари,0.0539514731814844
F_pre_аарика,0.3738770554642904
F_suf_алиа,0.3738770554642904
F_suf_малиа,0.3738770554642904
F_аарикаамалиа,0.3738770554642904
F_suf_амалиа,0.3738770554642904
F_pre_аарик,0.3738770554642904
L_мустафаева,0.4336598768030979
L_suf_афаева,0.4336598768030979
L_suf_фаева,0.4336598768030979
L_pre_абиль,-0.0678685224876439
L_абильдаев,-0.39763782685645616
L_pre_абильд,-0.0678685224876439
L_suf_льдаев,-0.39763782685645616
L_suf_ьдаев,-0.39763782685645616
L_pre_мукаше,0.022640349013593672
L_мукашева,0.5194963201169607
L_pre_мукаш,0.022640349013593672
L_suf_манбек,-0.38088515664646394
L_құрманбек,-0.31960901226147964
F_suf_арзона,0.26268083856451246
F_фарзона,0.26268083856451246
F_pre_фарз,0.26268083856451246
F_suf_рзона,0.26268083856451246
F_suf_зона,0.26268083856451246
F_pre_фарзон,0.26268083856451246
F_pre_фарзо,0.26268083856451246
F_медина,0.2390482787119865
F_pre_медина,0.2390482787119865
F_pre_медин,0.2390482787119865
F_suf_медина,0.2390482787119865
F_pre_меди,0.2390482787119865
F_suf_едина,0.2390482787119865
L_жаксылыкова,0.37773756393339564
L_suf_лыкова,0.37773756393339564
L_назарбаева,0.5232524702266744
F_pre_эри,-0.35266947350755307
F_suf_рих,-0.35266947350755307
F_suf_эрих,-0.35266947350755307
F_эрих,-0.35266947350755307
F_pre_эрих,-0.35266947350755307
F_suf_басқан,-0.25254077068681596
F_pre_ізбасқ,-0.25254077068681596
F_ізбасқан,-0.25254077068681596
F_suf_асқан,-0.25254077068681596
F_suf_сқан,-0.2600751948162377
F_suf_ұрдос,-0.2789621902527252
F_suf_рдос,-0.2789621902527252
F_нұрдос,-0.2789621902527252
F_suf_нұрдос,-0.2789621902527252
F_pre_нұрдо,-0.2789621902527252
F_pre_нұрдос,-0.2789621902527252
F_suf_жангир,-0.28095894309910774
F_жангир,-0.28095894309910774
F_pre_жанги,-0.28095894309910774
F_pre_жанг,-0.28095894309910774
F_pre_жангир,-0.28095894309910774
L_suf_тенова,0.4680441344015569
L_утенова,0.4680441344015569
L_конысбаев,-0.42552916115847816
L_pre_айдаро,-0.015228007776270223
L_suf_дарова,0.4121860343405844
L_айдарова,0.4121860343405844
L_асқарбек,-0.41321628803650967
F_pre_абан,-0.4353530251407799
F_suf_абан,-0.4353530251407799
L_suf_қарбек,-0.41321628803650967
F_абан,-0.4353530251407799
F_мурад,-0.31845360927795485
F_suf_рад,-0.31845360927795485
F_suf_урад,-0.31845360927795485
F_suf_мурад,-0.31845360927795485
F_pre_мурад,-0.31845360927795485
F_suf_ірахим,-0.22503844490517383
F_абдірахим,-0.22503844490517383
F_pre_мех,0.24836928113689488
F_suf_хрона,0.24836928113689488
F_pre_мехро,0.24836928113689488
F_pre_мехрон,0.24836928113689488
F_suf_ехрона,0.24836928113689488
F_pre_мехр,0.24836928113689488
F_мехрона,0.24836928113689488
F_pre_ізмаға,-0.26844477566003155
F_ізмағанбет,-0.26844477566003155
F_pre_ізмағ,-0.26844477566003155
F_suf_ғанбет,-0.26844477566003155
L_suf_тұрар,-0.45133048759384553
F_pre_ідаһ,-0.2793200886756786
F_pre_ідаһім,-0.2793200886756786
L_suf_рар,-0.45133048759384553
F_ідаһім,-0.2793200886756786
L_suf_ұрар,-0.45133048759384553
F_pre_ідаһі,-0.2793200886756786
F_suf_ідаһім,-0.2793200886756786
F_pre_іда,-0.2793200886756786
L_тұрар,-0.45133048759384553
F_suf_даһім,-0.2793200886756786
F_suf_талина,0.31411470519523477
F_pre_антали,0.27624200454727366
F_анталина,0.27624200454727366
F_pre_анта,0.27624200454727366
F_pre_антал,0.27624200454727366
F_әдемі,0.3449004497648428
F_suf_әдемі,0.3449004497648428
F_pre_әдемі,0.3449004497648428
F_pre_әдем,0.3449004497648428
F_pre_әде,0.3449004497648428
F_pre_алия,0.5373316841802146
F_алия,0.5373316841802146
L_дүйсенбаева,0.41384267668727176
L_ерманова,0.45103652117998877
F_pre_абия,0.4975197907363339
F_абия,0.6161217725986842
F_suf_оз,-0.008512867436920908
F_pre_сарвин,0.39861956956419164
F_suf_ноз,0.3972830266417967
F_pre_сарви,0.39861956956419164
F_suf_иноз,0.3972830266417967
F_suf_рвиноз,0.3972830266417967
F_suf_виноз,0.3972830266417967
F_сарвиноз,0.3972830266417967
F_pre_азама,-0.35612461540974183
F_азамат,-0.35612461540974183
F_pre_азамат,-0.35612461540974183
F_suf_замат,-0.35612461540974183
F_pre_азам,-0.35612461540974183
F_suf_азамат,-0.35612461540974183
F_suf_гилия,0.24638498992663788
L_молдагалиева,0.4454740370640967
F_pre_агили,0.22927351502675114
F_агилия,0.24638498992663788
F_pre_агилия,0.24638498992663788
F_suf_агилия,0.24638498992663788
L_suf_уразов,-0.4362921429479966
L_уразов,-0.4362921429479966
F_адемау,0.2603047980050166
F_suf_мау,0.2603047980050166
F_suf_ау,0.2603047980050166
F_pre_адемау,0.2603047980050166
F_suf_адемау,0.2603047980050166
F_suf_емау,0.2603047980050166
F_suf_демау,0.2603047980050166
F_pre_ганджи,0.27605156206142156
F_ганджина,0.27605156206142156
F_suf_джина,0.27605156206142156
L_pre_бисенг,-0.002539343083928604
F_pre_гандж,0.27605156206142156
F_suf_жина,0.27605156206142156
F_suf_нджина,0.27605156206142156
F_pre_ганд,0.27605156206142156
L_бисенгалиева,0.4242017848272974
F_suf_асейт,-0.24893652675357117
F_suf_сейт,-0.24893652675357117
F_pre_абасей,-0.24893652675357117
F_suf_йт,-0.24893652675357117
F_suf_ейт,-0.24893652675357117
F_pre_абасе,-0.24893652675357117
F_suf_басейт,-0.24893652675357117
F_абасейт,-0.24893652675357117
F_suf_рената,0.3936630452056108
F_pre_рен,-0.06741294349774264
F_pre_рената,0.3936630452056108
F_рената,0.3936630452056108
L_абдирова,0.4406220122947773
L_suf_дирова,0.4274555987649133
F_pre_рена,-0.06741294349774264
F_pre_ренат,-0.06741294349774264
F_suf_ената,0.3936630452056108
L_касимова,0.48509383666403916
F_абдісанжар,-0.28815668840223013
L_кеңесбекқызы,0.5153284204277552
L_есенбаев,-0.3795420036691723
F_pre_алдиа,-0.2779162102602815
F_suf_алдиар,-0.2779162102602815
F_алдиар,-0.2779162102602815
F_pre_алдиар,-0.2779162102602815
F_suf_лдиар,-0.2779162102602815
F_suf_диар,-0.2779162102602815
F_suf_иар,-0.2779162102602815
F_pre_алди,-0.3079341670334621
F_suf_иссия,0.2821305825066481
F_pre_алисси,0.2821305825066481
F_алиссия,0.2821305825066481
F_pre_алисс,0.2821305825066481
F_suf_лиссия,0.2821305825066481
F_suf_лсу,0.4044739932847738
F_алсу,0.4044739932847738
F_pre_алс,0.4044739932847738
F_suf_алсу,0.4044739932847738
F_pre_алсу,0.4044739932847738
F_suf_әмил,-0.2331087216660356
F_suf_іжәмил,-0.2331087216660356
F_suf_жәмил,-0.2331087216660356
F_абдіжәмил,-0.2331087216660356
F_pre_тро,-0.2557284306920868
F_suf_рофим,-0.2557284306920868
F_pre_трофим,-0.2557284306920868
F_suf_офим,-0.2557284306920868
F_suf_трофим,-0.2557284306920868
F_pre_тр,-0.2557284306920868
F_pre_троф,-0.2557284306920868
F_трофим,-0.2557284306920868
F_pre_трофи,-0.2557284306920868
F_suf_йырхан,-0.2702263704546536
F_абілхайырхан,-0.2702263704546536
F_pre_көз,0.2859962523582892
F_pre_көзай,0.2859962523582892
F_pre_кө,0.280338860094978
F_көзайым,0.2859962523582892
F_suf_өзайым,0.2859962523582892
F_pre_көзайы,0.2859962523582892
F_pre_көза,0.2859962523582892
F_suf_саля,0.3068309978905964
F_suf_асаля,0.3068309978905964
F_асаля,0.3068309978905964
F_pre_асаля,0.3068309978905964
F_pre_азире,-0.34194392474327107
F_pre_азирет,-0.34194392474327107
F_азирет али,-0.33232509558298534
F_suf_ет али,-0.33232509558298534
F_pre_азир,-0.34194392474327107
F_suf_т али,-0.33232509558298534
F_suf_набану,0.2851213604754908
F_адинабану,0.2851213604754908
F_pre_пол,0.23102604582429284
F_pre_по,0.23102604582429284
F_pre_полин,0.23102604582429284
F_pre_полина,0.23102604582429284
F_suf_полина,0.23102604582429284
F_pre_поли,0.23102604582429284
F_suf_олина,0.2622791658036877
F_полина,0.23102604582429284
L_suf_сқар,-0.38362618135300297
L_асқар,-0.38362618135300297
L_suf_қар,-0.38362618135300297
L_suf_асқар,-0.38362618135300297
F_әмір,-0.4005324862205009
F_suf_мір,-0.4005324862205009
L_алимбеков,-0.3317413586378644
F_suf_әмір,-0.4005324862205009
F_suf_төлеу,-0.27416156735610114
F_suf_зтөлеу,-0.27416156735610114
F_ізтөлеу,-0.27416156735610114
F_suf_өлеу,-0.27416156735610114
F_pre_інжусе,0.2911837411565811
F_інжусезім,0.2911837411565811
F_pre_інжус,0.2911837411565811
F_suf_усезім,0.2911837411565811
F_suf_амази,-0.28148098056048426
F_рамази,-0.28148098056048426
F_suf_зи,-0.28148098056048426
F_suf_ази,-0.28148098056048426
L_сагындыков,-0.4471473004449493
F_suf_мази,-0.28148098056048426
F_pre_рамази,-0.28148098056048426
F_suf_рамази,-0.28148098056048426
L_suf_ериков,-0.4432222680227547
L_suf_риков,-0.4432222680227547
L_сериков,-0.4432222680227547
F_аиса,0.3871938918151185
F_suf_аиса,0.3871938918151185
F_pre_аиса,0.3871938918151185
L_suf_ланов,-0.4703025048360875
L_нурланов,-0.4703025048360875
L_suf_рланов,-0.4703025048360875
F_suf_адемим,0.32034086222974756
F_suf_демим,0.32034086222974756
F_suf_мим,0.32034086222974756
F_pre_адемим,0.32034086222974756
F_адемим,0.32034086222974756
F_suf_емим,0.32034086222974756
L_сержанқызы,0.40056033869983154
F_pre_наталь,0.27040486474136854
F_suf_аталья,0.27040486474136854
F_pre_ната,0.27040486474136854
F_suf_талья,0.27040486474136854
F_наталья,0.27040486474136854
F_pre_натал,0.27040486474136854
L_pre_иманг,-0.051223357764624666
L_имангалиев,-0.4126550932292896
L_pre_иманга,-0.051223357764624666
L_сарсенгалиева,0.414455858041288
L_оспанқызы,0.3855629617320347
L_pre_оспанқ,0.3855629617320347
L_алтаев,-0.4990363408853621
L_suf_алтаев,-0.4990363408853621
L_suf_лтаев,-0.4990363408853621
L_кумаров,-0.5187525967996671
L_pre_дуйсеб,0.06358642639063344
L_suf_себаев,-0.3719343466253185
L_дуйсебаев,-0.3719343466253185
F_гүлназ,0.27199089596284576
F_suf_лназ,0.27199089596284576
F_pre_гүлназ,0.27199089596284576
F_pre_гүлна,0.27199089596284576
F_suf_үлназ,0.27199089596284576
F_pre_гүлн,0.27199089596284576
F_pre_гүл,0.27199089596284576
F_pre_гү,0.27199089596284576
F_suf_гүлназ,0.27199089596284576
L_куралбаев,-0.41471266552015335
L_асылбеков,-0.4445916232925443
F_suf_ндана,0.21936196373683645
F_аделиндана,0.21936196373683645
L_сайлаубекқызы,0.5824087569304649
F_suf_индана,0.21936196373683645
F_pre_закар,-0.5369726064440833
F_pre_зака,-0.5369726064440833
F_закария,-0.5369726064440833
F_suf_кария,-0.5369726064440833
F_suf_акария,-0.5369726064440833
F_pre_зак,-0.11444871194873057
F_pre_закари,-0.5369726064440833
F_інкәрай,0.30986672311084984
F_suf_нкәрай,0.30986672311084984
F_pre_інкәра,0.30986672311084984
L_мұқанқызы,0.3763140814849377
L_pre_мұқанқ,0.3763140814849377
L_батырбаева,0.340019759898998
L_ажибаев,-0.5172527789263365
L_аманова,0.5102843284996809
F_pre_сәт,-0.5349884977665903
F_pre_сә,-0.5349884977665903
F_сәт,-0.5349884977665903
F_suf_сәт,-0.5349884977665903
L_карибаева,0.4090029132398608
F_аяна,0.42281458956866236
F_pre_авива,0.2927306600641188
F_pre_авив,0.2927306600641188
F_suf_вива,0.2927306600641188
F_авива,0.2927306600641188
F_suf_авива,0.2927306600641188
F_suf_ива,0.29179002044021385
L_pre_есенге,-0.035257540111268554
L_есенгелді,-0.49912668435662894
L_рахымқызы,0.3470555289357013
L_pre_рахымқ,0.3470555289357013
F_анастосия,0.2525100196393924
F_suf_стосия,0.2525100196393924
F_pre_анасто,0.2525100196393924
F_suf_тосия,0.2525100196393924
L_русланұлы,-0.37900709253563686
F_pre_ясмин,0.24787015658727476
F_pre_ясми,0.24787015658727476
F_pre_ясмина,0.24787015658727476
F_suf_ясмина,0.24787015658727476
F_pre_ясм,0.24787015658727476
F_ясмина,0.24787015658727476
F_pre_абарх,-0.26984086864755874
F_pre_абар,-0.26984086864755874
F_абархан,-0.26984086864755874
F_suf_бархан,-0.26984086864755874
F_pre_абарха,-0.26984086864755874
F_suf_лқан,-0.2707093596340254
F_suf_ілқан,-0.2707093596340254
L_suf_ғатұлы,-0.5212966066063488
L_талғатұлы,-0.5212966066063488
F_абілқан,-0.2707093596340254
F_suf_білқан,-0.2707093596340254
F_suf_зария,0.3518719152014691
F_suf_азария,0.3518719152014691
F_pre_азари,-0.061701652005561845
F_pre_азар,-0.061701652005561845
F_азария,0.3518719152014691
F_pre_азария,0.3518719152014691
L_pre_хамз,-0.003451513397862102
L_pre_хамзи,-0.003451513397862102
L_хамзина,0.47337812801441753
L_pre_хамзин,-0.003451513397862102
F_suf_амили,0.5001010449171689
F_suf_или,0.5001010449171689
F_амили,0.5001010449171689
F_pre_амили,0.5001010449171689
F_suf_мили,0.5001010449171689
L_асылбекқызы,0.6242385020305216
F_suf_го,0.27037437706937156
F_suf_дауго,0.27037437706937156
F_suf_ауго,0.27037437706937156
F_suf_адауго,0.27037437706937156
F_адалинадауго,0.27037437706937156
F_suf_уго,0.27037437706937156
F_pre_эдуард,-0.24685291723468156
F_suf_эдуард,-0.24685291723468156
F_suf_уард,-0.24685291723468156
F_suf_дуард,-0.24685291723468156
F_эдуард,-0.24685291723468156
F_pre_эдуар,-0.24685291723468156
F_pre_эдуа,-0.24685291723468156
F_pre_эду,-0.24685291723468156
F_pre_риа,0.28243941707582315
F_риана,0.28243941707582315
F_pre_риан,0.28243941707582315
F_pre_риана,0.28243941707582315
F_pre_адива,0.29083614658327805
F_адива,0.29083614658327805
F_pre_адив,0.29083614658327805
F_suf_адива,0.29083614658327805
L_нурбекова,0.4856884329417008
F_suf_дива,0.29083614658327805
L_нурмагамбетов,-0.3980616206726804
F_suf_рта,0.3684709286870913
F_suf_арта,0.3684709286870913
F_марта,0.3684709286870913
F_pre_марта,0.3684709286870913
F_suf_марта,0.3684709286870913
F_suf_джи,-0.30732542390559914
F_suf_лхаджи,-0.30732542390559914
F_абдулхаджи,-0.30732542390559914
F_suf_жи,-0.30732542390559914
F_suf_хаджи,-0.30732542390559914
F_suf_аджи,-0.30732542390559914
F_марьям,0.3121015975619266
F_suf_арьям,0.3121015975619266
F_pre_марьям,0.30111936999455957
F_suf_ьям,0.3121015975619266
F_suf_рьям,0.3121015975619266
F_suf_марьям,0.3121015975619266
F_pre_марья,0.30111936999455957
F_pre_марь,0.30111936999455957
F_pre_рабия,0.2959022796002833
F_pre_раби,0.2959022796002833
F_suf_рабия,0.2959022796002833
F_рабия,0.2959022796002833
F_pre_раб,0.2959022796002833
F_suf_илял,-0.3317900041520705
F_билял,-0.3317900041520705
F_suf_лял,-0.3317900041520705
F_pre_биля,-0.3317900041520705
F_suf_билял,-0.3317900041520705
F_pre_билял,-0.3317900041520705
F_абылқасым,-0.32987510935208936
F_pre_абылқ,-0.32987510935208936
F_pre_абылқа,-0.32987510935208936
F_pre_аллен,-0.4500343046349649
F_аллен,-0.4500343046349649
F_suf_ллен,-0.4500343046349649
F_suf_аллен,-0.4500343046349649
F_suf_рауф,-0.2926123582715328
F_suf_дурауф,-0.2926123582715328
F_suf_урауф,-0.2926123582715328
F_suf_ауф,-0.2926123582715328
F_абдурауф,-0.2926123582715328
L_suf_замат,-0.43541138865975304
L_suf_азамат,-0.43541138865975304
L_азамат,-0.43541138865975304
F_pre_ульян,0.26067028743040327
F_pre_уль,0.26067028743040327
F_ульяна,0.26067028743040327
F_pre_ульяна,0.26067028743040327
F_suf_ульяна,0.26067028743040327
F_pre_улья,0.26067028743040327
L_жақыпқызы,0.372885838665648
L_pre_жақыпқ,0.372885838665648
L_suf_ыпқызы,0.372885838665648
F_ілескүл,0.49786899268892293
F_suf_ескүл,0.49786899268892293
F_suf_скүл,0.35973330292971323
F_suf_лескүл,0.49786899268892293
F_pre_ілескү,0.49786899268892293
F_suf_лали,0.7330000341225698
F_лали,0.7330000341225698
F_pre_алимха,-0.3711739070522598
F_pre_алимх,-0.3711739070522598
L_suf_забай,-0.3501630262366443
L_мырзабай,-0.3501630262366443
L_suf_рзабай,-0.3501630262366443
F_suf_лимхан,-0.3711739070522598
F_алимхан,-0.3711739070522598
F_pre_ізетал,-0.3713155960412511
F_suf_тали,-0.3307242108690071
F_suf_етали,-0.3713155960412511
F_ізетали,-0.3713155960412511
F_suf_зетали,-0.3713155960412511
F_билол,-0.3379476980933712
F_pre_билол,-0.3379476980933712
F_pre_било,-0.3379476980933712
F_suf_билол,-0.3379476980933712
F_suf_илол,-0.3379476980933712
F_абдель,-0.47374083262832345
F_suf_бдель,-0.47374083262832345
F_suf_абдель,-0.47374083262832345
F_абдіғали,-0.26695394785630544
F_pre_аексан,-0.23546239059189075
F_pre_аекса,-0.23546239059189075
F_pre_аекс,-0.23546239059189075
F_аександр,-0.23546239059189075
F_pre_аек,-0.23546239059189075
F_suf_нежана,0.22642743646059008
F_снежана,0.22642743646059008
F_suf_ежана,0.22642743646059008
L_сейдахметова,0.4562593190450315
L_suf_имқызы,0.467724297405037
L_ибрагимқызы,0.467724297405037
F_suf_нелия,0.24253852607302248
F_suf_анелия,0.24253852607302248
F_анелия,0.24253852607302248
F_pre_анелия,0.24253852607302248
F_pre_адиба,0.3041201264007203
F_pre_адиб,0.3041201264007203
F_адиба,0.3041201264007203
F_suf_адиба,0.3041201264007203
F_suf_диба,0.3041201264007203
L_иманкулов,-0.43363696451189787
F_давид,-0.3277469337601364
F_suf_вид,-0.3277469337601364
F_suf_авид,-0.3277469337601364
F_suf_давид,-0.3277469337601364
L_боранбаев,-0.3673036825772727
F_pre_ибраһи,-0.25397516406750226
F_ибраһим,-0.25397516406750226
F_pre_ибраһ,-0.25397516406750226
L_жумашева,0.500850036044677
F_pre_іздес,0.406557469961723
F_suf_еңгүл,0.406557469961723
F_suf_сеңгүл,0.406557469961723
F_іздесеңгүл,0.406557469961723
F_suf_ңгүл,0.406557469961723
F_pre_іздесе,0.406557469961723
L_pre_жең,-0.0371389586489717
L_pre_жеңі,-0.0371389586489717
L_pre_жеңіс,-0.0371389586489717
L_pre_жеңісқ,0.368302799989541
L_жеңісқызы,0.368302799989541
F_pre_алиман,0.48189708339083415
F_suf_алиман,0.48189708339083415
F_pre_алима,0.45469032309705704
F_алиман,0.48189708339083415
F_suf_лиман,0.48189708339083415
F_suf_иман,0.48189708339083415
F_suf_глена,0.1900434055182999
F_аглена,0.1900434055182999
F_pre_аглена,0.1900434055182999
F_pre_аглен,0.3659985135533573
F_suf_аглена,0.1900434055182999
F_suf_йжамал,0.4620031576831274
F_pre_айжама,0.4620031576831274
L_suf_сипова,0.4714201792509511
L_жусипова,0.4714201792509511
F_айжамал,0.4620031576831274
F_pre_айжам,0.4620031576831274
L_тұрсынқызы,0.5905805914461354
L_сулейманова,0.41977262806791354
F_абдррахим,-0.35412365474675933
F_pre_абдрр,-0.35412365474675933
F_pre_абдрра,-0.35412365474675933
L_pre_баймах,-0.013088119704558443
L_баймаханова,0.41373224101711936
L_жумабекова,0.5264192748029057
F_pre_давн,0.2987642555888503
F_давния,0.2987642555888503
L_омарбекова,0.44220039483210677
F_pre_давния,0.2987642555888503
F_suf_авния,0.2987642555888503
F_pre_давни,0.2987642555888503
F_suf_вния,0.2987642555888503
F_suf_давния,0.2987642555888503
F_самир,-0.589687303669675
F_suf_имрон,-0.4351335859793467
F_имрон,-0.4351335859793467
L_suf_шыбай,-0.3528726107824002
L_қойшыбай,-0.3528726107824002
L_suf_йшыбай,-0.3528726107824002
L_утебаева,0.4290497485871362
F_pre_билал,-0.35997980980207467
F_pre_била,-0.35997980980207467
F_suf_билал,-0.35997980980207467
F_suf_лал,-0.35997980980207467
F_suf_илал,-0.35997980980207467
F_билал,-0.35997980980207467
L_нұрлыбекқызы,0.44176105765623197
L_pre_камалқ,0.37050622078095247
L_камалқызы,0.37050622078095247
L_pre_айткал,0.04095150471028892
L_айткалиева,0.4793993636828455
L_pre_айтка,0.04095150471028892
F_pre_адаша,0.29406835602868486
F_pre_адашай,0.29406835602868486
F_suf_адашай,0.29406835602868486
F_suf_ашай,0.29406835602868486
F_адашай,0.29406835602868486
F_suf_дашай,0.29406835602868486
F_илья,-0.8991859900068936
F_юлюс,-0.4009726268930876
F_suf_люс,-0.4009726268930876
F_suf_юлюс,-0.4009726268930876
F_pre_юлю,-0.4009726268930876
F_suf_юс,-0.4009726268930876
F_pre_юлюс,-0.4009726268930876
F_агнур,0.47878702801436834
F_suf_агнур,0.47878702801436834
F_suf_гнур,0.47878702801436834
F_suf_тастар,-0.2518144227223639
F_suf_стар,-0.2518144227223639
F_pre_ізтаст,-0.2518144227223639
F_ізтастар,-0.2518144227223639
F_pre_ізта,-0.3155853329629828
F_pre_ізтас,-0.2518144227223639
F_suf_астар,-0.2518144227223639
F_suf_иғани,-0.31153573019646724
F_suf_диғани,-0.31153573019646724
F_абдиғани,-0.31153573019646724
L_умирзакова,0.44219929425021565
L_нұрсұлтан,-0.5035818106182022
L_тәңірберген,-0.46267484087312977
F_абдинаби,-0.34467282515155123
F_suf_инаби,-0.34467282515155123
F_pre_абдина,0.06290012560167922
F_suf_динаби,-0.34467282515155123
F_pre_алемжа,-0.3464010916730387
F_pre_алем,-0.3464010916730387
F_pre_алемж,-0.3464010916730387
F_suf_емжан,-0.3464010916730387
F_suf_лемжан,-0.3464010916730387
F_алемжан,-0.3464010916730387
F_pre_ун,0.2804039710279229
F_pre_унс,0.2804039710279229
F_pre_унсына,0.2804039710279229
F_унсынай,0.2804039710279229
F_pre_унсын,0.2804039710279229
F_pre_унсы,0.2804039710279229
F_suf_нсынай,0.2804039710279229
F_suf_сынай,0.2804039710279229
F_suf_іқадір,-0.2726375032823502
F_suf_адір,-0.2726375032823502
F_suf_қадір,-0.2726375032823502
F_абдіқадір,-0.2726375032823502
F_suf_aяулым,0.29615679474986506
F_aяулым,0.29615679474986506
F_pre_aяу,0.29615679474986506
F_pre_aяул,0.29615679474986506
F_pre_aяулы,0.29615679474986506
F_pre_aяулым,0.29615679474986506
L_искакова,0.41229190183718895
F_suf_ииа,0.29749727626926403
F_pre_адии,0.29749727626926403
F_suf_адииа,0.29749727626926403
F_pre_адииа,0.29749727626926403
F_адииа,0.29749727626926403
F_suf_дииа,0.29749727626926403
L_suf_женов,-0.3747284098581329
L_suf_аженов,-0.3747284098581329
L_pre_таже,-0.0071760801452636505
L_pre_тажено,-0.0071760801452636505
L_pre_тажен,-0.0071760801452636505
L_таженов,-0.3747284098581329
F_suf_льбин,-0.5012196265578471
F_suf_альбин,-0.5012196265578471
F_suf_бин,-0.5012196265578471
F_альбин,-0.5012196265578471
F_suf_ьбин,-0.5012196265578471
L_амангельдықызы,0.3693315846349836
F_suf_ндила,0.2321575918660421
F_pre_інд,0.2321575918660421
F_pre_індил,0.2321575918660421
F_індила,0.2321575918660421
F_pre_інди,0.2321575918660421
F_suf_індила,0.2321575918660421
F_pre_індила,0.2321575918660421
F_pre_ақтұйғ,0.33000892077150995
L_сабирова,0.49612916742101326
F_suf_тұйғын,0.33000892077150995
F_pre_ақтұй,0.33000892077150995
F_suf_йғын,0.33000892077150995
F_ақтұйғын,0.33000892077150995
L_suf_бирова,0.49612916742101326
F_suf_ұйғын,0.33000892077150995
F_pre_ақт,0.33000892077150995
F_pre_ақтұ,0.33000892077150995
L_танирбергенова,0.4414588851079179
F_suf_рнұр,-0.34282854670946455
F_pre_арнұр,-0.3488532361712808
F_suf_арнұр,-0.3488532361712808
F_pre_арн,-0.3488532361712808
F_арнұр,-0.3488532361712808
F_pre_арнұ,-0.3488532361712808
F_suf_угафур,-0.270370634188126
F_pre_абдуг,-0.270370634188126
F_абдугафур,-0.270370634188126
F_pre_абдуга,-0.270370634188126
F_suf_адеа,0.3719586419696091
F_адеа,0.3719586419696091
F_suf_деа,0.3719586419696091
F_suf_еа,0.3719586419696091
L_suf_карова,0.41117794151977777
L_аскарова,0.41117794151977777
F_pre_адеа,0.3719586419696091
F_suf_дилә,0.35515589884447374
F_pre_адилә,0.35515589884447374
F_suf_илә,0.35515589884447374
F_адилә,0.35515589884447374
F_suf_лә,0.35515589884447374
F_suf_адилә,0.35515589884447374
F_suf_лисо,0.3418597729536068
F_элисо,0.3418597729536068
F_pre_элисо,0.3418597729536068
F_pre_элис,0.3418597729536068
F_suf_элисо,0.3418597729536068
F_suf_исо,0.3418597729536068
F_suf_улу,0.36309679237983855
F_айсулу,0.36309679237983855
F_suf_сулу,0.36309679237983855
F_suf_айсулу,0.36309679237983855
F_suf_йсулу,0.36309679237983855
L_сапарова,0.5330341249529195
L_раева,0.5404568201478265
L_pre_раева,0.5404568201478265
L_suf_раева,0.4842697860958731
F_давлат,-0.31252630457086494
F_suf_влат,-0.31252630457086494
F_suf_авлат,-0.31252630457086494
F_suf_давлат,-0.31252630457086494
F_хадиджа,0.31642200426813444
F_suf_иджа,0.31642200426813444
F_suf_диджа,0.31642200426813444
F_pre_хадид,0.31642200426813444
F_pre_хадидж,0.31642200426813444
F_suf_адиджа,0.31642200426813444
F_suf_лвасит,-0.2659210834832742
F_абдулвасит,-0.2659210834832742
F_pre_абдулв,-0.2659210834832742
F_suf_сит,-0.2659210834832742
F_suf_васит,-0.2659210834832742
F_suf_асит,-0.2659210834832742
L_усербаев,-0.46151518990370943
F_pre_әй,0.31087200412835253
F_pre_әйг,0.31087200412835253
F_pre_әйгер,0.31087200412835253
F_әйгерім,0.31087200412835253
F_pre_әйгері,0.31087200412835253
F_pre_әйге,0.31087200412835253
L_suf_рдібек,-0.37390267966167323
L_suf_дібек,-0.37390267966167323
L_бердібек,-0.37390267966167323
L_серік,-0.47248853952282627
L_suf_серік,-0.47248853952282627
F_pre_заңға,-0.2900504269840346
L_нурахметов,-0.40360669832889684
F_pre_заң,-0.2900504269840346
F_suf_аңғар,-0.2900504269840346
F_suf_ңғар,-0.2900504269840346
F_pre_заңғар,-0.2900504269840346
F_pre_заңғ,-0.2900504269840346
F_suf_ғар,-0.2900504269840346
F_suf_заңғар,-0.2900504269840346
F_заңғар,-0.2900504269840346
F_suf_ллон,-0.34526558445520283
F_pre_аполл,-0.34526558445520283
F_suf_поллон,-0.34526558445520283
F_suf_оллон,-0.34526558445520283
F_suf_лон,-0.34526558445520283
F_аполлон,-0.34526558445520283
F_pre_аполло,-0.34526558445520283
F_нурислам,-0.32707504261841996
F_pre_нурисл,-0.32707504261841996
F_pre_нурис,-0.32707504261841996
F_надежда,0.27244228835489803
F_pre_наде,0.27244228835489803
L_suf_уатова,0.5642921568458653
F_suf_ежда,0.27244228835489803
F_pre_надеж,0.27244228835489803
F_suf_дежда,0.27244228835489803
F_suf_адежда,0.27244228835489803
L_куатова,0.5642921568458653
F_suf_жда,0.27244228835489803
F_pre_надежд,0.27244228835489803
F_suf_ышукур,-0.25091355819882655
F_pre_абдышу,-0.25091355819882655
F_абдышукур,-0.25091355819882655
F_pre_абдыш,-0.25091355819882655
F_suf_шукур,-0.2568222584088836
F_suf_укур,-0.2568222584088836
F_suf_кур,-0.2568222584088836
F_pre_абды,-0.2848486857839462
L_suf_ырқызы,0.4250856705726068
L_pre_сабырқ,0.4818440388396669
L_сабырқызы,0.4818440388396669
L_раимбекова,0.604369860838993
L_pre_раимбе,-0.04824639637439795
L_pre_раим,-0.04824639637439795
L_pre_раимб,-0.04824639637439795
F_дариан,-0.34553392210992984
F_suf_ариан,-0.4396800535914824
F_suf_дариан,-0.34553392210992984
F_pre_дариа,0.029712005486158266
F_pre_дариан,-0.34553392210992984
L_байбосынов,-0.4437575606588247
F_pre_аниса,0.3304052986184723
F_аниса,0.3304052986184723
F_suf_аниса,0.3304052986184723
L_жақсыбаева,0.3730444174464842
L_таубаева,0.39547898037694196
F_suf_лнәр,0.41510877025932624
F_suf_ілнәр,0.41510877025932624
F_ілнәр,0.41510877025932624
F_pre_ілнәр,0.41510877025932624
F_pre_ілнә,0.41510877025932624
F_pre_ілн,-0.043190144803625395
F_аглен,0.4945177859557327
F_suf_аглен,0.4945177859557327
F_suf_глен,0.4945177859557327
F_pre_абуфа,0.3119425005995663
F_pre_абуфат,0.3119425005995663
F_pre_абуф,0.3119425005995663
F_абуфатима,0.3119425005995663
L_suf_кашев,-0.4254826174146463
L_макашев,-0.42799653785970354
L_suf_акашев,-0.42799653785970354
F_suf_әржан,0.1421113276345972
F_іңкәржан,0.7355056257895769
F_suf_кәржан,0.1421113276345972
F_suf_нозима,0.23696021689368235
F_pre_нози,0.23696021689368235
F_pre_ноз,0.23696021689368235
F_нозима,0.23696021689368235
F_pre_нозим,0.23696021689368235
F_pre_нозима,0.23696021689368235
F_suf_озима,0.23696021689368235
F_suf_дақ,-0.33177946272173175
F_suf_абдақ,-0.33177946272173175
F_абдақ,-0.33177946272173175
F_suf_бдақ,-0.33177946272173175
F_pre_абдақ,-0.33177946272173175
L_кадырова,0.4782638712038308
L_suf_дырова,0.4782638712038308
L_сарсембаев,-0.40206735911939817
L_агибаев,-0.4766184332297995
L_suf_гибаев,-0.4766184332297995
F_suf_елайда,0.2051617364457876
F_аделайда,0.2051617364457876
F_suf_айда,0.42566045465041574
F_suf_лайда,0.2051617364457876
F_pre_аделай,0.2051617364457876
L_кушербаева,0.364690071870475
L_suf_дашева,0.39808049399307893
L_pre_молдаш,0.04595867708156065
L_молдашева,0.39808049399307893
L_сегизбаев,-0.40585676942442916
F_pre_абайдо,-0.3743378313046244
F_suf_олла,-0.3743378313046244
F_suf_йдолла,-0.3743378313046244
F_абайдолла,-0.3743378313046244
F_suf_долла,-0.3743378313046244
F_нурэл,-0.34848036531993465
F_pre_нурэл,-0.34848036531993465
F_suf_нурэл,-0.34848036531993465
F_suf_урэл,-0.34848036531993465
F_pre_нурэ,-0.34848036531993465
F_suf_рэл,-0.34848036531993465
L_егембердиева,0.36368071324640167
L_pre_егемб,0.05461366723949633
L_pre_еге,0.05461366723949633
L_pre_егем,0.05461366723949633
L_suf_рдиева,0.36368071324640167
F_pre_көрке,0.2737524654569625
F_pre_көркем,0.2737524654569625
F_pre_көр,0.2737524654569625
L_pre_егембе,0.05461366723949633
F_pre_көрк,0.2737524654569625
F_көркем,0.2737524654569625
L_нұрмахан,-0.4616599941327923
L_suf_ніс,-0.4091676110871846
L_suf_жүніс,-0.4091676110871846
L_suf_үніс,-0.4091676110871846
L_жүніс,-0.4091676110871846
L_suf_іс,-0.41154761404844364
L_қадырқызы,0.3638917215604236
L_pre_қадырқ,0.3638917215604236
L_suf_ахым,-0.4357271715732172
L_suf_рахым,-0.4357271715732172
L_suf_хым,-0.4357271715732172
L_рахым,-0.4357271715732172
L_pre_көше,0.00504472119365742
L_pre_кө,0.00504472119365742
L_suf_ербай,-0.42374135416315106
L_pre_көш,0.00504472119365742
L_pre_көшерб,0.00504472119365742
L_pre_көшер,0.00504472119365742
L_suf_шербай,-0.42374135416315106
L_көшербай,-0.42374135416315106
L_suf_мұхит,-0.38701213361095066
L_suf_ұхит,-0.38701213361095066
L_pre_мұхи,-0.02238049427310882
L_suf_хит,-0.38701213361095066
L_мұхит,-0.38701213361095066
L_pre_мұхит,-0.02238049427310882
F_ақбота,0.23863847890622736
F_suf_ота,0.23863847890622736
F_pre_ақбо,0.23863847890622736
F_pre_ақбота,0.23863847890622736
F_pre_ақб,0.23863847890622736
F_suf_бота,0.23863847890622736
F_suf_қбота,0.23863847890622736
F_pre_ақбот,0.23863847890622736
F_suf_ақбота,0.23863847890622736
L_исатаева,0.4030432126338314
F_suf_самвел,-0.3062315011006489
F_pre_самве,-0.3062315011006489
F_suf_мвел,-0.3062315011006489
F_самвел,-0.3062315011006489
F_suf_амвел,-0.3062315011006489
F_pre_самвел,-0.3062315011006489
F_pre_самв,-0.3062315011006489
F_suf_кадия,0.5146812963642188
F_pre_арка,-0.002469309395419687
F_аркадия,0.5146812963642188
F_pre_аркад,-0.002469309395419687
F_pre_арк,-0.002469309395419687
F_pre_аркади,-0.002469309395419687
F_suf_ркадия,0.5146812963642188
L_есжанов,-0.39093900580018764
L_suf_сжанов,-0.4207893878404717
F_pre_aйш,0.3808834968478923
F_pre_aйша,0.3808834968478923
F_aйша,0.3808834968478923
F_suf_aйша,0.3808834968478923
L_арыстанова,0.4175651881807437
F_pre_ильф,-0.3310568506797083
F_suf_льфат,-0.3310568506797083
F_pre_ильфат,-0.3310568506797083
F_suf_ильфат,-0.3310568506797083
F_suf_ьфат,-0.3310568506797083
F_pre_ильфа,-0.3310568506797083
F_ильфат,-0.3310568506797083
L_кыдырбаев,-0.39378927133666747
F_suf_иярбек,-0.34451801713917246
F_suf_ярбек,-0.34451801713917246
F_pre_диярбе,-0.34451801713917246
F_pre_диярб,-0.34451801713917246
F_диярбек,-0.34451801713917246
L_suf_рдиев,-0.517006263936992
L_suf_ердиев,-0.517006263936992
L_егембердиев,-0.517006263936992
L_нурмуханова,0.4110759262086286
F_pre_шәм,-0.25321176655102234
F_suf_шіддин,-0.25321176655102234
F_pre_шәмшід,-0.25321176655102234
F_pre_шәмш,-0.25321176655102234
F_pre_шәмші,-0.25321176655102234
F_шәмшіддин,-0.25321176655102234
F_pre_шә,-0.25321176655102234
F_suf_іддин,-0.25321176655102234
F_suf_омбек,-0.22101930424007432
F_pre_исломб,-0.22101930424007432
L_pre_жумата,-0.03231263823243474
F_suf_ломбек,-0.22101930424007432
L_жуматаев,-0.5086713293994426
L_pre_жумат,-0.03231263823243474
F_исломбек,-0.22101930424007432
L_suf_матаев,-0.5086713293994426
L_suf_набаев,-0.4756168636727771
L_жанабаев,-0.4756168636727771
L_байдаулетов,-0.4661875970486001
L_suf_пысбай,-0.4307635051739996
L_алпысбай,-0.4307635051739996
F_pre_аринат,0.24894631059696332
F_арината,0.24894631059696332
F_suf_ксения,0.24196910300667163
F_pre_ксен,0.2289018531232422
F_pre_ксения,0.2289018531232422
F_pre_кс,0.2289018531232422
F_pre_ксе,0.2289018531232422
F_ксения,0.2289018531232422
F_pre_ксени,0.2289018531232422
F_suf_аиым,0.4437924082779034
F_pre_аиы,0.4437924082779034
F_аиым,0.4437924082779034
F_pre_аиым,0.4437924082779034
F_suf_иым,0.4437924082779034
F_pre_інкәрж,-0.24719277099344297
F_інкәржан,-0.24719277099344297
F_pre_аділха,-0.3911554679597774
F_аділхан,-0.3911554679597774
F_pre_аділх,-0.3911554679597774
F_suf_ділхан,-0.3911554679597774
F_pre_авери,0.2910832707577691
F_pre_аверин,0.2910832707577691
F_suf_верина,0.2910832707577691
F_аверина,0.2910832707577691
F_suf_ангела,0.24648944171941872
F_suf_гела,0.24648944171941872
F_suf_нгела,0.24648944171941872
F_ангела,0.24648944171941872
F_pre_ангела,0.24648944171941872
L_досжанов,-0.44665309072639287
F_suf_адел,0.7530861319770479
F_адел,0.7530861319770479
F_pre_омар,-0.47421400877944375
F_pre_ома,-0.47421400877944375
F_омар,-0.47421400877944375
F_suf_йхо,0.26874884943712696
F_pre_зул,0.26874884943712696
F_pre_зула,0.26874884943712696
F_suf_лайхо,0.26874884943712696
F_suf_хо,0.26874884943712696
F_suf_айхо,0.26874884943712696
F_зулайхо,0.26874884943712696
F_pre_зулайх,0.26874884943712696
F_suf_улайхо,0.26874884943712696
F_pre_зулай,0.26874884943712696
F_suf_нжутас,0.3506701848099568
F_інжутас,0.3506701848099568
F_pre_інжута,0.3506701848099568
F_pre_інжут,0.3506701848099568
F_suf_жутас,0.3506701848099568
L_тұрсынбаева,0.4129340709429542
F_suf_утас,0.3506701848099568
F_suf_мари,0.687863571364706
F_мари,0.687863571364706
F_ізбасхан,-0.31922631637088167
F_pre_ізбасх,-0.31922631637088167
F_suf_манали,-0.33362451299988294
F_suf_анали,-0.3180936893725339
F_абдірахманали,-0.33362451299988294
L_suf_даров,-0.4542271962318916
L_suf_йдаров,-0.4542271962318916
L_айдаров,-0.4542271962318916
F_suf_нана,0.38343457248849605
F_pre_нана,0.38343457248849605
F_нана,0.38343457248849605
F_pre_нан,0.38343457248849605
L_suf_ни,-0.5131655477315287
L_ғани,-0.5131655477315287
L_suf_ғани,-0.5131655477315287
L_suf_ани,-0.5131655477315287
L_ержан,-0.5629628051686456
L_pre_аюпова,0.4994656499818242
L_suf_аюпова,0.4994656499818242
L_аюпова,0.4994656499818242
L_suf_юпова,0.4994656499818242
F_suf_бэль,0.4187880839099185
F_pre_абэль,0.4187880839099185
F_suf_абэль,0.4187880839099185
F_абэль,0.4187880839099185
F_suf_тафо,-0.25277460148132613
F_suf_устафо,-0.25277460148132613
F_мустафо,-0.25277460148132613
F_suf_афо,-0.25277460148132613
F_suf_фо,-0.25277460148132613
F_suf_стафо,-0.25277460148132613
L_suf_хамзин,-0.35120948354682296
L_хамзин,-0.35120948354682296
F_suf_янұрай,0.296173293857548
F_адилиянұрай,0.296173293857548
L_сағатқызы,0.35686805580792097
L_pre_сағатқ,0.35686805580792097
F_азиз,-0.9468085513674818
L_suf_жолов,-0.4315801493094465
L_suf_нжолов,-0.4315801493094465
L_аманжолов,-0.4315801493094465
F_pre_ажель,0.341471564051537
F_pre_аже,0.341471564051537
F_suf_жель,0.341471564051537
F_suf_ажель,0.341471564051537
F_pre_ажел,0.341471564051537
F_ажель,0.341471564051537
L_исабеков,-0.5046127259325422
F_pre_сыр,-0.35439132615725844
F_pre_сыры,-0.35439132615725844
F_сырым,-0.35439132615725844
F_pre_сырым,-0.35439132615725844
F_suf_сырым,-0.35439132615725844
F_suf_зетті,0.36310125047543074
F_suf_тті,0.36310125047543074
F_suf_етті,0.36310125047543074
F_pre_ізетті,0.36310125047543074
F_pre_ізетт,0.36310125047543074
F_suf_ізетті,0.36310125047543074
F_ізетті,0.36310125047543074
F_suf_ті,0.36310125047543074
F_pre_назе,0.274571504149002
F_pre_назер,0.274571504149002
F_suf_азерке,0.274571504149002
F_suf_зерке,0.274571504149002
F_pre_назерк,0.274571504149002
F_назерке,0.274571504149002
L_нуртаева,0.43827259874026886
F_suf_айбек,-0.31962454960988057
F_айбек,-0.4038548277511125
F_pre_айбе,-0.4038548277511125
F_pre_айбек,-0.4038548277511125
F_абдельазиз,-0.22550713020615534
L_садуов,-0.41809314706183087
L_suf_садуов,-0.41809314706183087
L_suf_адуов,-0.41809314706183087
L_suf_дуов,-0.41809314706183087
F_pre_ізгел,-0.31161837046936536
F_suf_гелді,-0.31161837046936536
F_ізгелді,-0.31161837046936536
F_suf_елді,-0.31161837046936536
F_suf_згелді,-0.31161837046936536
F_pre_ізге,-0.31161837046936536
F_pre_ізгелд,-0.31161837046936536
F_suf_лді,-0.31161837046936536
F_pre_николо,-0.3417084359868826
F_suf_лоз,-0.3417084359868826
F_suf_иколоз,-0.3417084359868826
F_николоз,-0.3417084359868826
F_suf_олоз,-0.3417084359868826
F_suf_колоз,-0.3417084359868826
F_suf_кзод,-0.24742224909155258
F_бекзод,-0.24742224909155258
F_suf_бекзод,-0.24742224909155258
F_suf_екзод,-0.24742224909155258
F_pre_бекзод,-0.24742224909155258
F_pre_бекзо,-0.24742224909155258
F_агдана,0.21894229757710526
F_pre_агда,0.22701522314367426
F_suf_агдана,0.21894229757710526
F_pre_агд,0.22701522314367426
F_pre_агдана,0.21894229757710526
F_pre_агдан,0.21894229757710526
F_suf_гдана,0.21894229757710526
F_suf_вадим,-0.32654456848668484
F_вадим,-0.32654456848668484
F_pre_вад,-0.32654456848668484
F_suf_дим,-0.3431277236876804
F_pre_вадим,-0.32654456848668484
F_suf_адим,-0.3431277236876804
F_pre_вади,-0.32654456848668484
F_марат,-0.4229096599585432
F_pre_мара,-0.4229096599585432
F_suf_марат,-0.4229096599585432
F_pre_марат,-0.4229096599585432
F_suf_арат,-0.4229096599585432
F_suf_даля,0.2756626109687137
F_адаля,0.2756626109687137
F_suf_адаля,0.2756626109687137
F_suf_жуназ,0.2733638348204872
F_інжуназ,0.2733638348204872
F_suf_нжуназ,0.2733638348204872
F_suf_адыля,0.3930680721268867
F_suf_дыля,0.3930680721268867
F_адыля,0.3930680721268867
F_pre_адыля,0.3930680721268867
F_suf_ыля,0.3930680721268867
F_suf_имона,0.30967564989187035
F_pre_имон,0.30967564989187035
F_suf_мона,0.30967564989187035
F_pre_имона,0.30967564989187035
F_pre_имо,0.30967564989187035
F_имона,0.30967564989187035
F_suf_гайса,0.253301911359339
F_pre_агайс,0.253301911359339
F_suf_айса,0.253301911359339
F_pre_агайса,0.253301911359339
F_suf_агайса,0.253301911359339
F_suf_йса,0.253301911359339
F_агайса,0.253301911359339
L_нұржан,-0.4542482047043589
L_suf_нұржан,-0.4542482047043589
L_suf_ұржан,-0.4542482047043589
F_ахмет,-0.3054539936761368
F_suf_атия,0.29840697637123237
F_suf_тия,0.29840697637123237
F_pre_нати,0.29840697637123237
F_pre_натия,0.29840697637123237
F_suf_натия,0.29840697637123237
F_натия,0.29840697637123237
F_suf_газим,-0.258252691831762
F_suf_игазим,-0.258252691831762
F_абдигазим,-0.258252691831762
F_pre_арида,0.36500419781741805
F_арида,0.36500419781741805
F_pre_арид,0.36500419781741805
F_suf_ідірис,-0.2990875085053665
F_pre_ідіри,-0.2990875085053665
F_suf_ірис,-0.2990875085053665
F_pre_ідірис,-0.2990875085053665
F_suf_дірис,-0.2990875085053665
F_ідірис,-0.2990875085053665
F_suf_ьями,0.2901054546265274
F_марьями,0.2901054546265274
F_suf_рьями,0.2901054546265274
F_suf_ями,0.2901054546265274
F_suf_арьями,0.2901054546265274
F_pre_аике,0.40340878101813843
F_аике,0.40340878101813843
F_suf_аике,0.40340878101813843
F_михаил,-0.29366954636770454
L_suf_сқаров,-0.4291654382387168
F_pre_миха,-0.29366954636770454
F_suf_хаил,-0.29366954636770454
L_асқаров,-0.4291654382387168
F_pre_михаи,-0.29366954636770454
F_pre_мих,-0.29366954636770454
L_suf_қаров,-0.4291654382387168
F_suf_михаил,-0.29366954636770454
F_pre_михаил,-0.29366954636770454
F_suf_ихаил,-0.29366954636770454
F_pre_адеб,0.36545520960405337
F_pre_адеби,0.36545520960405337
F_адеби,0.36545520960405337
F_suf_адеби,0.36545520960405337
F_suf_еби,0.36545520960405337
F_suf_деби,0.36545520960405337
F_pre_адылб,-0.3161515505014151
F_suf_дылбек,-0.3161515505014151
F_адылбек,-0.3161515505014151
F_pre_адылбе,-0.3161515505014151
L_кусаинов,-0.3766243432586782
F_pre_абдіка,-0.3411419879771197
F_suf_камал,-0.2577478630458941
F_suf_ікамал,-0.2577478630458941
F_абдікамал,-0.2577478630458941
F_хамза,-0.45397843143421185
F_pre_хамза,-0.45397843143421185
F_suf_мавиля,0.24760277763689992
F_pre_мавил,0.24760277763689992
F_pre_мавиля,0.24760277763689992
F_мавиля,0.24760277763689992
F_suf_виля,0.24760277763689992
F_pre_мави,0.24760277763689992
F_suf_авиля,0.24760277763689992
F_pre_ёкуб,-0.3404193397492957
F_ёкуб,-0.3404193397492957
F_suf_ёкуб,-0.3404193397492957
F_pre_ёк,-0.3404193397492957
F_suf_уб,-0.34783745113239123
F_suf_куб,-0.34783745113239123
F_pre_ёку,-0.3404193397492957
F_pre_демир,-0.29344827243102145
L_уалиев,-0.5113025596646903
F_демир,-0.29344827243102145
F_pre_деми,-0.2989881023843157
L_ильяс,-0.3991567352862077
F_suf_вгений,-0.4755166132814217
L_suf_льяс,-0.3991567352862077
L_suf_ильяс,-0.3991567352862077
L_suf_яс,-0.3991567352862077
F_suf_гений,-0.4755166132814217
L_suf_ьяс,-0.3991567352862077
F_евгений,-0.4755166132814217
F_suf_ков,-0.3485349246041288
F_pre_яко,-0.3485349246041288
F_яков,-0.3485349246041288
F_suf_ов,-0.3485349246041288
F_pre_як,-0.3521586128382151
F_suf_яков,-0.3485349246041288
F_pre_яков,-0.3485349246041288
F_pre_абдуа,0.5967567102784721
F_абдуали,0.5967567102784721
F_suf_бдуали,0.5967567102784721
F_pre_абдуал,0.5967567102784721
F_suf_дуали,0.5967567102784721
F_suf_асхат,-0.3514369370041889
F_pre_асхат,-0.3514369370041889
F_асхат,-0.3514369370041889
F_suf_схат,-0.3514369370041889
F_pre_асха,-0.3514369370041889
F_pre_асх,-0.3514369370041889
F_pre_ізетул,-0.413471611671676
F_suf_тулла,-0.413471611671676
F_suf_етулла,-0.413471611671676
F_pre_ізету,-0.413471611671676
F_ізетулла,-0.413471611671676
L_жолдасбеков,-0.3979087547277024
F_pre_саби,0.2523049080951435
F_pre_сабин,0.2523049080951435
F_сабина,0.2523049080951435
F_suf_сабина,0.2523049080951435
F_pre_саб,0.25936425277662406
F_pre_сабина,0.2523049080951435
F_мирослав,-0.39797633764364954
L_ахметбекова,0.41500291818185886
L_suf_сагиев,-0.3803021784366067
L_сагиев,-0.3803021784366067
L_suf_гиев,-0.3803021784366067
L_suf_агиев,-0.3803021784366067
F_pre_абдуәм,0.40028285440197325
F_pre_абдуә,0.40028285440197325
F_абдуәмина,0.40028285440197325
F_suf_уәмина,0.40028285440197325
F_абдальваххаб,-0.2592831013751079
L_полат,-0.35030985290378047
L_suf_полат,-0.35030985290378047
F_suf_ваххаб,-0.2592831013751079
F_suf_ікрам,-0.29468056381333274
F_pre_ік,-0.29468056381333274
F_pre_ікр,-0.29468056381333274
F_pre_ікрам,-0.29468056381333274
F_pre_ікра,-0.29468056381333274
F_ікрам,-0.29468056381333274
L_мырзабеков,-0.4772557278655674
F_pre_адир,0.2910592859117859
F_pre_адира,0.2910592859117859
F_suf_адира,0.2910592859117859
F_адира,0.2910592859117859
F_pre_абайді,-0.247798214639189
F_абайділдә,-0.247798214639189
F_suf_лдә,-0.247798214639189
F_suf_ділдә,-0.247798214639189
F_suf_йділдә,-0.247798214639189
F_suf_дә,-0.247798214639189
F_suf_ілдә,-0.247798214639189
F_suf_лилия,0.3203225514732683
F_лилия,0.3203225514732683
F_pre_лилия,0.3203225514732683
F_pre_мақ,-0.2934919363922772
F_suf_қсат,-0.2934919363922772
F_мақсат,-0.2934919363922772
F_suf_мақсат,-0.2934919363922772
F_pre_мақс,-0.2934919363922772
F_suf_ақсат,-0.2934919363922772
L_suf_сунов,-0.42733104411081224
F_pre_мақсат,-0.2934919363922772
L_suf_рсунов,-0.42733104411081224
L_турсунов,-0.42733104411081224
F_pre_мақса,-0.2934919363922772
L_suf_унов,-0.42733104411081224
F_адалья,0.25416705045677923
F_suf_далья,0.25416705045677923
F_suf_адалья,0.25416705045677923
F_pre_адалья,0.25416705045677923
F_pre_султ,-0.2538359647232452
F_pre_сул,-0.26539928761223447
F_султан,-0.2538359647232452
F_pre_султа,-0.2538359647232452
F_pre_султан,-0.2538359647232452
F_афина,0.30550178107040393
F_pre_афи,0.30550178107040393
F_pre_афина,0.30550178107040393
F_pre_афин,0.30550178107040393
F_абайдулла,-0.37898957396592164
F_pre_абайду,-0.37898957396592164
L_искалиев,-0.436472833701402
F_pre_абджа,-0.24920434853950502
F_pre_абдж,-0.24920434853950502
F_pre_абджал,-0.24920434853950502
F_suf_джалил,-0.24920434853950502
F_абджалил,-0.24920434853950502
F_pre_ката,0.24656838095687528
F_pre_катал,0.24656838095687528
F_каталина,0.24656838095687528
F_pre_кат,0.24656838095687528
F_pre_катали,0.24656838095687528
F_pre_алерик,0.27508616599088614
F_suf_ерика,0.27508616599088614
F_suf_лерика,0.27508616599088614
F_алерика,0.27508616599088614
F_ян,-0.9306468866941071
L_suf_енесов,-0.3892574214158886
L_кенесов,-0.3892574214158886
L_suf_несов,-0.3892574214158886
F_suf_илона,0.3252461424374409
F_suf_лона,0.3252461424374409
F_pre_илон,0.3252461424374409
F_pre_илона,0.3252461424374409
F_илона,0.3252461424374409
F_pre_ило,0.3252461424374409
L_suf_йманов,-0.43960211320168713
L_сулейманов,-0.43960211320168713
L_есмагамбетов,-0.5732960561709994
L_узакбаева,0.5206138987477735
L_муратбеков,-0.45511661706021284
F_pre_ілнұр,-0.4354777479810215
F_pre_ілнұ,-0.4354777479810215
F_ілнұр,-0.4354777479810215
F_suf_ілнұр,-0.4354777479810215
L_габдуллина,0.41407388369328224
L_иманбаева,0.46644889286137214
L_өтегенқызы,0.3494429366503685
F_ернұр,-0.3376215185836148
F_pre_ернұ,-0.3376215185836148
F_suf_ернұр,-0.3376215185836148
F_pre_ернұр,-0.3376215185836148
F_муроджон,-0.24755441870105085
F_pre_муро,-0.24755441870105085
F_suf_оджон,-0.24755441870105085
F_pre_мурод,-0.24755441870105085
F_suf_роджон,-0.24755441870105085
F_pre_муродж,-0.24755441870105085
L_иманалиев,-0.3899288370062202
F_suf_абдали,-0.30833549184101755
F_suf_бдали,-0.30833549184101755
F_абдали,-0.30833549184101755
L_мырзахан,-0.3892468222451366
L_suf_захан,-0.3892468222451366
L_suf_рзахан,-0.3892468222451366
F_suf_гбек,-0.26125749011490307
F_улугбек,-0.26125749011490307
F_pre_улугбе,-0.26125749011490307
F_pre_улугб,-0.26125749011490307
F_suf_угбек,-0.26125749011490307
F_pre_улуг,-0.26125749011490307
F_suf_лугбек,-0.26125749011490307
L_уразбаев,-0.39951122719660964
L_suf_жұман,-0.4556955900232015
L_жұман,-0.4556955900232015
L_suf_ұман,-0.4556955900232015
F_ильмира,0.3239692085856427
F_pre_ильм,0.3239692085856427
F_pre_ильмир,0.3239692085856427
F_pre_ильми,0.3239692085856427
F_азизабану,0.3140028787854696
L_махметова,0.4730053659104091
F_suf_забану,0.3140028787854696
L_онгарбаева,0.42593853498753936
L_ерболатқызы,0.3244550149763299
F_pre_ёрқ,0.27095706102814043
F_pre_ёрқи,0.27095706102814043
F_suf_ной,0.27095706102814043
F_pre_ёрқин,0.27095706102814043
F_suf_қиной,0.27095706102814043
F_suf_рқиной,0.27095706102814043
F_suf_иной,0.27095706102814043
F_pre_ёрқино,0.27095706102814043
F_ёрқиной,0.27095706102814043
F_pre_ши,0.349069548648494
F_pre_шир,0.349069548648494
F_ширин,0.349069548648494
F_suf_ширин,0.349069548648494
F_pre_шири,0.349069548648494
F_suf_ирин,0.349069548648494
F_pre_ширин,0.349069548648494
F_suf_льфина,0.27050769850040124
F_suf_ьфина,0.27050769850040124
F_альфина,0.27050769850040124
F_pre_мавлуд,0.25668837814238615
F_pre_мавлу,0.25668837814238615
F_suf_авлуда,0.25668837814238615
F_suf_уда,0.25668837814238615
F_suf_луда,0.25668837814238615
F_suf_влуда,0.25668837814238615
F_pre_мавл,0.25668837814238615
F_мавлуда,0.25668837814238615
F_ізғұт,-0.316310425607253
F_suf_ұт,-0.3172623800683641
F_suf_ізғұт,-0.316310425607253
F_suf_зғұт,-0.316310425607253
F_suf_ғұт,-0.316310425607253
F_pre_элх,-0.38283446888119765
F_элхан,-0.38283446888119765
F_suf_элхан,-0.38283446888119765
F_pre_элхан,-0.38283446888119765
F_pre_элха,-0.38283446888119765
F_suf_данила,-0.4601764143254628
F_suf_анила,-0.4601764143254628
F_suf_нила,-0.4601764143254628
F_pre_данила,-0.4601764143254628
F_данила,-0.4601764143254628
L_suf_ныш,-0.4062386127414987
L_suf_ыш,-0.4062386127414987
L_suf_қуаныш,-0.4062386127414987
L_қуаныш,-0.4062386127414987
L_suf_аныш,-0.4062386127414987
L_suf_уаныш,-0.4062386127414987
L_мақсұтқызы,0.4961886507662261
L_suf_ұтқызы,0.4961886507662261
F_pre_абдишу,-0.26175581700326167
F_абдишукур,-0.26175581700326167
F_suf_ишукур,-0.26175581700326167
F_pre_абдиш,-0.26175581700326167
L_усенбаев,-0.4078924435717744
F_інәр,0.5096703150729734
F_suf_інәр,0.5096703150729734
F_pre_інәр,0.5096703150729734
L_налибаева,0.45261806418007733
F_suf_зқұтты,-0.2665168589146196
F_pre_ізқұтт,-0.2665168589146196
F_pre_ізқұт,-0.29096080991962997
F_ізқұтты,-0.2665168589146196
F_pre_ізқұ,-0.29096080991962997
F_pre_адэнна,0.23180345240898895
F_suf_энна,0.23180345240898895
L_байменова,0.5769936069246264
F_suf_дэнна,0.23180345240898895
F_suf_адэнна,0.23180345240898895
F_адэнна,0.23180345240898895
F_pre_адэнн,0.23180345240898895
L_suf_зумова,0.5303350408646504
L_suf_умова,0.5303350408646504
L_магзумова,0.5303350408646504
F_pre_арууз,0.3431518488269437
F_suf_узат,0.3431518488269437
F_pre_арууза,0.3431518488269437
F_suf_уузат,0.3431518488269437
F_аруузат,0.3431518488269437
F_suf_руузат,0.3431518488269437
F_pre_люб,0.26007277837243914
F_любовь,0.26007277837243914
F_pre_любовь,0.26007277837243914
F_suf_бовь,0.26007277837243914
F_suf_овь,0.26007277837243914
F_pre_любо,0.26007277837243914
F_pre_лю,0.2641661484421118
F_suf_вь,0.26007277837243914
F_suf_юбовь,0.26007277837243914
F_suf_любовь,0.26007277837243914
F_pre_любов,0.26007277837243914
F_pre_аңс,-0.32352271596378834
F_suf_ңсар,-0.357475391026335
F_pre_аң,-0.32352271596378834
F_pre_аңсар,-0.32352271596378834
F_pre_аңса,-0.32352271596378834
F_suf_аңсар,-0.32352271596378834
F_аңсар,-0.32352271596378834
F_suf_гний,-0.49458782922494254
F_pre_агний,-0.49458782922494254
F_агний,-0.49458782922494254
F_suf_агний,-0.49458782922494254
F_pre_ізімай,0.3963047341140032
F_pre_ізіма,0.3963047341140032
F_suf_ізімай,0.3963047341140032
F_suf_зімай,0.3963047341140032
F_ізімай,0.3963047341140032
F_pre_белла,0.3764334836905049
F_pre_бел,0.3764334836905049
F_белла,0.3764334836905049
F_pre_белл,0.3764334836905049
F_абай ибраһим,-0.23804624971368663
F_pre_абай и,-0.23804624971368663
F_pre_рози,0.29228035239250066
L_имангалиева,0.3441573242511685
F_suf_розия,0.29228035239250066
F_pre_розия,0.29228035239250066
F_розия,0.29228035239250066
F_suf_озия,0.29228035239250066
L_мукашев,-0.4229059222350311
F_suf_ізтай,-0.3830692601977132
F_suf_зтай,-0.3830692601977132
L_suf_укашев,-0.4229059222350311
F_pre_ізтай,-0.3830692601977132
F_ізтай,-0.3830692601977132
F_pre_мұха,-0.2397597096153157
F_pre_мұхамм,-0.2397597096153157
F_pre_мұхам,-0.2397597096153157
F_мұхаммед,-0.2397597096153157
F_pre_мұх,-0.2397597096153157
F_pre_янина,0.36451078806054515
F_янина,0.36451078806054515
F_suf_янина,0.36451078806054515
F_pre_янин,0.36451078806054515
F_pre_яни,-0.04864824870629431
L_темірбекқызы,0.4120108362743545
F_владислав,-0.21989396556133137
F_pre_владис,-0.21989396556133137
F_suf_дислав,-0.21989396556133137
F_pre_есфи,0.2833950502621467
F_pre_есф,0.2833950502621467
F_suf_сфирь,0.2833950502621467
F_pre_есфир,0.2833950502621467
F_suf_фирь,0.2833950502621467
F_есфирь,0.2833950502621467
F_suf_рь,-0.04926565756309431
F_suf_есфирь,0.2833950502621467
F_suf_ирь,0.2833950502621467
F_pre_есфирь,0.2833950502621467
F_suf_кандар,-0.246944861966186
F_іскандар,-0.246944861966186
L_баймуратова,0.4241862097955704
F_suf_рода,0.26915459324097657
F_pre_ирод,0.26915459324097657
F_pre_ирода,0.26915459324097657
F_suf_ирода,0.26915459324097657
F_pre_иро,0.26915459324097657
F_ирода,0.26915459324097657
L_suf_екишев,-0.3965661074862627
L_бекишев,-0.3965661074862627
L_suf_ясов,-0.4758017702779412
L_suf_ьясов,-0.4758017702779412
L_ильясов,-0.4758017702779412
L_suf_льясов,-0.4758017702779412
F_suf_ильнар,-0.4339688945424325
F_suf_льнар,-0.4339688945424325
F_ильнар,-0.4339688945424325
F_suf_ьнар,-0.4339688945424325
F_pre_інқә,0.3288408978868248
F_pre_інқәр,0.3288408978868248
F_інқәр,0.3288408978868248
F_suf_нқәр,0.3288408978868248
F_suf_інқәр,0.3288408978868248
F_pre_адильн,0.33894769404116737
F_suf_льнура,0.33894769404116737
F_suf_ьнура,0.33894769404116737
F_адильнура,0.33894769404116737
F_suf_сардор,-0.28487177702655214
F_сардор,-0.28487177702655214
F_suf_ардор,-0.28487177702655214
F_suf_рдор,-0.28487177702655214
F_pre_сардор,-0.2790358385176331
F_pre_сардо,-0.2790358385176331
F_suf_жүніс,0.36573806022477795
F_pre_ақжү,0.36573806022477795
F_pre_ақжүн,0.36573806022477795
F_suf_үніс,0.36573806022477795
F_ақжүніс,0.36573806022477795
F_suf_қжүніс,0.36573806022477795
F_pre_ақж,-0.019864010434720584
F_pre_ақжүні,0.36573806022477795
L_мырзалиева,0.35658355442067335
F_suf_тариэл,-0.26255910427288276
F_pre_тариэ,-0.26255910427288276
F_suf_ариэл,-0.26255910427288276
F_pre_тариэл,-0.26255910427288276
F_тариэл,-0.26255910427288276
F_pre_тари,-0.26255910427288276
L_кожабекова,0.5518110921997336
F_pre_абзана,0.2884207462316414
F_абзана,0.2884207462316414
F_suf_бзана,0.2884207462316414
F_pre_абзан,0.2884207462316414
F_suf_зана,0.2884207462316414
F_suf_абзана,0.2884207462316414
F_аселя,0.338805849236717
F_pre_аселя,0.338805849236717
F_pre_хаса,-0.35659813783021355
F_pre_хас,-0.35659813783021355
F_хасан,-0.35659813783021355
F_pre_хасан,-0.35659813783021355
F_азема,0.29321937114169283
F_suf_зема,0.29321937114169283
F_suf_азема,0.29321937114169283
F_pre_азем,0.29321937114169283
F_pre_азема,0.29321937114169283
L_сарманова,0.3922361561615145
F_suf_aйлин,0.37395115204152785
F_pre_aйли,0.37395115204152785
F_pre_aйлин,0.37395115204152785
F_aйлин,0.37395115204152785
F_pre_aйл,0.37395115204152785
F_suf_иеля,0.23976550511045402
F_pre_адиел,0.23976550511045402
F_suf_диеля,0.23976550511045402
F_suf_адиеля,0.23976550511045402
F_адиеля,0.23976550511045402
F_pre_адие,0.32069159258688595
F_pre_адиеля,0.23976550511045402
L_сакенова,0.44842898486103094
F_pre_aсия,0.3481979785267187
F_pre_aси,0.3481979785267187
F_suf_aсия,0.3481979785267187
F_aсия,0.3481979785267187
F_pre_aс,0.3481979785267187
L_мухамадиева,0.44818868413551977
L_каратаева,0.41614091088132404
F_pre_бексу,-0.23225662947545214
F_pre_бексул,-0.23225662947545214
F_бексултан,-0.23225662947545214
L_жанузаков,-0.40992251334372026
L_suf_узаков,-0.40992251334372026
L_suf_рман,-0.45884811641843526
L_suf_арман,-0.45884811641843526
L_арман,-0.45884811641843526
F_айкоркем,0.3075745516052759
F_pre_айкор,0.3075745516052759
F_suf_коркем,0.3075745516052759
F_pre_айко,0.3075745516052759
F_suf_оркем,0.3075745516052759
F_pre_айкорк,0.3075745516052759
L_pre_бақтыб,-0.04858965909263425
L_бақтыбай,-0.40644118681623465
L_suf_қтыбай,-0.40644118681623465
L_suf_тыбай,-0.40644118681623465
L_pre_бақты,-0.04858965909263425
L_pre_сактаг,-0.058934919494941194
L_сактаганов,-0.4153330060509804
L_suf_аганов,-0.4153330060509804
L_pre_сакта,-0.058934919494941194
L_pre_сакт,-0.058934919494941194
L_абдикаримов,-0.4548734663312222
F_suf_геворг,-0.26368570785116124
F_suf_еворг,-0.26368570785116124
F_pre_геворг,-0.26368570785116124
F_suf_рг,-0.26368570785116124
F_suf_ворг,-0.26368570785116124
F_геворг,-0.26368570785116124
F_pre_гево,-0.26368570785116124
F_suf_орг,-0.26368570785116124
F_pre_гев,-0.26368570785116124
F_pre_гевор,-0.26368570785116124
L_жұмағалиқызы,0.47265664819979236
F_suf_ии,-0.3310251671483966
F_suf_толии,-0.3310251671483966
F_suf_атолии,-0.3310251671483966
F_анатолии,-0.3310251671483966
F_suf_олии,-0.3310251671483966
F_suf_лии,-0.3310251671483966
L_suf_лқасын,-0.44856669785601105
L_жарылқасын,-0.44856669785601105
L_suf_қасын,-0.44856669785601105
L_дуйсенова,0.42848522555151863
F_pre_илх,-0.3240839731874228
L_сисенов,-0.4261043883872513
F_pre_илха,-0.3240839731874228
F_suf_лхам,-0.3240839731874228
F_илхам,-0.3240839731874228
F_suf_илхам,-0.3240839731874228
F_pre_илхам,-0.3240839731874228
F_pre_дінму,-0.24589595647372547
F_pre_дінмух,-0.24589595647372547
F_дінмухаммед,-0.24589595647372547
F_pre_бруно,-0.30471292872942957
F_suf_бруно,-0.30471292872942957
F_suf_но,-0.30471292872942957
F_suf_уно,-0.30471292872942957
F_pre_бру,-0.30471292872942957
F_suf_руно,-0.30471292872942957
F_бруно,-0.30471292872942957
F_pre_бр,-0.30471292872942957
F_pre_брун,-0.30471292872942957
L_сағынтаева,0.39615479395189135
L_маратова,0.44296399728038655
F_pre_жасурб,-0.23194363635926935
F_жасурбек,-0.23194363635926935
F_suf_сурбек,-0.23194363635926935
F_suf_алиб,-0.23140359635944813
F_suf_тталиб,-0.23140359635944813
F_suf_талиб,-0.23140359635944813
F_абдельмутталиб,-0.23140359635944813
F_pre_диас,-0.4789847713027326
F_диас,-0.4789847713027326
F_suf_диас,-0.4789847713027326
L_suf_рыбаев,-0.4217839657481542
L_сарыбаев,-0.4217839657481542
L_pre_сарыб,0.022815189082163012
L_pre_сарыба,0.022815189082163012
L_pre_сары,0.022815189082163012
L_сеитова,0.4622996262153393
F_адиат,0.3925824928154499
F_suf_адиат,0.3925824928154499
F_suf_диат,0.3925824928154499
F_suf_иат,0.3925824928154499
F_pre_адиат,0.3925824928154499
F_pre_бул,-0.33497209292316804
F_булат,-0.33497209292316804
F_pre_бу,-0.33497209292316804
F_pre_була,-0.33497209292316804
F_suf_булат,-0.33497209292316804
F_pre_булат,-0.33497209292316804
F_suf_улат,-0.33497209292316804
L_айдарбекқызы,0.37960744632677895
F_айда,0.6031072408386943
F_suf_нкәрім,0.4519642477300523
F_інкәрім,0.4519642477300523
F_suf_ікарім,-0.401787215990481
L_мадиев,-0.4035633266544553
F_абдікарім,-0.401787215990481
F_pre_даста,-0.26845514671003834
F_pre_даст,-0.26845514671003834
F_дастан,-0.26845514671003834
F_suf_дастан,-0.26845514671003834
F_pre_дастан,-0.26845514671003834
F_pre_дас,-0.26845514671003834
F_абдолхамит,-0.24480953506804015
F_pre_абдолх,-0.24480953506804015
F_suf_лхамит,-0.24480953506804015
F_амалхан,0.5435116509473493
F_pre_амалха,0.5435116509473493
F_suf_малхан,0.5435116509473493
F_pre_амалх,0.5435116509473493
F_suf_алхан,0.5435116509473493
F_suf_латифа,0.24272584466267585
F_suf_тифа,0.24272584466267585
F_латифа,0.24272584466267585
F_pre_латиф,0.24272584466267585
F_pre_лати,0.24272584466267585
F_pre_лат,0.24272584466267585
F_pre_латифа,0.24272584466267585
F_suf_атифа,0.24272584466267585
F_pre_инди,0.21712203289912052
F_индира,0.21712203289912052
F_pre_индира,0.21712203289912052
F_pre_индир,0.21712203289912052
F_pre_инд,0.21712203289912052
F_suf_индира,0.21712203289912052
F_suf_ндира,0.21712203289912052
L_suf_ұрғали,-0.40400476062909163
L_нұрғали,-0.40400476062909163
F_pre_адеме,0.31800441377274496
F_suf_ме,0.31800441377274496
F_suf_адеме,0.31800441377274496
F_suf_деме,0.31800441377274496
F_suf_еме,0.31800441377274496
F_адеме,0.31800441377274496
F_suf_йло,0.32752656313635975
F_pre_лайл,0.32752656313635975
F_suf_айло,0.32752656313635975
F_suf_лайло,0.32752656313635975
F_лайло,0.32752656313635975
F_pre_лайло,0.32752656313635975
F_suf_хакім,-0.28474541857281516
F_suf_кім,-0.28474541857281516
F_suf_акім,-0.28474541857281516
F_suf_лхакім,-0.28474541857281516
F_абілхакім,-0.28474541857281516
F_suf_амиран,-0.38915182904100115
F_pre_амиран,-0.38915182904100115
F_амиран,-0.38915182904100115
F_сарвиназ,0.3996547337045924
F_suf_рвиназ,0.3996547337045924
F_suf_виназ,0.3996547337045924
L_құралбаева,0.37319426487187096
L_ахметов,-0.40446775883343317
F_pre_анб,0.28593162167245695
F_pre_анбари,0.28593162167245695
F_suf_ринсо,0.28593162167245695
F_pre_анбар,0.28593162167245695
F_suf_инсо,0.28593162167245695
F_suf_аринсо,0.28593162167245695
F_suf_нсо,0.28593162167245695
F_pre_анба,0.28593162167245695
F_анбаринсо,0.28593162167245695
F_suf_игани,-0.31865008020787655
F_абдигани,-0.31865008020787655
F_suf_дигани,-0.31865008020787655
L_усенова,0.48928802911660313
L_амандық,-0.4504973313038883
L_suf_мандық,-0.4504973313038883
L_suf_андық,-0.44301747743999076
L_suf_ндық,-0.436479276819315
L_suf_кипов,-0.43512537174867727
L_жакипов,-0.43512537174867727
L_suf_акипов,-0.43512537174867727
L_мусабекова,0.33005309428805335
L_тоқтарқызы,0.4261150100944224
F_pre_нигор,0.24653459536561087
F_suf_игора,0.24653459536561087
F_pre_ниг,0.24540427551693172
F_pre_нигора,0.24653459536561087
F_нигора,0.24653459536561087
F_pre_ниго,0.24653459536561087
F_suf_нигора,0.24653459536561087
L_бақтиярқызы,0.45883269404264165
F_suf_риян,-0.28365577704923145
F_suf_аариян,-0.28365577704923145
F_pre_аариян,-0.28365577704923145
F_pre_аария,-0.28365577704923145
F_suf_ариян,-0.28365577704923145
F_аариян,-0.28365577704923145
F_pre_ои,0.3434180589500412
F_оиша,0.3434180589500412
F_suf_оиша,0.3434180589500412
F_pre_оиш,0.3434180589500412
F_pre_оиша,0.3434180589500412
L_suf_битова,0.40347292760663944
F_айлинмелиса,0.23934548349726092
F_suf_елиса,0.23934548349726092
F_suf_мелиса,0.23934548349726092
L_сабитова,0.40347292760663944
F_pre_айлинм,0.23934548349726092
F_pre_аллан,-0.48093157729325864
F_suf_аллан,-0.48093157729325864
F_suf_ллан,-0.48093157729325864
F_аллан,-0.48093157729325864
F_pre_нұржіг,-0.25097359424623605
F_suf_жігіт,-0.25097359424623605
F_нұржігіт,-0.25097359424623605
F_suf_гіт,-0.25097359424623605
F_pre_нұржі,-0.25097359424623605
F_suf_іт,-0.25097359424623605
F_suf_ігіт,-0.25097359424623605
F_suf_ржігіт,-0.25097359424623605
F_pre_эльха,-0.3121950529281544
F_эльхан,-0.3121950529281544
F_pre_эльхан,-0.3121950529281544
F_pre_эльх,-0.3121950529281544
F_suf_эльхан,-0.3121950529281544
L_ерназаров,-0.3768788428010093
F_suf_льияс,-0.2577545361370445
F_suf_ільияс,-0.2577545361370445
F_pre_ільияс,-0.2577545361370445
F_suf_ияс,-0.2948726351677172
F_ільияс,-0.2577545361370445
F_pre_ільи,-0.2577545361370445
F_pre_іль,-0.2577545361370445
F_suf_ьияс,-0.2577545361370445
F_pre_ільия,-0.2577545361370445
F_suf_өкүл,0.2650122324879813
F_pre_айкөк,0.2650122324879813
F_suf_йкөкүл,0.2650122324879813
F_suf_көкүл,0.2650122324879813
F_айкөкүл,0.2650122324879813
F_pre_айкөкү,0.2650122324879813
F_suf_тих,-0.3900792828329962
F_suf_фатих,-0.3900792828329962
F_pre_фатих,-0.3900792828329962
F_suf_атих,-0.3900792828329962
F_фатих,-0.3900792828329962
F_suf_ирая,0.2273145472845644
F_suf_фирая,0.2273145472845644
F_pre_адельф,0.2273145472845644
F_suf_рая,0.2273145472845644
F_адельфирая,0.2273145472845644
F_suf_ьфирая,0.2273145472845644
F_suf_ниль,-0.3427663060779164
F_pre_даниль,-0.3427663060779164
F_suf_даниль,-0.3427663060779164
F_даниль,-0.3427663060779164
F_suf_аниль,-0.3427663060779164
F_suf_йлан,0.49300781402473776
F_айлан,0.49300781402473776
F_suf_айлан,0.49300781402473776
L_suf_бишева,0.5182675246266634
L_абишева,0.5182675246266634
F_адайлым,0.3472458532644524
F_suf_айлым,0.34809396871740705
F_pre_адайлы,0.3472458532644524
F_suf_йлым,0.34809396871740705
F_pre_адайл,0.3472458532644524
F_suf_дайлым,0.3472458532644524
F_амиль,-0.5198516525761491
F_pre_амиль,-0.5198516525761491
L_даулетқызы,0.3551324924937883
F_suf_ябегім,0.26674720665594254
F_адиябегім,0.26674720665594254
F_pre_адияб,0.26674720665594254
F_pre_адиябе,0.26674720665594254
F_suf_хроб,-0.27028585448487774
F_pre_сухр,-0.27028585448487774
F_pre_сухроб,-0.27028585448487774
F_suf_сухроб,-0.27028585448487774
F_suf_роб,-0.27028585448487774
F_suf_об,-0.27028585448487774
F_suf_ухроб,-0.27028585448487774
F_сухроб,-0.27028585448487774
F_pre_сухро,-0.27028585448487774
F_pre_сух,-0.27028585448487774
L_сұлтанбекқызы,0.4570970506546844
F_suf_лятхан,0.42691087327531674
F_адалятхан,0.42691087327531674
F_suf_ятхан,0.42691087327531674
F_suf_орий,-0.25888485070751077
F_pre_абдулб,-0.25242787824362206
F_абдулборий,-0.25242787824362206
F_suf_лборий,-0.25242787824362206
F_suf_борий,-0.25242787824362206
F_pre_агима,0.346737480006006
F_pre_агим,0.346737480006006
F_агима,0.346737480006006
F_suf_игорий,-0.2659627898598774
F_григорий,-0.2659627898598774
F_pre_григор,-0.2659627898598774
F_pre_григо,-0.2659627898598774
F_pre_григ,-0.2659627898598774
F_suf_горий,-0.2659627898598774
F_pre_айтол,0.3221730401237492
F_suf_толкун,0.3221730401237492
F_айтолкун,0.3221730401237492
F_suf_кун,0.3221730401237492
F_suf_олкун,0.3221730401237492
F_suf_ун,0.10326597194612659
F_suf_лкун,0.3221730401237492
F_pre_айтолк,0.3221730401237492
F_pre_айто,0.3221730401237492
F_suf_адэеля,0.23137495735293323
F_pre_адэел,0.23137495735293323
F_pre_адэе,0.23137495735293323
F_pre_адэеля,0.23137495735293323
F_адэеля,0.23137495735293323
F_suf_эеля,0.23137495735293323
F_suf_дэеля,0.23137495735293323
F_pre_айэ,0.23353217446389146
F_pre_айэли,0.23353217446389146
F_айэлина,0.23353217446389146
F_pre_айэл,0.23353217446389146
F_suf_йэлина,0.23353217446389146
F_pre_айэлин,0.23353217446389146
L_алдабергенов,-0.5841065187523606
F_pre_оскар,-0.34683437595895694
F_suf_скар,-0.35314888575206105
F_pre_оска,-0.34683437595895694
F_оскар,-0.34683437595895694
F_pre_оск,-0.34683437595895694
F_suf_оскар,-0.34683437595895694
F_pre_акма,0.44187204413291176
F_pre_акмарж,0.44187204413291176
F_акмаржан,0.44187204413291176
F_pre_акмар,0.44187204413291176
F_suf_игайль,0.3142783717294911
F_абигайль,0.3142783717294911
F_suf_айль,0.3142783717294911
F_suf_йль,0.3142783717294911
F_suf_гайль,0.3142783717294911
F_pre_абигай,0.3142783717294911
F_suf_гдалия,0.2353618060060738
L_кадирова,0.4092691057691819
F_агдалия,0.2353618060060738
F_pre_агдал,0.2353618060060738
F_pre_агдали,0.2353618060060738
L_suf_нисов,-0.4438354767499898
F_абдислам,-0.2535545907985862
L_жунисов,-0.4438354767499898
F_suf_дислам,-0.2535545907985862
F_pre_абдисл,-0.2535545907985862
L_suf_унисов,-0.4438354767499898
F_абдіғаппар,-0.25838382458170706
F_suf_ғаппар,-0.25838382458170706
F_suf_агида,0.27420222979338527
F_pre_агида,0.27420222979338527
F_агида,0.27420222979338527
F_suf_гида,0.27420222979338527
L_абдрасилова,0.4153697306940156
L_suf_силова,0.4153697306940156
F_алисултан,-0.3471323928517625
F_pre_алисул,-0.3471323928517625
F_pre_алису,-0.3471323928517625
F_pre_асу,0.37190157526157996
F_pre_асум,0.37190157526157996
F_асуман,0.37190157526157996
F_suf_уман,0.37190157526157996
F_pre_асуман,0.37190157526157996
F_pre_асума,0.37190157526157996
F_suf_асуман,0.37190157526157996
F_suf_суман,0.37190157526157996
L_бақытбекқызы,0.3653629528061586
L_муратқызы,0.36302523969439837
L_pre_муратқ,0.36302523969439837
F_pre_людми,0.26891070075394047
F_людмила,0.26891070075394047
F_suf_юдмила,0.26891070075394047
F_pre_людмил,0.26891070075394047
F_pre_люд,0.26891070075394047
F_suf_дмила,0.31660861966759685
F_pre_людм,0.26891070075394047
F_анора,0.3047611594981313
F_suf_анора,0.3047611594981313
F_suf_луа,0.3856713801277145
F_pre_алуа,0.3856713801277145
F_suf_алуа,0.3856713801277145
F_pre_алу,0.3856713801277145
F_алуа,0.3856713801277145
L_алтынбеков,-0.42087072544804643
L_suf_туяков,-0.44546126063370917
L_туяков,-0.44546126063370917
L_suf_яков,-0.44546126063370917
L_suf_уяков,-0.44546126063370917
F_pre_ілиясқ,-0.26767266565200515
F_suf_ясқан,-0.26767266565200515
F_suf_иясқан,-0.26767266565200515
F_ілиясқан,-0.26767266565200515
F_suf_жания,0.36535406343461635
F_жания,0.36535406343461635
F_pre_жания,0.36535406343461635
F_pre_жани,0.36535406343461635
L_қуандық,-0.4363513537505966
L_suf_уандық,-0.4363513537505966
F_suf_дасай,0.2825749597746705
F_suf_адасай,0.2825749597746705
F_suf_сай,0.2825749597746705
F_pre_адаса,0.2825749597746705
F_pre_адасай,0.2825749597746705
F_адасай,0.2825749597746705
F_suf_асай,0.2825749597746705
F_арлан,-0.33831427246222795
F_pre_арла,-0.33831427246222795
F_suf_арлан,-0.33831427246222795
F_pre_арлан,-0.33831427246222795
F_suf_абинур,0.4829261950476154
F_абинур,0.4829261950476154
F_suf_бинур,0.4829261950476154
F_сардорбек,-0.27375901814161396
F_suf_дорбек,-0.27375901814161396
F_suf_орбек,-0.27375901814161396
L_қуатқызы,0.3824730117534887
L_pre_қуатқы,0.3824730117534887
L_pre_қуатқ,0.3824730117534887
F_suf_идар,-0.3985824992560836
F_pre_дидар,-0.3985824992560836
F_дидар,-0.3985824992560836
F_pre_дида,-0.3985824992560836
F_pre_дид,-0.3985824992560836
F_suf_дидар,-0.3985824992560836
F_pre_агелиа,0.22498199223884327
F_агелиа,0.22498199223884327
F_suf_агелиа,0.22498199223884327
F_suf_гелиа,0.22498199223884327
L_тұрғанбаева,0.38972182993385246
L_suf_сизов,-0.4531000674526948
L_елеусизов,-0.4531000674526948
L_suf_усизов,-0.4531000674526948
F_камиль,-0.5200161719783971
F_pre_камиль,-0.5200161719783971
F_suf_камиль,-0.5200161719783971
L_жумадилов,-0.4841511845645569
L_ерік,-0.47530394708158535
F_асет,-0.5634206307053381
F_pre_асет,-0.5634206307053381
F_pre_қайсар,-0.2908966167654904
F_suf_қайсар,-0.2908966167654904
F_suf_йсар,-0.2908966167654904
F_pre_қайса,-0.2908966167654904
F_pre_қайс,-0.2908966167654904
F_suf_айсар,-0.2908966167654904
F_қайсар,-0.2908966167654904
F_pre_қай,-0.2908966167654904
F_лия,0.5397116513235504
F_pre_лия,0.5397116513235504
F_pre_азарий,-0.37798059963593195
F_suf_азарий,-0.37798059963593195
F_азарий,-0.37798059963593195
F_suf_зарий,-0.37798059963593195
F_али асан,-0.3067123190904075
F_suf_ асан,-0.3067123190904075
F_pre_али а,-0.3067123190904075
F_pre_али ,-0.3067123190904075
F_pre_али ас,-0.3067123190904075
F_suf_и асан,-0.3067123190904075
L_suf_орабек,-0.38336114841652524
L_suf_рабек,-0.38336114841652524
L_жорабек,-0.38336114841652524
L_алдияров,-0.42800232363509133
L_suf_дияров,-0.42800232363509133
L_аманбек,-0.43669821931551744
F_pre_ерс,-0.24987892966265826
F_pre_ерсұлт,-0.24987892966265826
F_pre_ерсұ,-0.24987892966265826
F_ерсұлтан,-0.24987892966265826
F_pre_ерсұл,-0.24987892966265826
L_сембаев,-0.42377864777170926
F_suf_імалік,-0.3116911633155938
F_suf_малік,-0.3116911633155938
F_suf_алік,-0.3116911633155938
F_абдімалік,-0.3116911633155938
F_suf_ідір,-0.4556839615751694
F_ідір,-0.4556839615751694
F_suf_әзім,-0.34623556969427594
F_suf_діәзім,-0.34623556969427594
F_suf_іәзім,-0.34623556969427594
F_абдіәзім,-0.34623556969427594
F_pre_абдіәз,-0.34623556969427594
F_suf_эния,0.35184029452756993
F_pre_эния,0.35184029452756993
F_pre_эни,0.35184029452756993
F_pre_эн,0.35184029452756993
F_эния,0.35184029452756993
F_pre_ізбиб,0.33295493424308986
F_ізбибі,0.33295493424308986
F_pre_ізбибі,0.33295493424308986
F_suf_ізбибі,0.33295493424308986
F_pre_ізби,0.33295493424308986
F_suf_збибі,0.33295493424308986
F_suf_танция,0.4825776177109324
F_констанция,0.4825776177109324
F_suf_нция,0.4825776177109324
F_suf_анция,0.4825776177109324
F_альсина,0.2644676746622161
F_suf_ьсина,0.2644676746622161
F_pre_альси,0.2644676746622161
F_pre_альсин,0.2644676746622161
F_suf_льсина,0.2644676746622161
F_pre_альс,0.2644676746622161
L_suf_үйсен,-0.4097563112754157
L_suf_дүйсен,-0.4097563112754157
L_дүйсен,-0.4097563112754157
L_иманбеков,-0.3753988512710505
L_suf_лдасов,-0.34707755166719195
F_suf_рын,-0.38470118867720143
L_жолдасов,-0.34707755166719195
F_pre_дарын,-0.38470118867720143
F_suf_арын,-0.38470118867720143
L_suf_дасов,-0.34707755166719195
F_suf_дарын,-0.38470118867720143
F_дарын,-0.38470118867720143
F_pre_дары,-0.38470118867720143
F_pre_амирха,-0.34696651766752845
F_pre_амирх,-0.34696651766752845
F_амирхан,-0.34696651766752845
F_suf_лкерей,-0.3424402027105294
F_suf_керей,-0.3424402027105294
F_pre_абілке,-0.3424402027105294
F_абілкерей,-0.3424402027105294
F_suf_нан,-0.3358138819993273
F_pre_кен,-0.3358138819993273
F_pre_кенан,-0.3358138819993273
F_suf_енан,-0.3358138819993273
F_suf_кенан,-0.3358138819993273
F_pre_кена,-0.3358138819993273
F_кенан,-0.3358138819993273
F_pre_бая,-0.26104389153070856
F_pre_баяста,-0.26104389153070856
F_suf_аястан,-0.26104389153070856
F_pre_баяст,-0.26104389153070856
F_suf_ястан,-0.26104389153070856
F_баястан,-0.26104389153070856
F_pre_баяс,-0.26104389153070856
L_амирханова,0.4355382915293319
F_pre_исканд,-0.23894215561448615
F_искандер,-0.23894215561448615
F_pre_иск,-0.23894215561448615
F_pre_искан,-0.23894215561448615
F_pre_иска,-0.23894215561448615
L_елубай,-0.3467348630020524
L_suf_лубай,-0.3467348630020524
L_pre_елубай,-0.3467348630020524
L_suf_елубай,-0.3467348630020524
L_капанова,0.4309656801899956
F_pre_огабе,-0.24746832041508973
F_suf_габек,-0.24746832041508973
F_pre_ога,-0.24746832041508973
F_suf_огабек,-0.24746832041508973
F_pre_огабек,-0.24746832041508973
F_pre_огаб,-0.24746832041508973
F_pre_ог,-0.24746832041508973
F_огабек,-0.24746832041508973
L_нурманов,-0.34091861006162616
L_suf_сабек,-0.4036174232041461
L_исабек,-0.4036174232041461
L_suf_исабек,-0.4036174232041461
F_suf_атон,-0.24768600588685385
F_платон,-0.24768600588685385
F_pre_плато,-0.24768600588685385
F_suf_латон,-0.24768600588685385
F_pre_пла,-0.24768600588685385
F_pre_плат,-0.24768600588685385
F_pre_платон,-0.24768600588685385
F_suf_платон,-0.24768600588685385
F_pre_пл,-0.24768600588685385
F_pre_аню,0.29357683207893503
F_suf_анюта,0.29357683207893503
F_suf_нюта,0.29357683207893503
F_pre_анют,0.29357683207893503
F_анюта,0.29357683207893503
F_pre_анюта,0.29357683207893503
F_suf_юта,0.29357683207893503
F_абдіназар,-0.2270479570198788
F_suf_іназар,-0.2270479570198788
F_suf_ізнәт,0.4071754955317235
F_ізнәт,0.4071754955317235
F_suf_нәт,0.4071754955317235
F_suf_знәт,0.4071754955317235
F_pre_ізнәт,0.4071754955317235
F_suf_шім,-0.28875458265936127
F_pre_абдіәш,-0.28875458265936127
F_suf_іәшім,-0.28875458265936127
F_suf_әшім,-0.28875458265936127
F_абдіәшім,-0.28875458265936127
F_suf_діәшім,-0.28875458265936127
L_тулеуов,-0.46959354889290067
L_suf_улеуов,-0.46959354889290067
F_pre_аипер,0.26804714466299334
F_аипери,0.26804714466299334
F_suf_аипери,0.26804714466299334
F_suf_ипери,0.26804714466299334
F_pre_аипери,0.26804714466299334
F_suf_пери,0.2731021833122402
F_pre_аипе,0.26804714466299334
F_pre_амели,0.2625263145243752
F_pre_аме,0.2625263145243752
F_амелия,0.2625263145243752
F_pre_амелия,0.2625263145243752
F_pre_амел,0.2625263145243752
L_suf_еулиев,-0.40568774329618673
L_утеулиев,-0.40568774329618673
L_suf_улиев,-0.40568774329618673
F_suf_ден,-0.35792686239869465
F_suf_зден,-0.35792686239869465
F_suf_ізден,-0.35792686239869465
F_ізден,-0.35792686239869465
F_suf_велий,-0.24522323772946933
F_pre_савели,-0.24522323772946933
F_савелий,-0.24522323772946933
F_pre_саве,-0.24522323772946933
F_pre_сав,-0.24522323772946933
F_suf_елий,-0.37443703135351747
F_pre_савел,-0.24522323772946933
F_suf_авелий,-0.24522323772946933
L_suf_бырова,0.49793044967542655
L_сабырова,0.49793044967542655
F_suf_рита,0.2866939384015267
F_suf_гарита,0.2866939384015267
F_маргарита,0.2866939384015267
F_pre_марга,0.2866939384015267
F_suf_арита,0.2866939384015267
F_pre_маргар,0.2866939384015267
F_pre_марг,0.2866939384015267
L_suf_месова,0.5503847717906957
L_елемесова,0.5503847717906957
L_рахметова,0.4125246664183666
L_suf_абенов,-0.5084423459455186
L_абенов,-0.5084423459455186
L_suf_бенов,-0.5084423459455186
F_pre_айшабо,0.24935131630982169
F_suf_шабону,0.24935131630982169
F_айшабону,0.24935131630982169
F_адисей,-0.3719856896499832
F_pre_адисей,-0.3719856896499832
F_suf_адисей,-0.3719856896499832
F_suf_дисей,-0.3719856896499832
F_pre_адисе,-0.3719856896499832
F_suf_демi,0.3322800582117868
F_suf_адемi,0.3322800582117868
F_адемi,0.3322800582117868
F_suf_емi,0.3322800582117868
F_pre_адемi,0.3322800582117868
F_suf_мi,0.3322800582117868
F_pre_дилнур,0.25766791620817364
F_pre_дилну,0.25766791620817364
F_suf_илнура,0.25766791620817364
F_дилнура,0.25766791620817364
F_pre_дилн,0.259766597060918
F_абдимуслим,-0.22866721165076664
F_pre_алекс ,-0.4194746961609889
F_алекс роберт,-0.4194746961609889
L_кәрімқызы,0.4059044306424205
L_pre_кәрімқ,0.4059044306424205
F_suf_құт,-0.3179647300133418
F_suf_ізқұт,-0.3179647300133418
F_suf_зқұт,-0.3179647300133418
F_ізқұт,-0.3179647300133418
L_suf_елтай,-0.4198365354849228
L_pre_елтай,-0.4198365354849228
L_елтай,-0.4198365354849228
L_suf_лтай,-0.40876478891916784
L_suf_нжол,-0.4629202982786747
L_suf_жол,-0.4629202982786747
L_аманжол,-0.4629202982786747
L_suf_анжол,-0.4629202982786747
L_suf_манжол,-0.4629202982786747
L_бектемирова,0.3493707748436457
F_юрий,-0.3488766937032473
F_suf_юрий,-0.3488766937032473
F_pre_юрий,-0.3488766937032473
F_pre_юри,-0.3488766937032473
F_pre_зал,0.24467995472176624
F_залина,0.24467995472176624
F_pre_залина,0.24467995472176624
F_pre_залин,0.24467995472176624
F_pre_зали,0.24467995472176624
L_suf_нафин,-0.38655350048055465
L_suf_анафин,-0.38655350048055465
L_канафин,-0.38655350048055465
F_suf_алиса,0.40396298057714713
F_алиса,0.40396298057714713
L_жолдасбекқызы,0.5932814673356562
F_pre_жаз,0.26816659418739347
L_өмірбекқызы,0.42630495713245564
F_pre_жазира,0.26816659418739347
F_жазира,0.26816659418739347
F_pre_жази,0.26816659418739347
F_suf_жазира,0.26816659418739347
F_pre_жазир,0.26816659418739347
F_suf_авийя,0.23221376179746955
F_pre_адав,0.23572302264260647
F_suf_давийя,0.23221376179746955
F_адавийя,0.23221376179746955
F_suf_вийя,0.23221376179746955
F_pre_адавий,0.23221376179746955
F_pre_адави,0.23572302264260647
L_юсупова,0.4588054007432715
L_pre_серикқ,0.3689647436920124
L_серикқызы,0.3689647436920124
L_suf_икқызы,0.3689647436920124
F_pre_асла,-0.35818224436252094
F_pre_асл,-0.35818224436252094
F_pre_аслан,-0.35818224436252094
F_аслан,-0.35818224436252094
F_suf_асмина,0.26326602295665097
F_жасмина,0.26326602295665097
L_pre_исатай,-0.34616488841392906
L_suf_исатай,-0.34616488841392906
L_suf_сатай,-0.34616488841392906
L_исатай,-0.34616488841392906
F_suf_ілғазы,-0.2548132207907381
F_абілғазы,-0.2548132207907381
F_suf_албек,-0.22316394572433795
F_suf_далбек,-0.22316394572433795
F_абдалбек,-0.22316394572433795
F_pre_абдалб,-0.22316394572433795
L_suf_дашев,-0.3636851875287744
L_suf_лдашев,-0.3636851875287744
L_молдашев,-0.3636851875287744
L_туребаев,-0.4374607841126435
L_suf_ребаев,-0.4374607841126435
F_suf_ералы,-0.36487324416199696
F_pre_ералы,-0.36487324416199696
F_pre_ерал,-0.36487324416199696
F_suf_ралы,-0.36487324416199696
F_ералы,-0.36487324416199696
F_suf_дгор,-0.46366280549291705
F_pre_ёдг,-0.06181637268134837
F_pre_ёд,-0.06181637268134837
F_pre_ёдго,-0.06181637268134837
F_ёдгор,-0.46366280549291705
F_suf_ёдгор,-0.46366280549291705
F_pre_ёдгор,-0.06181637268134837
F_абдальазиз,-0.23187825042783025
F_cұлтанқожа,-0.30276188656827857
F_suf_анқожа,-0.30276188656827857
F_suf_нқожа,-0.30276188656827857
F_pre_адилан,0.2627585470996709
F_адилана,0.2627585470996709
F_suf_дилана,0.2627585470996709
L_умбетова,0.4494844075441348
F_хусеин,-0.2664039773294096
F_suf_сеин,-0.2664039773294096
F_pre_хусеин,-0.2664039773294096
F_suf_усеин,-0.2664039773294096
F_pre_хусеи,-0.2664039773294096
F_suf_еин,-0.2664039773294096
F_suf_хусеин,-0.2664039773294096
F_pre_айлине,0.22198760288182964
F_suf_линева,0.22198760288182964
F_suf_нева,0.22198760288182964
F_айлинева,0.22198760288182964
F_suf_инева,0.22198760288182964
F_suf_нсүр,-0.24635988070719242
F_suf_үр,-0.24635988070719242
F_suf_әнсүр,-0.24635988070719242
F_абілмәнсүр,-0.24635988070719242
F_suf_сүр,-0.24635988070719242
F_suf_мәнсүр,-0.24635988070719242
F_pre_абдкад,-0.2451047883624194
F_абдкадыр,-0.2451047883624194
F_suf_дкадыр,-0.2451047883624194
F_suf_тамир,-0.27249892884477966
F_pre_альтам,-0.27249892884477966
F_альтамир,-0.27249892884477966
F_suf_ьтамир,-0.27249892884477966
F_suf_ақан,-0.25714870739048074
F_pre_абақа,-0.25714870739048074
F_suf_абақан,-0.25714870739048074
F_pre_абақан,-0.25714870739048074
F_абақан,-0.25714870739048074
F_suf_бақан,-0.25714870739048074
L_көшербаева,0.4629588809737203
L_жуматаева,0.5876739966289153
F_pre_карина,0.3476385778558049
F_карина,0.3476385778558049
L_болатбекқызы,0.4081304881707392
F_suf_карина,0.3476385778558049
F_pre_карин,0.3476385778558049
L_имашева,0.5090783875040175
L_pre_утепб,-0.06188912551291749
L_утепбергенов,-0.609733007809871
L_pre_утепбе,-0.06188912551291749
F_pre_авин,0.31229366890632493
F_авина,0.31229366890632493
F_pre_авина,0.31229366890632493
F_suf_авина,0.31229366890632493
L_suf_омаров,-0.39434267892726443
L_омаров,-0.39434267892726443
L_ниязов,-0.4623563524526117
L_suf_язов,-0.4623563524526117
L_suf_иязов,-0.4623563524526117
L_suf_ниязов,-0.4623563524526117
L_сулейменов,-0.40593044457076977
F_suf_аббад,-0.3138599369896086
F_suf_ббад,-0.3138599369896086
F_suf_бад,-0.38341964785251553
F_аббад,-0.3138599369896086
F_pre_аббад,-0.3138599369896086
F_pre_мин,0.29085307897677043
F_миная,0.29085307897677043
F_pre_мина,0.29085307897677043
F_suf_миная,0.29085307897677043
F_suf_иная,0.29085307897677043
F_suf_ная,0.29085307897677043
F_pre_миная,0.29085307897677043
L_suf_уса,-0.6266125110015892
L_suf_муса,-0.6266125110015892
L_муса,-0.6266125110015892
F_aлинур,-0.2879918934040727
F_pre_aлинур,-0.2879918934040727
F_suf_aлинур,-0.2879918934040727
F_pre_aлин,-0.2879918934040727
F_pre_aлину,-0.2879918934040727
L_карабаев,-0.4515547371624556
L_suf_рабаев,-0.4515547371624556
L_сундетов,-0.42530976984625
L_suf_ндетов,-0.42530976984625
L_мурзагалиева,0.33966298222572755
F_suf_рбуви,0.2750108147749373
F_suf_орбуви,0.2750108147749373
F_анорбуви,0.2750108147749373
F_suf_ви,0.2750108147749373
F_suf_буви,0.2750108147749373
F_suf_уви,0.2750108147749373
F_pre_анорбу,0.2750108147749373
F_pre_анорб,0.2750108147749373
L_сактаганова,0.3826756916830945
L_suf_ганова,0.3769347959724917
L_мухаметжанов,-0.39390400101270406
F_pre_агния,0.31422576482975156
F_suf_гния,0.31422576482975156
F_suf_агния,0.31422576482975156
F_агния,0.31422576482975156
L_pre_ақылбе,0.0067046305517984425
L_pre_ақ,0.0067046305517984425
L_pre_ақыл,0.0067046305517984425
L_pre_ақылб,0.0067046305517984425
L_pre_ақы,0.0067046305517984425
L_ақылбекқызы,0.470496468588827
L_аширова,0.44818527570332267
L_suf_широва,0.44818527570332267
F_suf_абылай,-0.6088895033667072
F_абылай,-0.6088895033667072
F_suf_былай,-0.6088895033667072
L_какенов,-0.468894300982798
F_агла,0.3883742359081481
F_suf_агла,0.3883742359081481
F_suf_гла,0.3883742359081481
F_suf_леяна,0.31112640349385595
F_suf_еяна,0.31112640349385595
F_pre_леян,0.31112640349385595
F_pre_лея,0.31112640349385595
F_pre_леяна,0.31112640349385595
F_леяна,0.31112640349385595
L_suf_мал,-0.45733762717714227
L_камал,-0.45733762717714227
L_suf_камал,-0.45733762717714227
L_suf_амал,-0.45733762717714227
L_suf_ал,-0.45926018844803057
L_сарыбаева,0.41658952018559714
L_қамбар,-0.390365948476241
L_suf_амбар,-0.390365948476241
L_suf_бар,-0.390365948476241
L_suf_қамбар,-0.390365948476241
L_suf_мбар,-0.390365948476241
L_уразалиев,-0.5065872794802938
F_нурмухаммад,-0.293519384080628
F_suf_ілияс,-0.3442327646068949
F_ілияс,-0.3442327646068949
F_suf_лияс,-0.3442327646068949
F_ажаргуль,0.25900875124439876
F_suf_ргуль,0.25900875124439876
F_suf_аргуль,0.25900875124439876
F_pre_сулей,-0.27685088034765276
F_suf_ейман,-0.27685088034765276
F_сулейман,-0.27685088034765276
F_pre_суле,-0.27685088034765276
F_suf_йман,-0.27685088034765276
F_pre_сулейм,-0.27685088034765276
F_suf_лейман,-0.27685088034765276
L_мусина,0.41809374893300383
L_suf_усина,0.41809374893300383
L_suf_мусина,0.41809374893300383
L_pre_мусина,0.41809374893300383
F_pre_ажарай,0.2693560342635595
F_suf_ажарай,0.2693560342635595
F_ажарай,0.2693560342635595
L_каленов,-0.5396984360076142
L_pre_кале,0.030310439257912995
L_pre_кален,0.030310439257912995
L_pre_калено,0.030310439257912995
F_suf_уст,-0.3953556222348615
F_август,-0.3953556222348615
F_suf_густ,-0.3953556222348615
F_suf_вгуст,-0.3953556222348615
F_suf_август,-0.3953556222348615
F_аделия,0.21913275940163812
F_suf_аделия,0.21913275940163812
F_suf_делия,0.21913275940163812
F_pre_бо,-0.25572200642003823
F_pre_бог,-0.25572200642003823
F_suf_богдан,-0.25572200642003823
F_suf_гдан,-0.26120263968122104
F_pre_богдан,-0.25572200642003823
F_богдан,-0.25572200642003823
F_pre_богда,-0.25572200642003823
F_pre_богд,-0.25572200642003823
F_suf_огдан,-0.25572200642003823
F_pre_дм,-0.24548515109675362
F_suf_итрий,-0.24548515109675362
F_suf_трий,-0.24548515109675362
F_pre_дмит,-0.24548515109675362
F_pre_дми,-0.24548515109675362
F_дмитрий,-0.24548515109675362
F_pre_дмитри,-0.24548515109675362
F_pre_дмитр,-0.24548515109675362
F_suf_митрий,-0.24548515109675362
L_suf_тагаев,-0.3642344868717467
L_suf_гаев,-0.3642344868717467
L_suf_агаев,-0.3642344868717467
L_тагаев,-0.3642344868717467
F_pre_аксени,0.25098250703237623
F_аксения,0.25098250703237623
L_баймаханов,-0.4629097068118976
L_suf_купова,0.3726306643191596
L_жакупова,0.3726306643191596
F_pre_абадим,-0.36488850262067213
F_абадим,-0.36488850262067213
F_pre_абади,0.0726007595769511
F_suf_бадим,-0.36488850262067213
F_suf_абадим,-0.36488850262067213
L_құрманбекқызы,0.4559935357424518
L_олжабай,-0.3944987470881472
L_suf_жабай,-0.3944987470881472
L_suf_лжабай,-0.3944987470881472
F_pre_ізтөр,-0.2842833931217093
F_ізтөре,-0.2842833931217093
F_suf_зтөре,-0.2842833931217093
F_pre_ізтөре,-0.2842833931217093
F_suf_ізтөре,-0.2842833931217093
L_айткалиев,-0.3598688223537344
F_pre_ұлж,0.501672722018489
F_ұлжан,0.501672722018489
F_pre_ұлжа,0.501672722018489
F_suf_ұлжан,0.501672722018489
F_pre_ұлжан,0.501672722018489
F_suf_даллах,-0.2737355135378149
F_абдаллах,-0.2737355135378149
F_suf_зор,-0.36612486680393624
F_pre_анзо,-0.36612486680393624
F_suf_анзор,-0.36612486680393624
F_анзор,-0.36612486680393624
F_suf_нзор,-0.36612486680393624
F_pre_анзор,-0.36612486680393624
F_pre_элбек,-0.3330783594997619
F_pre_элб,-0.3330783594997619
F_suf_элбек,-0.3330783594997619
F_элбек,-0.3330783594997619
F_pre_элбе,-0.3330783594997619
L_мырзаханқызы,0.46691664981882164
L_жумабаев,-0.3948451388188639
L_suf_аутов,-0.43844702504919225
L_даутов,-0.43844702504919225
L_suf_даутов,-0.43844702504919225
F_suf_нұрали,-0.320261329145091
F_pre_нұрали,-0.320261329145091
F_нұрали,-0.320261329145091
F_suf_рали,-0.320261329145091
F_pre_нұрал,-0.320261329145091
F_suf_ұрали,-0.320261329145091
L_бақтыбаева,0.33856050703790325
F_suf_байбек,-0.2239503727478798
F_абайбек,-0.2239503727478798
F_pre_абайбе,-0.2239503727478798
F_suf_рзыхан,0.43825515565138073
F_pre_арзых,0.43825515565138073
F_suf_зыхан,0.43825515565138073
F_арзыхан,0.43825515565138073
F_pre_арзыха,0.43825515565138073
F_suf_ыхан,0.43825515565138073
F_абад,-0.45125478383442386
F_suf_абад,-0.45125478383442386
F_абадилля,0.5100926519093902
F_pre_абадил,0.5100926519093902
L_сагиндыкова,0.3359353084221163
L_есенгелдіқызы,0.46891332650775214
F_алекса,0.3634023403964401
F_pre_ливи,0.2808956754156484
F_ливия,0.2808956754156484
F_pre_ливия,0.2808956754156484
F_pre_лив,0.2808956754156484
L_галиев,-0.39650978658167557
F_suf_фзуна,0.25502230016888594
F_pre_афзун,0.25502230016888594
F_pre_афзу,0.25502230016888594
F_pre_афз,0.25502230016888594
F_афзуна,0.25502230016888594
F_pre_афзуна,0.25502230016888594
F_suf_афзуна,0.25502230016888594
L_кульбаева,0.48815246977374144
L_suf_ьбаева,0.48815246977374144
F_suf_данель,0.28391165505315924
F_pre_аданел,0.28391165505315924
F_аданель,0.28391165505315924
F_pre_адане,0.28391165505315924
F_suf_елек,0.45336738360016005
F_адилиямелек,0.45336738360016005
F_suf_мелек,0.45336738360016005
F_suf_ямелек,0.45336738360016005
F_pre_алай,0.32332344672145286
F_suf_лайя,0.32332344672145286
F_алайя,0.32332344672145286
F_suf_алайя,0.32332344672145286
F_pre_алайя,0.32332344672145286
F_pre_адрил,-0.34664217202945
F_suf_илиан,-0.34664217202945
F_suf_лиан,-0.34664217202945
F_pre_адрили,-0.34664217202945
F_suf_рилиан,-0.34664217202945
F_адрилиан,-0.34664217202945
L_абубакиров,-0.3865849063852699
L_pre_абубак,-0.0298071680734089
L_pre_абуб,-0.0298071680734089
L_pre_абуба,-0.0298071680734089
L_жеңіс,-0.41208786185897534
L_suf_жеңіс,-0.41208786185897534
L_suf_еңіс,-0.41208786185897534
L_suf_ңіс,-0.41208786185897534
F_pre_алеся,0.3066387814138644
F_алесявиктория,0.2694779710624363
F_pre_алесяв,0.2694779710624363
L_pre_толе,-0.03190574277538056
L_pre_тол,-0.03190574277538056
L_толегенова,0.36159319740205975
L_pre_толеге,-0.03190574277538056
L_pre_толег,-0.03190574277538056
F_pre_ізжан,-0.34890561807412873
F_pre_ізжа,-0.34890561807412873
F_pre_ізж,-0.34890561807412873
F_suf_ізжан,-0.34890561807412873
F_ізжан,-0.34890561807412873
F_suf_зжан,-0.34890561807412873
F_suf_антине,-0.33089473133382735
F_константине,-0.33089473133382735
F_suf_нтине,-0.33089473133382735
F_suf_ине,-0.33089473133382735
F_suf_не,-0.33089473133382735
F_suf_тине,-0.33089473133382735
F_pre_aң,-0.32056973973883435
F_pre_aңс,-0.32056973973883435
F_suf_aңсар,-0.32056973973883435
F_pre_aңсар,-0.32056973973883435
F_aңсар,-0.32056973973883435
F_pre_aңса,-0.32056973973883435
F_абдал,-0.3682179313413537
F_suf_бдал,-0.3682179313413537
F_suf_абдал,-0.3682179313413537
F_suf_тари,-0.38652906309529966
F_pre_отар,-0.38652906309529966
F_pre_отари,-0.38652906309529966
F_suf_отари,-0.38652906309529966
F_отари,-0.38652906309529966
F_suf_агинес,0.28738642832868405
F_pre_агине,0.28738642832868405
F_suf_гинес,0.28738642832868405
F_suf_инес,0.28738642832868405
F_pre_агинес,0.28738642832868405
F_suf_нес,0.28738642832868405
F_агинес,0.28738642832868405
F_suf_ідәя,-0.3947749053721988
F_pre_ідәя,-0.3947749053721988
F_suf_әя,-0.3947749053721988
F_suf_дәя,-0.3947749053721988
F_ідәя,-0.3947749053721988
F_pre_ідә,-0.3947749053721988
F_pre_ках,-0.5068036723241097
F_pre_каха,-0.5068036723241097
F_suf_каха,-0.5068036723241097
F_suf_аха,-0.5068036723241097
F_каха,-0.5068036723241097
F_зайнап,0.3843485621343645
F_suf_зайнап,0.3843485621343645
F_suf_айнап,0.3843485621343645
F_suf_йнап,0.3843485621343645
F_pre_зайнап,0.3843485621343645
F_pre_абасх,-0.3141095960503773
F_абасхан,-0.3141095960503773
F_pre_абасха,-0.3141095960503773
F_pre_алефт,0.2686437462321223
F_suf_фтина,0.27692788064731905
F_pre_алеф,0.2686437462321223
F_suf_ефтина,0.2686437462321223
F_алефтина,0.2686437462321223
F_pre_алефти,0.2686437462321223
F_suf_шахон,0.30586481102413393
F_suf_йшахон,0.30586481102413393
F_pre_айшахо,0.30586481102413393
F_айшахон,0.30586481102413393
F_suf_ифәт,0.3303616953623791
F_suf_лтифәт,0.3303616953623791
F_ілтифәт,0.3303616953623791
F_suf_тифәт,0.3303616953623791
F_pre_ілтифә,0.3303616953623791
F_suf_фәт,0.3303616953623791
F_suf_раббим,-0.27340668679806707
F_абдираббим,-0.27340668679806707
F_suf_ббим,-0.27340668679806707
F_suf_аббим,-0.27340668679806707
F_suf_бим,-0.27340668679806707
F_suf_ақжол,-0.38194599968783594
F_ақжол,-0.38194599968783594
F_suf_қжол,-0.38194599968783594
F_pre_ақжол,-0.38194599968783594
F_pre_ақжо,-0.38194599968783594
L_suf_әлібек,-0.4648309886295402
L_suf_лібек,-0.4648309886295402
L_әлібек,-0.4648309886295402
L_мамбетова,0.3721842207860646
L_каракулова,0.43241552846094455
F_абдірахым,-0.26789469938110066
F_suf_ірахым,-0.26789469938110066
L_исабаева,0.4154116398357439
F_абдураһим,-0.3289255908722369
F_suf_ураһим,-0.3289255908722369
L_турсынбаев,-0.4828685119809996
F_suf_авьер,-0.2664568663291825
F_suf_вьер,-0.2664568663291825
F_хавьер,-0.2664568663291825
F_pre_хав,-0.2664568663291825
F_suf_хавьер,-0.2664568663291825
F_pre_хавь,-0.2664568663291825
F_pre_хавьер,-0.2664568663291825
F_pre_хавье,-0.2664568663291825
F_suf_ьер,-0.2664568663291825
L_муратов,-0.39390506684914467
L_бекмагамбетов,-0.4379025752927554
L_suf_зғали,-0.5011880806454253
L_suf_азғали,-0.5011880806454253
L_оразғали,-0.5011880806454253
F_pre_авдулл,0.6299542367292063
F_авдуллах,0.6299542367292063
F_pre_авдул,0.6299542367292063
F_pre_авду,0.6299542367292063
F_сабрина,0.2408543852116821
F_pre_сабри,0.2639206168426236
F_pre_сабр,0.2639206168426236
F_pre_сабрин,0.2408543852116821
L_максутов,-0.4970396824861062
L_suf_сутов,-0.4970396824861062
L_suf_ксутов,-0.4970396824861062
F_ёдгора,0.39716730143724294
F_pre_ёдгора,0.39716730143724294
F_suf_дгора,0.39716730143724294
F_suf_ёдгора,0.39716730143724294
L_койшыбаев,-0.5403997378942993
L_suf_шыбаев,-0.5403997378942993
L_suf_браева,0.4007730115802695
L_ибраева,0.4007730115802695
F_suf_силиса,0.4693777561431687
F_василиса,0.4693777561431687
F_suf_илиса,0.4693777561431687
L_нурмаханова,0.4101571445735739
L_амренова,0.4516776349172634
L_suf_ренова,0.4516776349172634
F_suf_рие,0.28772274215494076
F_pre_сабрие,0.28772274215494076
F_suf_сабрие,0.28772274215494076
F_suf_ие,0.28772274215494076
F_сабрие,0.28772274215494076
F_suf_брие,0.28772274215494076
F_suf_абрие,0.28772274215494076
F_pre_aлан,-0.3855580906878555
F_suf_aлан,-0.3855580906878555
F_pre_aла,-0.3855580906878555
F_aлан,-0.3855580906878555
L_дуйсенбаев,-0.4760295628900998
F_алеся,0.34995949726621844
F_suf_алеся,0.34995949726621844
F_pre_софа,0.39351877454025247
F_софа,0.39351877454025247
F_suf_офа,0.39351877454025247
F_suf_софа,0.39351877454025247
F_suf_жархын,0.28772000895640704
F_suf_архын,0.28772000895640704
F_suf_хын,0.28772000895640704
F_pre_агжар,0.28772000895640704
F_pre_агжарх,0.28772000895640704
F_suf_рхын,0.28772000895640704
F_агжархын,0.28772000895640704
F_pre_абабәк,-0.25427825056264586
F_абабәкір,-0.25427825056264586
F_pre_абабә,-0.25427825056264586
F_suf_абәкір,-0.25427825056264586
F_pre_абаб,-0.25427825056264586
F_pre_гулми,0.2230005863835196
F_suf_лмира,0.2230005863835196
F_pre_гулмир,0.2230005863835196
F_suf_улмира,0.2230005863835196
F_гулмира,0.2230005863835196
F_pre_гулм,0.2230005863835196
F_янис,-0.49894924182693406
F_suf_янис,-0.49894924182693406
F_pre_янис,-0.49894924182693406
F_suf_агдан,-0.2641609765124635
F_pre_багдан,-0.2641609765124635
F_suf_багдан,-0.2641609765124635
F_багдан,-0.2641609765124635
F_pre_багд,-0.2641609765124635
F_pre_багда,-0.2641609765124635
F_pre_баг,-0.2641609765124635
L_бисенбаев,-0.3202851440195619
F_suf_рэс,-0.3177438688615691
F_pre_аарэ,-0.3177438688615691
F_suf_аарэс,-0.3177438688615691
F_suf_эс,-0.3177438688615691
F_suf_арэс,-0.3177438688615691
F_аарэс,-0.3177438688615691
F_pre_аарэс,-0.3177438688615691
F_муслим,-0.46942589749889263
F_pre_дәу,-0.269625056491425
F_pre_дәуле,-0.269625056491425
F_pre_дә,-0.269625056491425
F_дәулет,-0.269625056491425
F_pre_дәулет,-0.269625056491425
F_pre_дәул,-0.269625056491425
F_дилноза,0.2606618335273093
F_pre_дилно,0.2606618335273093
F_pre_дилноз,0.2606618335273093
F_suf_илноза,0.2606618335273093
L_баймагамбетов,-0.5293387059210717
F_suf_йгуль,0.26194646109385417
F_pre_айгуль,0.26194646109385417
F_айгуль,0.26194646109385417
F_suf_айгуль,0.26194646109385417
F_suf_ркежан,0.5382504705096839
F_pre_еркежа,0.5382504705096839
F_еркежан,0.5382504705096839
F_pre_еркеж,0.5382504705096839
F_pre_витали,0.05004336331908953
F_pre_витал,0.05004336331908953
F_виталина,0.41990367315895233
F_pre_вит,0.05004336331908953
F_pre_вита,0.05004336331908953
F_інкә,0.45171709903045204
F_suf_нкә,0.45171709903045204
F_suf_інкә,0.45171709903045204
F_suf_кә,0.45171709903045204
L_бисенгалиев,-0.47075545805992763
F_абдидалил,-0.2515173604962734
F_pre_абдида,-0.2515173604962734
F_suf_далил,-0.2515173604962734
F_suf_идалил,-0.2515173604962734
F_pre_абдид,-0.2515173604962734
F_pre_вахтан,-0.256559418133179
F_вахтанг,-0.256559418133179
F_pre_вахт,-0.256559418133179
F_suf_ахтанг,-0.256559418133179
F_suf_танг,-0.256559418133179
F_pre_вахта,-0.256559418133179
F_suf_хтанг,-0.256559418133179
L_бекжанова,0.5026879304477784
L_ақылбек,-0.3725889836263497
L_suf_қылбек,-0.3725889836263497
F_ілиза,0.3840836085496045
F_pre_ілиза,0.3840836085496045
F_pre_ілиз,0.3840836085496045
F_suf_ілиза,0.3840836085496045
L_таженова,0.4069942818591758
L_suf_женова,0.4069942818591758
L_токсанбаева,0.4465180253772616
F_suf_агниет,0.4130786515502761
F_suf_гниет,0.4130786515502761
F_агниет,0.4130786515502761
F_pre_агниет,0.4130786515502761
L_рахман,-0.47289615270621427
F_мариям,0.4268917781921796
F_pre_мариям,0.4268917781921796
F_suf_одир,-0.23677104433295834
F_suf_кодир,-0.23677104433295834
F_suf_дкодир,-0.23677104433295834
F_мухаммадкодир,-0.23677104433295834
L_pre_алтай,-0.3986678723016481
L_suf_алтай,-0.3986678723016481
L_алтай,-0.3986678723016481
L_сатыбалдиева,0.4226278833140031
L_танатаров,-0.3580073011941066
L_suf_атаров,-0.3580073011941066
F_pre_алфин,-0.3316400652328028
F_suf_лфинур,-0.3316400652328028
F_алфинур,-0.3316400652328028
F_pre_алф,-0.3316400652328028
F_pre_алфину,-0.3316400652328028
F_suf_финур,-0.3316400652328028
F_pre_алфи,-0.3316400652328028
F_suf_амрия,0.3162818117630907
F_suf_мрия,0.3162818117630907
F_pre_амри,0.3162818117630907
F_pre_амрия,0.3162818117630907
F_амрия,0.3162818117630907
F_pre_амр,0.3162818117630907
F_suf_стем,-0.3213619207397652
F_suf_рустем,-0.3213619207397652
F_pre_русте,-0.3213619207397652
F_suf_устем,-0.3213619207397652
F_рустем,-0.3213619207397652
F_pre_рустем,-0.3213619207397652
F_suf_іазиз,-0.23668934545600726
F_pre_абдіаз,-0.23668934545600726
F_suf_діазиз,-0.23668934545600726
F_абдіазиз,-0.23668934545600726
F_suf_екжан,-0.29084460439452864
F_pre_бекжа,-0.29084460439452864
F_pre_бекж,-0.29084460439452864
F_suf_бекжан,-0.29084460439452864
F_suf_кжан,-0.29084460439452864
F_pre_бекжан,-0.29084460439452864
F_бекжан,-0.29084460439452864
F_suf_гнетт,0.2847950172643074
F_агнетт,0.2847950172643074
F_suf_нетт,0.2847950172643074
F_suf_етт,0.2847950172643074
F_suf_агнетт,0.2847950172643074
F_suf_тт,0.2847950172643074
F_suf_вель,-0.6162791787651429
F_авель,-0.6162791787651429
F_suf_авель,-0.6162791787651429
F_pre_авель,-0.6162791787651429
F_pre_раяна,0.4475835092935681
F_раяна,0.4475835092935681
F_pre_мәдина,0.22563056168083429
F_pre_мәдин,0.22563056168083429
F_pre_мәд,0.22563056168083429
F_мәдина,0.22563056168083429
F_suf_мәдина,0.22563056168083429
F_pre_мәди,0.22563056168083429
F_suf_әдина,0.22563056168083429
F_suf_лентин,-0.5136322013198411
F_валентин,-0.5136322013198411
F_suf_ентин,-0.5136322013198411
F_pre_аарон ,-0.34156142362875497
F_suf_рза,-0.34156142362875497
F_suf_ мырза,-0.34156142362875497
F_аарон мырза,-0.34156142362875497
F_suf_ырза,-0.34156142362875497
F_suf_мырза,-0.34156142362875497
L_балабеков,-0.3118110448916637
F_pre_арай,0.3489392082736681
F_арайлым,0.3489392082736681
F_pre_арайл,0.3489392082736681
F_suf_райлым,0.3489392082736681
F_pre_арайлы,0.3489392082736681
F_pre_асылбе,-0.311028906757216
F_suf_сылбек,-0.311028906757216
F_pre_асылб,-0.311028906757216
F_асылбек,-0.311028906757216
L_данияр,-0.4344554262455168
L_suf_данияр,-0.4344554262455168
L_suf_анияр,-0.4344554262455168
L_suf_нияр,-0.4344554262455168
F_suf_ұхамед,-0.24613786575571361
F_ізмұхамед,-0.24613786575571361
F_suf_хамед,-0.24613786575571361
L_мұхитқызы,0.36249559375683793
L_pre_мұхитқ,0.36249559375683793
F_suf_ркадий,-0.5632733365328337
F_аркадий,-0.5632733365328337
F_suf_кадий,-0.5632733365328337
L_бекен,-0.41363315541451184
L_suf_бекен,-0.41363315541451184
L_suf_екен,-0.41363315541451184
F_алик,-0.6681602496588722
L_утепова,0.4365029602937995
L_suf_тепова,0.4365029602937995
F_абуханафия,0.31487524209316037
F_suf_анафия,0.31487524209316037
F_pre_абухан,0.31487524209316037
F_pre_абух,0.31487524209316037
F_suf_нафия,0.31487524209316037
F_pre_абуха,0.31487524209316037
F_ая,0.8144207794831008
F_suf_кеназ,0.34780904211568436
F_pre_еркена,0.34780904211568436
F_suf_еназ,0.34780904211568436
F_еркеназ,0.34780904211568436
F_suf_ркеназ,0.34780904211568436
F_pre_еркен,0.34780904211568436
F_suf_абди,-0.4452184492695265
F_suf_бди,-0.4452184492695265
F_абди,-0.4452184492695265
F_suf_робия,0.3403406038752854
F_pre_робия,0.3403406038752854
F_pre_роби,0.3403406038752854
F_робия,0.3403406038752854
F_suf_обия,0.3403406038752854
L_есенбекова,0.35426319025424147
L_pre_алимо,-0.010217875828320996
L_алимова,0.5789275554992696
L_pre_алимов,-0.010217875828320996
F_pre_айкан,0.3935910738932914
F_suf_кан,0.3648261152811523
F_айкан,0.3935910738932914
F_suf_айкан,0.3935910738932914
F_suf_йкан,0.3935910738932914
F_pre_айка,0.3935910738932914
L_pre_жакан,-0.023647069784484154
L_pre_жака,-0.023647069784484154
L_жаканова,0.4249198012653698
L_pre_жакано,-0.023647069784484154
F_pre_эле,0.2682218145053397
F_pre_элеоно,0.2682218145053397
F_suf_онора,0.2682218145053397
F_элеонора,0.2682218145053397
F_pre_элеон,0.2682218145053397
F_suf_еонора,0.2682218145053397
F_pre_элео,0.2682218145053397
F_suf_зирет,-0.35028571710289985
F_suf_ирет,-0.35028571710289985
F_азирет,-0.35028571710289985
F_suf_азирет,-0.35028571710289985
F_pre_айсұ,-0.08346380527570285
F_pre_айсұл,-0.08346380527570285
F_айсұлу,0.3297615159773691
F_suf_йсұлу,0.3297615159773691
F_pre_айсұлу,0.3297615159773691
F_suf_айсұлу,0.3297615159773691
F_адемхан,0.4419983201099025
F_pre_адемха,0.4419983201099025
F_suf_демхан,0.4419983201099025
F_pre_адемх,0.4419983201099025
F_suf_емхан,0.4419983201099025
L_ищанов,-0.5137949964619378
L_suf_ищанов,-0.5137949964619378
L_алмасқызы,0.4223016104047697
L_pre_алмасқ,0.4223016104047697
L_акбаева,0.605321990249171
F_гулсанам,0.31989833477144064
F_pre_гулса,0.31989833477144064
F_pre_гулс,0.31989833477144064
F_pre_гулсан,0.31989833477144064
F_suf_лсанам,0.31989833477144064
F_suf_устина,0.46418702305712545
F_августина,0.46418702305712545
F_pre_рухсо,0.25793467977250617
F_рухсора,0.25793467977250617
F_pre_рухс,0.25793467977250617
F_suf_хсора,0.25793467977250617
F_suf_ухсора,0.25793467977250617
F_pre_рухсор,0.25793467977250617
L_мухамеджанова,0.3997310335173216
F_pre_ека,0.23996265476429995
F_екатерина,0.23996265476429995
F_pre_екат,0.23996265476429995
F_pre_ек,0.23996265476429995
F_pre_екатер,0.23996265476429995
F_suf_терина,0.23996265476429995
F_pre_екате,0.23996265476429995
L_suf_етаев,-0.39405797258476
L_кенжетаев,-0.39405797258476
L_suf_жетаев,-0.39405797258476
F_pre_сельби,0.29118800803376105
F_suf_ьби,0.29118800803376105
F_suf_ельби,0.29118800803376105
F_pre_сель,0.29118800803376105
F_suf_льби,0.29118800803376105
F_pre_сельб,0.29118800803376105
F_сельби,0.29118800803376105
F_suf_сельби,0.29118800803376105
F_айпери,0.2802380266624229
F_pre_айп,0.2802380266624229
F_pre_айпери,0.2802380266624229
F_suf_йпери,0.2802380266624229
F_pre_айпер,0.2802380266624229
F_suf_айпери,0.2802380266624229
F_pre_айпе,0.2802380266624229
F_адлет,-0.45472632238672583
F_pre_адлет,-0.45472632238672583
F_suf_длет,-0.45472632238672583
F_suf_адлет,-0.45472632238672583
F_suf_бдінұр,-0.29293033741697644
F_suf_дінұр,-0.29293033741697644
F_абдінұр,-0.29293033741697644
L_әмірханқызы,0.47767722206528085
F_suf_бахар,0.570860939834444
F_pre_бахар,0.570860939834444
F_pre_баха,0.570860939834444
F_бахар,0.570860939834444
F_suf_нид,-0.25090914927577623
F_pre_леонид,-0.25090914927577623
F_suf_онид,-0.25090914927577623
F_pre_леони,-0.25090914927577623
F_леонид,-0.25090914927577623
F_suf_еонид,-0.25090914927577623
F_suf_леонид,-0.25090914927577623
F_алмаз,-0.4813289550151748
F_suf_алмаз,-0.4813289550151748
F_suf_лмаз,-0.4813289550151748
F_pre_алмаз,-0.4813289550151748
F_suf_маз,-0.4813289550151748
F_pre_темирл,-0.27837334845104356
F_pre_темир,-0.27837334845104356
F_темирлан,-0.27837334845104356
F_pre_теми,-0.27837334845104356
F_suf_ би,-0.27656311688975127
F_suf_ай би,-0.27656311688975127
F_абай би,-0.27656311688975127
F_pre_абай б,-0.27656311688975127
F_suf_бай би,-0.27656311688975127
F_suf_й би,-0.27656311688975127
L_suf_абыр,-0.47035254335150856
L_suf_быр,-0.47035254335150856
L_suf_сабыр,-0.47035254335150856
L_сабыр,-0.47035254335150856
L_ұзақбаева,0.4948641236842939
L_suf_қбаева,0.4948641236842939
L_suf_аканов,-0.4258187763760516
L_жаканов,-0.4258187763760516
F_suf_федор,-0.32136207583454884
F_pre_федо,-0.32136207583454884
F_pre_фед,-0.32136207583454884
F_suf_едор,-0.32136207583454884
F_федор,-0.32136207583454884
F_pre_федор,-0.32136207583454884
F_pre_агаф,0.25363005808815486
F_suf_афья,0.25363005808815486
F_suf_гафья,0.25363005808815486
F_pre_агафья,0.25363005808815486
F_suf_агафья,0.25363005808815486
F_агафья,0.25363005808815486
F_pre_агафь,0.25363005808815486
L_suf_асан,-0.5602555894290396
L_suf_сан,-0.5602555894290396
L_асан,-0.5602555894290396
F_андреана,0.468303436089555
F_suf_дреана,0.468303436089555
F_suf_реана,0.468303436089555
F_абдіжаппар,-0.2503335863709861
L_абиев,-0.4053769550706043
L_сейдалиев,-0.4059587805619829
L_атабаев,-0.46363295084309575
F_pre_русал,0.3026533100998004
F_pre_руса,0.3026533100998004
F_русалина,0.3026533100998004
F_pre_русали,0.3026533100998004
F_suf_салина,0.3026533100998004
L_suf_бишов,-0.46603059990564283
L_абишов,-0.46603059990564283
F_аристарх,-0.3303325057390985
F_suf_арх,-0.3303325057390985
L_suf_абишов,-0.46603059990564283
L_suf_ишов,-0.46603059990564283
F_suf_старх,-0.3303325057390985
F_suf_рх,-0.3303325057390985
F_pre_ариста,-0.3303325057390985
F_suf_истарх,-0.3303325057390985
F_suf_тарх,-0.3303325057390985
F_pre_аник,0.30662129310706643
F_suf_аника,0.30662129310706643
F_аника,0.30662129310706643
F_pre_аника,0.30662129310706643
F_pre_айнұ,0.6331383076904256
F_айнұр,0.6331383076904256
F_pre_айнұр,0.6331383076904256
L_батыров,-0.3868843858101238
L_suf_тыров,-0.3868843858101238
L_suf_атыров,-0.3868843858101238
L_suf_рал,-0.4615958931927498
L_suf_орал,-0.4615958931927498
L_орал,-0.4615958931927498
L_есетова,0.4405675819458749
L_suf_сетова,0.4405675819458749
F_pre_інсан,0.5557517887232111
F_suf_нсан,0.5557517887232111
F_suf_інсан,0.5557517887232111
F_інсан,0.5557517887232111
F_suf_бдибек,-0.2833103306598656
F_абдибек,-0.2833103306598656
F_pre_абдибе,-0.2833103306598656
F_suf_дибек,-0.2833103306598656
F_інкәрбала,0.7986679898092126
F_pre_адасха,0.5096295867780465
F_suf_дасхан,0.5096295867780465
F_pre_адасх,0.5096295867780465
F_адасхан,0.5096295867780465
L_рахимжанов,-0.5036126529512803
F_аскар,-0.3577541849332986
F_suf_аскар,-0.3577541849332986
F_pre_аска,-0.3577541849332986
F_pre_аскар,-0.3577541849332986
F_анияр,-0.5549934465924365
F_pre_анияр,-0.5549934465924365
F_pre_акы,0.3643244747302732
F_акылай,0.3643244747302732
F_pre_акыла,0.3643244747302732
F_pre_акылай,0.3643244747302732
F_suf_акылай,0.3643244747302732
F_pre_акыл,0.3643244747302732
F_suf_кылай,0.3643244747302732
F_pre_стефа,0.28104988648933144
F_pre_стефан,0.28104988648933144
F_pre_стеф,0.28104988648933144
F_стефания,0.28104988648933144
F_suf_фания,0.28104988648933144
F_suf_ефания,0.28104988648933144
L_утепбергенова,0.4322436120171406
L_suf_нарбай,-0.41019607926739315
L_анарбай,-0.41019607926739315
L_толегенов,-0.2921122591579317
L_suf_йзаков,-0.3813754524771902
L_байзаков,-0.3813754524771902
L_мауленова,0.41594766964888213
F_suf_іқадыр,-0.24689060090062406
F_абдіқадыр,-0.24689060090062406
L_абильдаева,0.3710617914506298
L_suf_ьдаева,0.3710617914506298
L_алимов,-0.500715560192403
F_suf_янұр,0.37271485832571427
F_suf_иянұр,0.37271485832571427
L_исмайлова,0.5513128275360265
F_suf_биянұр,0.37271485832571427
F_pre_абиянұ,0.37271485832571427
F_pre_абиян,0.37271485832571427
F_абиянұр,0.37271485832571427
L_бектурганова,0.36876894674145116
F_suf_байсал,-0.31523679758115564
F_suf_йсал,-0.31523679758115564
F_pre_байсал,-0.31523679758115564
F_байсал,-0.31523679758115564
F_pre_байс,-0.31523679758115564
F_pre_байса,-0.31523679758115564
F_suf_айсал,-0.31523679758115564
F_pre_каро,0.2878432928917602
F_suf_ролина,0.2878432928917602
F_pre_кароли,0.2878432928917602
F_каролина,0.2878432928917602
F_pre_карол,0.2878432928917602
F_suf_долат,0.41401348179832953
F_адолат,0.41401348179832953
F_pre_адолат,0.41401348179832953
F_suf_адолат,0.41401348179832953
F_pre_адол,0.41401348179832953
F_pre_адола,0.41401348179832953
F_евсения,0.23376530574634077
F_pre_евсени,0.23376530574634077
F_pre_евсе,0.23376530574634077
F_pre_евсен,0.23376530574634077
F_pre_евс,0.23376530574634077
F_suf_всения,0.23376530574634077
F_suf_бдол,-0.31033424052166925
F_абдол,-0.31033424052166925
F_suf_абдол,-0.31033424052166925
F_suf_дол,-0.31033424052166925
F_pre_адале,0.3705685634247626
F_адалет,0.3705685634247626
F_suf_адалет,0.3705685634247626
F_pre_адалет,0.3705685634247626
F_suf_алет,0.3705685634247626
F_suf_далет,0.3705685634247626
F_suf_иләзиз,-0.26279225289955066
F_suf_ләзиз,-0.26279225289955066
F_абдиләзиз,-0.26279225289955066
F_pre_абдилә,-0.26279225289955066
F_suf_әзиз,-0.26279225289955066
F_suf_дигазы,-0.25586121669390516
F_suf_игазы,-0.25586121669390516
F_абдигазы,-0.25586121669390516
F_suf_газы,-0.25586121669390516
F_pre_жанал,-0.29324020673925244
F_suf_жанали,-0.29324020673925244
F_pre_жанали,-0.29324020673925244
F_жанали,-0.29324020673925244
F_pre_баурж,-0.32923065603725205
F_pre_бауржа,-0.32923065603725205
F_бауржан,-0.32923065603725205
F_suf_уржан,-0.32923065603725205
F_suf_ауржан,-0.32923065603725205
F_pre_баур,-0.32923065603725205
L_бекбулатова,0.3968406178638218
L_капарова,0.4698873442714213
F_pre_анжелл,0.27409500055622255
F_suf_желла,0.27409500055622255
F_анжелла,0.27409500055622255
F_suf_нжелла,0.27409500055622255
F_агилина,0.20541134134420222
F_pre_агилин,0.20541134134420222
F_pre_асила,0.34878998484198276
F_suf_сила,0.34878998484198276
F_suf_асила,0.34878998484198276
F_асила,0.34878998484198276
F_айямилана,0.22038970643049471
F_pre_айям,0.22038970643049471
F_pre_айями,0.22038970643049471
F_pre_айямил,0.22038970643049471
F_pre_арма,-0.34526681425700684
F_pre_арман,-0.34526681425700684
F_арман,-0.34526681425700684
F_дени,-0.4732289889424821
F_suf_ени,-0.4732289889424821
F_suf_дени,-0.4732289889424821
L_мұратбек,-0.3716696686554206
L_suf_ратбек,-0.3716696686554206
F_pre_алатэ,0.27493032203316187
F_алатэя,0.27493032203316187
F_suf_латэя,0.27493032203316187
F_pre_алатэя,0.27493032203316187
F_suf_тэя,0.27493032203316187
F_suf_атэя,0.27493032203316187
F_pre_алат,0.27493032203316187
F_suf_алатэя,0.27493032203316187
F_suf_гирдас,-0.3281202030904922
F_suf_ирдас,-0.3281202030904922
F_suf_рдас,-0.3281202030904922
F_pre_альгир,-0.3281202030904922
F_альгирдас,-0.3281202030904922
F_нұрсұлтан,-0.24440592369018685
F_pre_нұрс,-0.24440592369018685
F_pre_нұрсұл,-0.24440592369018685
F_pre_нұрсұ,-0.24440592369018685
L_кожанов,-0.3590287652995316
L_suf_ожанов,-0.3590287652995316
L_манарбекқызы,0.4123392437282501
F_pre_илян,0.31362189390069545
F_suf_ляна,0.31362189390069545
F_иляна,0.31362189390069545
F_pre_иляна,0.31362189390069545
F_pre_иля,0.31362189390069545
F_suf_иляна,0.31362189390069545
F_анжелика,0.23240866783641048
L_абубакирова,0.3954309954818212
L_каирбекова,0.39334805553291685
L_какимова,0.4765418162368876
F_pre_алдия,-0.34423632575079477
F_suf_алдияр,-0.34423632575079477
F_pre_алдияр,-0.34423632575079477
F_алдияр,-0.34423632575079477
L_suf_екенов,-0.36919403421346675
L_бекенов,-0.36919403421346675
F_pre_айзе,0.34255700284189383
F_suf_айзере,0.34255700284189383
F_pre_айзер,0.34255700284189383
F_айзере,0.34255700284189383
F_pre_айзере,0.34255700284189383
F_анель,0.4106892200577379
F_pre_анель,0.4106892200577379
L_калдыбаева,0.40144013539601797
F_адас,0.6829663434254192
F_suf_адас,0.6829663434254192
F_айсұлтан,-0.48387367266272385
F_pre_айсұлт,-0.48387367266272385
L_кудайбергенов,-0.4165549885576098
F_дилшодбек,-0.42907110020049677
F_suf_шодбек,-0.42907110020049677
L_pre_керимк,0.017078847169420312
L_керимкулова,0.4686991528081414
F_suf_ексина,0.4122861972692155
F_алексина,0.4122861972692155
F_suf_ксина,0.4122861972692155
F_suf_мадали,-0.4019196007881534
F_мухаммадали,-0.4019196007881534
F_suf_адали,0.11756793526241803
F_suf_йхола,0.29544729003381454
F_pre_айхо,0.29544729003381454
F_pre_айхол,0.29544729003381454
F_suf_айхола,0.29544729003381454
F_suf_хола,0.29544729003381454
F_pre_айхола,0.29544729003381454
F_айхола,0.29544729003381454
F_suf_тимур,-0.3245693465260293
F_pre_тимур,-0.3245693465260293
F_suf_имур,-0.3245693465260293
F_pre_тиму,-0.3245693465260293
F_тимур,-0.3245693465260293
F_suf_ренат,-0.541535569549502
F_suf_енат,-0.541535569549502
F_ренат,-0.541535569549502
F_pre_ёсина,0.4808683712481553
F_ёсина,0.4808683712481553
F_suf_ёсина,0.4808683712481553
F_адинахан,0.41523790782078196
F_pre_адинах,0.41523790782078196
F_suf_инахан,0.41523790782078196
F_suf_хадиша,0.2527371721440228
F_suf_адиша,0.2527371721440228
F_pre_хадиша,0.2527371721440228
F_suf_диша,0.2527371721440228
F_хадиша,0.2527371721440228
F_pre_хадиш,0.2527371721440228
F_suf_риа,0.442104629254878
F_suf_дариа,0.442104629254878
F_дариа,0.442104629254878
F_suf_ариа,0.442104629254878
F_pre_заки,0.3563568827218684
F_pre_закия,0.3563568827218684
F_закия,0.3563568827218684
F_рия,0.5625825819701353
F_pre_рия,0.5625825819701353
F_pre_aйтөр,-0.2990856576321221
F_aйтөре,-0.2990856576321221
F_pre_aйт,-0.2990856576321221
F_pre_aйтө,-0.2990856576321221
F_pre_aйтөре,-0.2990856576321221
F_suf_aйтөре,-0.2990856576321221
F_адика,0.3656507270227258
F_suf_адика,0.3656507270227258
F_suf_дика,0.3656507270227258
F_pre_адика,0.3656507270227258
L_керимкулов,-0.5104340123305295
L_джумабаев,-0.3595147950458085
F_suf_усмон,-0.2978842757757077
F_усмон,-0.2978842757757077
F_pre_усмо,-0.2978842757757077
F_suf_смон,-0.2978842757757077
F_pre_усмон,-0.2978842757757077
F_адали,0.9080970511705285
F_suf_адмила,0.35847848314865477
F_радмила,0.35847848314865477
F_pre_радмил,0.35847848314865477
F_ариан,-0.5547371719098122
F_pre_асан,-0.6197511768898729
F_асан,-0.6197511768898729
F_suf_иёра,0.3730328212907189
F_suf_ёра,0.3730328212907189
F_pre_диёра,0.3730328212907189
F_диёра,0.3730328212907189
F_suf_диёра,0.3730328212907189
F_сезимай,0.2560848849524126
F_suf_зимай,0.2560848849524126
F_pre_сезима,0.2560848849524126
F_suf_езимай,0.2560848849524126
F_pre_айба,-0.4141204875502818
F_pre_айбар,-0.3919543029893408
F_айбар,-0.3919543029893408
F_suf_айбар,-0.3919543029893408
F_шахзода,0.39918525934037985
F_suf_хзода,0.39918525934037985
F_suf_ахзода,0.39918525934037985
F_севара,0.2310012626166109
F_pre_севар,0.2310012626166109
F_suf_евара,0.2310012626166109
F_pre_севара,0.2310012626166109
F_suf_севара,0.2310012626166109
F_pre_сева,0.2310012626166109
L_алибекқызы,0.38754853256133515
F_агиша,0.2731426783848634
F_pre_агиша,0.2731426783848634
F_pre_агиш,0.2731426783848634
F_suf_гиша,0.2731426783848634
F_suf_агиша,0.2731426783848634
F_suf_тиас,-0.29934115857933247
F_suf_атиас,-0.29934115857933247
F_pre_матиа,-0.29934115857933247
F_suf_матиас,-0.29934115857933247
F_матиас,-0.29934115857933247
F_pre_матиас,-0.29934115857933247
F_pre_мати,-0.29934115857933247
L_бекбосынова,0.42688904976872527
F_pre_зубай,-0.29057349404054783
F_pre_зуба,-0.29057349404054783
F_suf_убайр,-0.29057349404054783
F_suf_байр,-0.29057349404054783
F_зубайр,-0.29057349404054783
F_pre_зубайр,-0.29057349404054783
F_pre_зуб,-0.29057349404054783
F_suf_зубайр,-0.29057349404054783
L_молдахметова,0.34139656735507323
F_suf_баз,-0.38504796716026773
F_suf_ббаз,-0.38504796716026773
F_pre_аббаз,-0.3033309663500122
F_аббаз,-0.38504796716026773
F_suf_аббаз,-0.38504796716026773
F_suf_изабет,0.3709329961264785
F_аделэлизабет,0.3709329961264785
F_suf_абет,0.3709329961264785
F_suf_забет,0.3709329961264785
F_pre_аделэл,0.3709329961264785
F_pre_аделэ,0.3709329961264785
F_оксана,0.22601219188360883
F_pre_окс,0.22601219188360883
F_pre_ок,0.22601219188360883
F_pre_окса,0.22601219188360883
F_pre_оксана,0.22601219188360883
F_suf_оксана,0.22601219188360883
F_pre_оксан,0.22601219188360883
F_pre_іляс,-0.34263931678899406
F_іляс,-0.34263931678899406
F_suf_ляс,-0.34263931678899406
F_suf_іляс,-0.34263931678899406
F_suf_арша,0.25938380946572764
F_pre_інкарш,0.25938380946572764
F_suf_нкарша,0.25938380946572764
F_інкарша,0.25938380946572764
F_suf_рша,0.25938380946572764
F_suf_карша,0.25938380946572764
L_тұрсынбекқызы,0.4362008591581776
L_джумагулов,-0.42343024837441956
F_pre_айбат,-0.4332805782882871
F_suf_йбат,-0.4332805782882871
F_suf_айбат,-0.4332805782882871
F_айбат,-0.4332805782882871
L_аяпбергенов,-0.4139031900050771
F_демид,-0.30452088242857267
F_pre_демид,-0.30452088242857267
F_suf_емид,-0.30452088242857267
F_suf_мид,-0.26561038792183767
F_suf_демид,-0.30452088242857267
L_мұратова,0.43862499401418037
F_агиза,0.2822057317874915
F_pre_агиза,0.2822057317874915
F_suf_агиза,0.2822057317874915
F_pre_агиз,0.2822057317874915
F_pre_әсел,0.4373339567795161
F_әсел,0.4373339567795161
F_suf_әсел,0.4373339567795161
F_pre_алтына,0.29396299335785286
F_алтынай,0.29396299335785286
F_suf_тынай,0.29396299335785286
F_suf_лтынай,0.29396299335785286
F_suf_захро,0.41254278983463005
F_pre_захр,0.41254278983463005
F_pre_захро,0.41254278983463005
F_suf_ахро,0.41254278983463005
F_захро,0.41254278983463005
L_дүйсенқызы,0.47313165183491224
F_ансуамун,0.36866478809839354
F_pre_ансуа,0.36866478809839354
F_suf_суамун,0.36866478809839354
F_suf_амун,0.36866478809839354
F_suf_мун,-0.0005257138309463347
F_suf_уамун,0.36866478809839354
F_pre_ансуам,0.36866478809839354
F_pre_ансу,0.36866478809839354
F_адил,-0.6721239646402067
F_suf_адил,-0.6721239646402067
F_suf_алард,-0.37881848528140366
F_pre_алард,-0.37881848528140366
F_pre_алар,-0.37881848528140366
F_suf_лард,-0.37881848528140366
F_алард,-0.37881848528140366
L_suf_адулла,-0.5714469689950099
L_ибадулла,-0.5714469689950099
L_бисембаева,0.366233133225974
F_айым,0.6015521881015657
F_suf_айдын,-0.5187640778639446
F_suf_дын,-0.5187640778639446
F_suf_йдын,-0.5187640778639446
F_айдын,-0.5187640778639446
L_suf_нияров,-0.3792045889573526
L_данияров,-0.3792045889573526
L_suf_уатбек,-0.3485054070067741
L_қуатбек,-0.3485054070067741
L_амантаев,-0.44206769412058944
L_suf_антаев,-0.44206769412058944
L_раимбеков,-0.5338528114542196
L_suf_ғындық,-0.4255633465766726
L_сағындық,-0.4255633465766726
L_suf_ындық,-0.4255633465766726
F_pre_кете,0.40742129674251193
F_suf_етеван,0.40742129674251193
F_pre_кетев,0.40742129674251193
F_кетеван,0.40742129674251193
F_suf_теван,0.40742129674251193
F_pre_кет,0.40742129674251193
F_suf_еван,0.006596320645514368
F_pre_кетева,0.40742129674251193
F_ёлка,0.47628018929271726
F_pre_ёлка,0.47628018929271726
F_suf_ёлка,0.47628018929271726
F_suf_лка,0.47628018929271726
F_suf_оллах,-0.2858838315979758
F_абдоллах,-0.2858838315979758
F_suf_доллах,-0.2858838315979758
F_suf_рфа,0.34285287819105686
F_suf_марфа,0.34285287819105686
F_pre_марф,0.34285287819105686
F_марфа,0.34285287819105686
F_suf_арфа,0.34285287819105686
F_pre_марфа,0.34285287819105686
F_suf_якуб,-0.3554914511183183
F_pre_яку,-0.3554914511183183
F_pre_якуб,-0.3554914511183183
F_якуб,-0.3554914511183183
L_акылбекова,0.43495515523279193
F_suf_ьхамид,-0.22816567598264176
F_suf_амид,-0.22816567598264176
F_suf_хамид,-0.22816567598264176
F_абдельхамид,-0.22816567598264176
F_suf_рузбек,-0.22577733070516326
F_suf_узбек,-0.22577733070516326
F_бехрузбек,-0.22577733070516326
F_suf_гзере,0.2852012051120623
F_агзере,0.2852012051120623
F_pre_агзере,0.2852012051120623
F_suf_агзере,0.2852012051120623
F_pre_агзе,0.2852012051120623
F_pre_агзер,0.2852012051120623
L_керимбаев,-0.341000152624145
F_pre_рашид,-0.33744200943061986
F_рашид,-0.33744200943061986
F_pre_ниги,0.24447849858012538
F_pre_нигин,0.24447849858012538
F_нигина,0.24447849858012538
F_suf_игина,0.24447849858012538
F_suf_нигина,0.24447849858012538
F_pre_нигина,0.24447849858012538
F_suf_динұр,-0.30260818827566166
F_pre_абдинұ,-0.30260818827566166
F_абдинұр,-0.30260818827566166
F_suf_бдинұр,-0.30260818827566166
L_канаев,-0.48314070162917805
L_suf_канаев,-0.48314070162917805
F_suf_юлия,0.3942909169731
F_pre_юлия,0.3942909169731
F_юлия,0.3942909169731
F_pre_юли,0.3942909169731
F_pre_эсте,0.24908278105640916
F_pre_эстел,0.24908278105640916
F_эстелла,0.24908278105640916
F_pre_эст,0.24908278105640916
F_pre_эстелл,0.24908278105640916
L_серікбай,-0.38195316868616186
F_suf_анда,0.2869593833643213
F_suf_нанда,0.2869593833643213
F_pre_алакан,0.2869593833643213
F_pre_алак,0.2869593833643213
F_pre_алака,0.2869593833643213
F_suf_нда,0.2869593833643213
F_алакананда,0.2869593833643213
F_suf_ананда,0.2869593833643213
F_альмина,0.2772182816605161
F_pre_альмин,0.2772182816605161
F_suf_исамат,-0.28667707898283296
F_абдисамат,-0.28667707898283296
F_suf_іжалел,-0.2648298560654724
F_абдіжалел,-0.2648298560654724
F_suf_ділда,-0.3540910750969593
F_suf_бділда,-0.3540910750969593
F_абділда,-0.3540910750969593
F_suf_ілда,-0.3540910750969593
F_pre_абділд,-0.3540910750969593
F_suf_алиша,0.3817089489771119
F_pre_алиша,0.3817089489771119
F_suf_лиша,0.3817089489771119
F_алиша,0.3817089489771119
F_абдурахман,-0.48399410027133816
F_сумайя,0.22755239276544134
F_pre_сумайя,0.22755239276544134
F_suf_сумайя,0.22755239276544134
F_suf_умайя,0.22755239276544134
F_pre_сумай,0.22755239276544134
F_pre_арам,-0.5248783127442541
F_арам,-0.5248783127442541
F_suf_арам,-0.5248783127442541
F_бейбарыс,-0.2509567244972775
F_pre_бей,-0.2509567244972775
F_suf_йбарыс,-0.2509567244972775
F_pre_бейб,-0.2509567244972775
F_pre_бейба,-0.2509567244972775
F_pre_бейбар,-0.2509567244972775
F_suf_барыс,-0.2509567244972775
L_абдурахманова,0.5209330153028191
L_болатханқызы,0.38332234814406413
F_suf_даян,-0.6134801540331418
F_даян,-0.6134801540331418
L_дуйсебаева,0.5014884792384252
F_іңкәрия,0.28206215622394165
F_suf_ңкәрия,0.28206215622394165
F_pre_іңкәри,0.28206215622394165
F_pre_адият,0.4006097809551392
F_suf_дият,0.4006097809551392
F_адият,0.4006097809551392
F_suf_адият,0.4006097809551392
F_абатали,-0.28825287922450227
F_suf_атали,-0.28825287922450227
F_pre_абата,-0.28825287922450227
F_suf_батали,-0.28825287922450227
F_pre_абатал,-0.28825287922450227
L_байжуманова,0.39978366774200386
F_suf_даскүл,0.24194350707110018
F_адаскүл,0.24194350707110018
F_suf_аскүл,0.24194350707110018
F_pre_адаскү,0.24194350707110018
F_pre_абделм,-0.31349533487631515
F_suf_лмун,-0.31349533487631515
F_suf_делмун,-0.31349533487631515
F_абделмун,-0.31349533487631515
F_suf_елмун,-0.31349533487631515
L_курмангалиева,0.4003416187209522
L_гумаров,-0.43223578919470157
L_ашимова,0.47064463647338456
L_suf_рипова,0.4802861176020036
L_шарипова,0.4802861176020036
F_pre_алифти,0.284942039762054
F_pre_алиф,0.284942039762054
F_pre_алифт,0.284942039762054
F_алифтина,0.284942039762054
F_suf_ифтина,0.284942039762054
F_адавия,0.24129276574472736
F_pre_адавия,0.24129276574472736
F_suf_адавия,0.24129276574472736
F_suf_давия,0.24129276574472736
L_амангельдиев,-0.4780555573913638
L_suf_ьдиев,-0.4780555573913638
L_suf_льдиев,-0.4780555573913638
F_suf_горь,-0.3249504101949245
F_suf_орь,-0.3249504101949245
F_pre_иго,-0.3249504101949245
F_suf_игорь,-0.3249504101949245
F_pre_игор,-0.3249504101949245
F_pre_игорь,-0.3249504101949245
F_игорь,-0.3249504101949245
F_абдінур,-0.2900730818877176
F_suf_бдінур,-0.2900730818877176
F_suf_інур,-0.2900730818877176
F_suf_дінур,-0.2900730818877176
F_pre_абдіну,-0.2900730818877176
F_pre_елиза,0.287588273614316
F_suf_вета,0.287588273614316
F_pre_елизав,0.287588273614316
F_pre_елиз,0.287588273614316
F_suf_авета,0.287588273614316
F_suf_завета,0.287588273614316
F_елизавета,0.287588273614316
F_pre_aяла,0.3637806425521974
F_aяла,0.3637806425521974
F_pre_aял,0.3637806425521974
F_suf_aяла,0.3637806425521974
F_suf_рэн,-0.35576663882265214
F_suf_карэн,-0.35576663882265214
F_suf_эн,-0.35576663882265214
F_pre_карэ,-0.35576663882265214
F_pre_карэн,-0.35576663882265214
F_карэн,-0.35576663882265214
F_suf_арэн,-0.35576663882265214
L_бекбаева,0.44049039980009363
F_pre_айти,0.3304639016523691
F_pre_айтик,0.3304639016523691
F_suf_йтикан,0.3304639016523691
F_suf_тикан,0.3304639016523691
F_айтикан,0.3304639016523691
F_pre_айтика,0.3304639016523691
F_suf_икан,0.3304639016523691
F_suf_убакр,-0.36766585617567127
F_suf_бубакр,-0.36766585617567127
F_абубакр,-0.36766585617567127
L_pre_аяпова,0.37994229540854196
L_suf_япова,0.37994229540854196
L_suf_аяпова,0.37994229540854196
L_аяпова,0.37994229540854196
F_адельмира,0.2208146925531131
F_pre_ійжауа,-0.26691782727336655
F_pre_ій,-0.26691782727336655
F_suf_уат,-0.26691782727336655
F_suf_жауат,-0.26691782727336655
F_pre_ійжау,-0.26691782727336655
F_suf_ауат,-0.26691782727336655
F_pre_ійжа,-0.26691782727336655
F_pre_ійж,-0.26691782727336655
F_ійжауат,-0.26691782727336655
F_suf_йжауат,-0.26691782727336655
F_салих,-0.5293707467439309
F_алима,0.4276956808288604
F_аврелий,-0.46269410833810853
F_suf_релий,-0.46269410833810853
F_suf_врелий,-0.46269410833810853
F_аннастасия,0.22860482107297436
F_pre_аннас,0.22860482107297436
F_pre_аннаст,0.22860482107297436
F_suf_кс,-0.4503264173258388
F_алекс,-0.4503264173258388
F_suf_алекс,-0.4503264173258388
F_suf_екс,-0.4503264173258388
F_suf_лекс,-0.4503264173258388
L_каленова,0.5068536862672961
F_suf_базбек,-0.22133789957344346
F_pre_аббазб,-0.22133789957344346
F_аббазбек,-0.22133789957344346
F_suf_леван,-0.4095771733192597
F_леван,-0.4095771733192597
F_алманбет,-0.3825607152733205
F_pre_алман,-0.3825607152733205
F_pre_алманб,-0.3825607152733205
F_suf_манбет,-0.3825607152733205
L_нугманова,0.4298192845234488
F_suf_бдина,0.5487201663770044
F_suf_абдина,0.5487201663770044
F_абдина,0.5487201663770044
F_pre_абдилр,-0.37459650798076416
F_абдилрахман,-0.37459650798076416
F_pre_лайана,0.21467061191742595
F_suf_лайана,0.21467061191742595
F_лайана,0.21467061191742595
F_pre_лайа,0.21467061191742595
F_pre_лайан,0.21467061191742595
L_калжанова,0.4780315913871286
F_ислам,-0.32759022312106617
F_адима,0.29547354546326104
F_suf_адима,0.29547354546326104
F_suf_дима,0.29547354546326104
F_pre_адима,0.29547354546326104
F_pre_адим,0.29547354546326104
F_pre_лола,0.37408218656902575
F_pre_лол,0.37408218656902575
F_лола,0.37408218656902575
F_suf_аделя,0.2852960393866424
F_suf_деля,0.2852960393866424
F_аделя,0.2852960393866424
F_suf_бегим,0.4800141842774394
F_аминабегим,0.4800141842774394
F_pre_аминаб,0.4800141842774394
F_suf_егим,0.4800141842774394
F_suf_абегим,0.4800141842774394
F_suf_талия,0.3099446978894298
F_suf_аталия,0.3099446978894298
F_pre_анатал,0.3099446978894298
F_анаталия,0.3099446978894298
L_смаилов,-0.3859441899448698
F_suf_атоль,-0.45908019621755014
F_suf_натоль,-0.45908019621755014
F_suf_толь,-0.45908019621755014
F_анатоль,-0.45908019621755014
F_исламбек,-0.21813572655602698
F_pre_исламб,-0.21813572655602698
L_suf_залина,0.4823842548670192
L_suf_алина,0.4823842548670192
L_оразалина,0.4823842548670192
F_suf_ытбек,-0.24716862939539788
F_pre_бакы,-0.24716862939539788
F_бакытбек,-0.24716862939539788
F_pre_бакыт,-0.24716862939539788
F_pre_бакытб,-0.24716862939539788
F_pre_бак,-0.24716862939539788
F_suf_кытбек,-0.24716862939539788
F_suf_динура,0.28057561760169925
F_адинура,0.28057561760169925
F_pre_іңса,-0.42730118994947086
F_іңсар,-0.42730118994947086
F_pre_іңсар,-0.42730118994947086
F_suf_іңсар,-0.42730118994947086
L_абаев,-0.4168208977231324
L_болатов,-0.36049346493407364
F_suf_алаида,0.22764667328695298
F_адалаида,0.22764667328695298
F_pre_адалаи,0.22764667328695298
F_абдырахман,-0.3169986973736839
F_pre_абдыра,-0.3169986973736839
F_pre_абдыр,-0.3169986973736839
F_suf_ехан,-0.33558638707346405
F_suf_лехан,-0.33558638707346405
F_алехан,-0.33558638707346405
F_suf_алехан,-0.33558638707346405
F_suf_талий,-0.4686744408273046
F_виталий,-0.4686744408273046
F_suf_алий,-0.4686744408273046
F_suf_италий,-0.4686744408273046
F_pre_адиет,0.4590163639827359
F_suf_диет,0.4590163639827359
F_suf_адиет,0.4590163639827359
F_адиет,0.4590163639827359
L_сүлейменұлы,0.0
L_suf_менұлы,0.0
L_suf_енұлы,0.0
L_pre_волк,0.0
L_pre_волков,0.0
L_pre_волко,0.0
L_suf_олкова,0.0
L_волкова,0.0
L_pre_вол,0.0
L_suf_лкова,0.0
L_pre_во,0.0
L_pre_кузн,0.0
L_suf_нецова,0.0
L_suf_ецова,0.0
L_pre_кузнец,0.0
L_кузнецова,0.0
L_suf_цова,0.0
L_pre_кузне,0.0
F_suf_әлібек,0.0
F_pre_әлібе,0.0
F_pre_әлібек,0.0
F_pre_әліб,0.0
F_suf_лібек,0.0
F_әлібек,0.0
L_pre_попо,0.0
L_pre_попова,0.0
L_попова,0.0
L_pre_попов,0.0
L_suf_опова,0.0
L_pre_поп,0.0
L_suf_попова,0.0
F_pre_нұрлан,0.0
F_suf_ұрлан,0.0
F_suf_нұрлан,0.0
F_нұрлан,0.0
F_pre_нұрл,0.0
F_pre_нұрла,0.0
L_pre_мороз,0.0
L_pre_моро,0.0
L_pre_мор,0.0
L_pre_морозо,0.0
L_suf_озова,0.0
L_морозова,0.0
L_suf_розова,0.0
L_pre_ивано,0.0
L_suf_ванов,0.0
L_suf_иванов,0.0
L_pre_иванов,0.0
L_pre_иван,0.0
L_иванов,0.0
L_pre_ива,0.0
L_pre_ив,0.0
L_suf_петров,0.0
L_pre_пет,0.0
L_suf_етров,0.0
L_петров,0.0
L_pre_петр,0.0
L_pre_петров,0.0
L_suf_тров,0.0
L_pre_петро,0.0
L_suf_мирнов,0.0
L_suf_ирнов,0.0
L_pre_смир,0.0
L_pre_смирн,0.0
L_pre_смирно,0.0
L_suf_рнов,0.0
L_смирнов,0.0
L_pre_сми,0.0
L_pre_қадыро,0.0
L_қадырова,0.0
L_suf_ильев,0.0
L_васильев,0.0
L_suf_льев,0.0
L_pre_василь,0.0
L_pre_васи,0.0
L_pre_вас,0.0
L_suf_ьев,0.0
L_pre_васил,0.0
L_suf_сильев,0.0
F_suf_анар,0.0
F_жанар,0.0
F_pre_жанар,0.0
F_suf_жанар,0.0
L_suf_околов,0.0
L_pre_соко,0.0
L_pre_сокол,0.0
L_соколов,0.0
L_suf_колов,0.0
L_pre_сок,0.0
L_pre_соколо,0.0
L_pre_жүнісо,0.0
L_suf_нісова,0.0
L_suf_ісова,0.0
F_suf_әлия,0.0
F_әлия,0.0
F_pre_әлия,0.0
L_жүнісова,0.0
L_pre_михайл,0.0
L_pre_ми,0.0
L_pre_мих,0.0
L_pre_миха,0.0
L_suf_хайлов,0.0
L_pre_михай,0.0
L_михайлов,0.0
L_suf_ақова,0.0
F_suf_сәуле,0.0
L_pre_ысқақо,0.0
L_ысқақова,0.0
F_pre_сәу,0.0
F_suf_әуле,0.0
F_сәуле,0.0
F_pre_сәул,0.0
L_suf_қақова,0.0
F_pre_сәуле,0.0
L_suf_едоров,0.0
L_pre_фед,0.0
L_федоров,0.0
L_pre_федоро,0.0
L_pre_фе,0.0
L_pre_федо,0.0
L_suf_доров,0.0
L_suf_оров,0.0
L_pre_федор,0.0
L_pre_есімо,0.0
L_suf_імова,0.0
L_suf_сімова,0.0
L_pre_есімов,0.0
L_есімова,0.0
L_pre_есім,0.0
L_pre_есі,0.0
L_pre_орло,0.0
L_suf_орлов,0.0
L_орлов,0.0
L_suf_рлов,0.0
L_pre_орл,0.0
L_pre_орлов,0.0
F_анар,0.0
L_suf_дев,0.0
L_pre_лебеде,0.0
L_лебедев,0.0
L_pre_леб,0.0
L_suf_ебедев,0.0
L_pre_лебед,0.0
L_pre_лебе,0.0
L_suf_едев,0.0
L_suf_бедев,0.0
L_козлов,0.0
L_pre_козл,0.0
L_suf_злов,0.0
L_pre_коз,0.0
L_pre_козло,0.0
L_suf_озлов,0.0
L_pre_козлов,0.0
L_suf_козлов,0.0
L_сапарбайқызы,0.0
L_pre_новик,0.0
L_suf_овиков,0.0
L_pre_новико,0.0
L_suf_виков,0.0
L_pre_нови,0.0
L_pre_нов,0.0
L_pre_но,0.0
L_новиков,0.0
L_suf_ібаева,0.0
L_pre_әлібае,0.0
L_әлібаева,0.0
L_pre_әліба,0.0
L_suf_айцев,0.0
L_suf_цев,0.0
L_pre_зайц,0.0
L_pre_зайце,0.0
L_pre_зай,0.0
L_suf_йцев,0.0
L_зайцев,0.0
L_pre_зайцев,0.0
L_suf_зайцев,0.0
L_нұрмағамбетова,0.0
L_pre_нұрмағ,0.0
L_pre_павло,0.0
L_pre_пав,0.0
L_pre_па,0.0
L_павлов,0.0
L_suf_авлов,0.0
L_suf_павлов,0.0
L_pre_павлов,0.0
L_pre_павл,0.0
L_suf_влов,0.0
F_pre_ләзз,0.0
F_pre_ләззат,0.0
F_suf_әззат,0.0
F_pre_ләзза,0.0
F_ләззат,0.0
F_pre_ләз,0.0
F_suf_ләззат,0.0
F_pre_лә,0.0
L_pre_степ,0.0
L_pre_степан,0.0
L_степанов,0.0
L_pre_сте,0.0
L_pre_ст,0.0
L_suf_епанов,0.0
L_pre_степа,0.0
L_мұхтарова,0.0
L_pre_нико,0.0
L_suf_колаев,0.0
L_pre_никол,0.0
L_pre_никола,0.0
L_pre_ник,0.0
L_николаев,0.0
L_suf_олаев,0.0
F_pre_мәлик,0.0
F_pre_мәлика,0.0
L_pre_рүсте,0.0
L_pre_рүст,0.0
L_рүстемова,0.0
F_мәлика,0.0
F_pre_мәли,0.0
F_suf_әлика,0.0
F_suf_мәлика,0.0
L_pre_рү,0.0
L_pre_рүстем,0.0
L_pre_рүс,0.0
F_pre_мәл,0.0
L_suf_олубев,0.0
L_pre_голуб,0.0
L_голубев,0.0
L_pre_гол,0.0
L_pre_го,0.0
L_suf_лубев,0.0
L_pre_голубе,0.0
L_suf_бев,0.0
L_suf_убев,0.0
L_pre_голу,0.0
L_pre_ви,0.0
L_pre_виногр,0.0
L_pre_вино,0.0
L_pre_виног,0.0
L_pre_вин,0.0
L_виноградов,0.0
L_suf_адов,0.0
L_suf_радов,0.0
L_suf_градов,0.0
L_pre_әбіше,0.0
L_suf_ішева,0.0
L_pre_әбішев,0.0
L_әбішева,0.0
L_pre_әбіш,0.0
L_suf_бішева,0.0
L_pre_бог,0.0
L_pre_богдан,0.0
L_suf_гданов,0.0
L_pre_богда,0.0
L_богданов,0.0
L_pre_богд,0.0
L_suf_данов,0.0
L_қуанышева,0.0
L_suf_бьев,0.0
L_воробьев,0.0
L_suf_робьев,0.0
L_pre_вор,0.0
L_suf_обьев,0.0
L_pre_воробь,0.0
L_pre_вороб,0.0
L_pre_воро,0.0
L_мұстафина,0.0
L_pre_мұста,0.0
L_pre_мұстаф,0.0
L_pre_мұст,0.0
L_suf_елов,0.0
L_pre_бел,0.0
L_pre_белов,0.0
L_белов,0.0
L_suf_белов,0.0
L_pre_бело,0.0
F_pre_гауһар,0.0
F_pre_гау,0.0
F_pre_гауһ,0.0
L_шәріпова,0.0
F_suf_гауһар,0.0
F_гауһар,0.0
L_pre_шәр,0.0
L_pre_шә,0.0
L_pre_шәріп,0.0
L_suf_іпова,0.0
L_suf_ріпова,0.0
L_pre_шәрі,0.0
F_pre_гауһа,0.0
L_pre_шәріпо,0.0
L_suf_арасов,0.0
L_pre_тарас,0.0
L_тарасов,0.0
L_pre_тарасо,0.0
L_pre_тара,0.0
L_pre_тар,0.0
L_suf_расов,0.0
F_suf_өз,0.0
F_suf_гөз,0.0
F_ботагөз,0.0
F_pre_ботагө,0.0
F_suf_агөз,0.0
F_suf_отагөз,0.0
F_pre_бот,0.0
F_suf_тагөз,0.0
F_pre_ботаг,0.0
F_pre_бота,0.0
L_suf_азаков,0.0
L_pre_казак,0.0
L_казаков,0.0
L_pre_каза,0.0
L_pre_казако,0.0
L_бекмұрзина,0.0
L_suf_рзина,0.0
L_pre_бекмұр,0.0
L_suf_ұрзина,0.0
L_pre_бекмұ,0.0
L_pre_кома,0.0
L_комаров,0.0
L_pre_комаро,0.0
L_pre_ком,0.0
L_pre_комар,0.0
L_suf_оқаева,0.0
L_pre_тоқае,0.0
L_pre_тоқа,0.0
L_suf_қаева,0.0
L_тоқаева,0.0
L_pre_тоқаев,0.0
L_pre_гус,0.0
L_suf_сев,0.0
L_suf_гусев,0.0
L_гусев,0.0
L_pre_гусев,0.0
L_pre_гусе,0.0
L_suf_усев,0.0
L_кенжебайқызы,0.0
F_pre_назгүл,0.0
F_pre_назгү,0.0
F_назгүл,0.0
F_suf_азгүл,0.0
F_pre_назг,0.0
F_suf_назгүл,0.0
L_pre_тихо,0.0
L_тихомиров,0.0
L_pre_тих,0.0
L_pre_тихом,0.0
L_pre_ти,0.0
L_pre_тихоми,0.0
L_suf_омиров,0.0
L_pre_антон,0.0
L_suf_нтонов,0.0
L_suf_онов,0.0
L_pre_антоно,0.0
L_pre_ант,0.0
L_pre_анто,0.0
L_антонов,0.0
L_suf_тонов,0.0
L_pre_ерлано,0.0
L_ерланова,0.0
L_баранов,0.0
L_pre_баран,0.0
L_suf_ранов,0.0
L_pre_бара,0.0
L_pre_барано,0.0
L_suf_аранов,0.0
L_pre_бар,0.0
L_pre_сейіто,0.0
F_pre_эльми,0.0
L_сейітова,0.0
L_suf_йітова,0.0
F_эльмира,0.0
F_pre_эльм,0.0
L_pre_сейіт,0.0
L_suf_ітова,0.0
F_pre_эльмир,0.0
L_pre_сейі,0.0
F_борис,0.0
L_suf_ксеев,0.0
F_pre_бор,0.0
L_pre_алексе,0.0
L_pre_алек,0.0
F_pre_бори,0.0
L_suf_ексеев,0.0
F_suf_борис,0.0
F_pre_борис,0.0
L_suf_сеев,0.0
L_pre_алекс,0.0
L_алексеев,0.0
F_suf_орис,0.0
L_pre_сор,0.0
L_suf_орокин,0.0
L_suf_окин,0.0
L_suf_кин,0.0
L_suf_рокин,0.0
L_pre_сороки,0.0
L_pre_сорок,0.0
L_сорокин,0.0
L_pre_соро,0.0
L_pre_игнат,0.0
L_игнатьев,0.0
L_pre_игн,0.0
L_suf_натьев,0.0
L_suf_тьев,0.0
L_pre_иг,0.0
L_pre_игна,0.0
L_suf_атьев,0.0
L_pre_игнать,0.0
L_suf_ғұлова,0.0
L_suf_ұлова,0.0
L_жұмағұлова,0.0
L_pre_борисо,0.0
L_pre_борис,0.0
L_suf_орисов,0.0
L_борисов,0.0
F_suf_емен,0.0
L_pre_бори,0.0
F_pre_семе,0.0
F_семен,0.0
F_pre_семен,0.0
F_suf_семен,0.0
F_suf_шолпан,0.0
F_suf_лпан,0.0
F_suf_олпан,0.0
F_pre_шол,0.0
F_pre_шолпан,0.0
F_pre_шолпа,0.0
F_pre_шолп,0.0
F_шолпан,0.0
L_suf_авыдов,0.0
L_pre_давыдо,0.0
L_suf_ыдов,0.0
L_suf_выдов,0.0
L_pre_давы,0.0
L_pre_давыд,0.0
L_давыдов,0.0
L_suf_орьев,0.0
L_pre_гри,0.0
L_suf_горьев,0.0
L_pre_гр,0.0
L_suf_рьев,0.0
L_pre_григо,0.0
L_pre_григор,0.0
L_pre_григ,0.0
L_григорьев,0.0
L_pre_киселе,0.0
L_suf_селева,0.0
L_pre_кисел,0.0
L_suf_лева,0.0
L_pre_кисе,0.0
L_киселева,0.0
L_suf_елева,0.0
L_pre_кис,0.0
L_suf_карпов,0.0
L_suf_рпов,0.0
L_pre_карпов,0.0
L_карпов,0.0
L_pre_карпо,0.0
L_pre_карп,0.0
L_suf_арпов,0.0
L_suf_насьев,0.0
L_афанасьев,0.0
L_pre_афанас,0.0
L_suf_сьев,0.0
L_pre_афан,0.0
L_suf_асьев,0.0
L_pre_афа,0.0
L_pre_афана,0.0
L_pre_аф,0.0
F_pre_әсемгү,0.0
F_әсемгүл,0.0
L_pre_мыңба,0.0
L_pre_мыңбае,0.0
L_мыңбаева,0.0
F_suf_емгүл,0.0
L_pre_мың,0.0
L_pre_мыңб,0.0
F_suf_семгүл,0.0
L_suf_ңбаева,0.0
F_pre_әсемг,0.0
L_suf_власов,0.0
L_pre_вла,0.0
L_власов,0.0
L_pre_влас,0.0
L_suf_ласов,0.0
L_pre_власов,0.0
L_pre_вл,0.0
L_pre_власо,0.0
F_pre_гүлм,0.0
F_гүлмира,0.0
F_pre_гүлмир,0.0
F_pre_гүлми,0.0
F_suf_үлмира,0.0
L_pre_макар,0.0
L_suf_акаров,0.0
L_pre_макаро,0.0
L_макаров,0.0
L_тасмағамбетова,0.0
L_pre_тасма,0.0
L_pre_тасм,0.0
L_pre_тасмағ,0.0
L_suf_харов,0.0
L_pre_зах,0.0
L_захаров,0.0
L_pre_захаро,0.0
L_pre_заха,0.0
L_suf_ахаров,0.0
L_pre_захар,0.0
L_suf_иппов,0.0
L_филиппов,0.0
L_suf_липпов,0.0
L_pre_фили,0.0
L_pre_филип,0.0
L_pre_фи,0.0
L_pre_филипп,0.0
L_pre_фил,0.0
L_suf_ппов,0.0
L_pre_сергее,0.0
L_сергеев,0.0
F_тихон,0.0
L_pre_серге,0.0
F_pre_тих,0.0
F_suf_тихон,0.0
F_pre_тихо,0.0
F_suf_ихон,0.0
L_suf_геев,0.0
F_pre_тихон,0.0
L_suf_ргеев,0.0
L_pre_серг,0.0
L_suf_ергеев,0.0
F_suf_наш,0.0
F_pre_айнаш,0.0
F_suf_йнаш,0.0
F_айнаш,0.0
L_pre_жұмали,0.0
L_жұмалиева,0.0
L_pre_жұмал,0.0
F_suf_айнаш,0.0
L_pre_фро,0.0
L_фролов,0.0
L_pre_фрол,0.0
L_pre_фроло,0.0
L_pre_фр,0.0
L_suf_фролов,0.0
L_pre_фролов,0.0
L_suf_ролов,0.0
F_suf_ігүл,0.0
F_pre_бибі,0.0
F_бибігүл,0.0
F_suf_ибігүл,0.0
F_pre_бибігү,0.0
F_pre_бибіг,0.0
L_suf_ғазина,0.0
L_нұрғазина,0.0
F_suf_бігүл,0.0
L_pre_ще,0.0
L_pre_щер,0.0
L_suf_рбаков,0.0
L_pre_щерба,0.0
L_щербаков,0.0
L_pre_щербак,0.0
L_pre_щерб,0.0
L_suf_баков,0.0
L_pre_құса,0.0
L_құсайынова,0.0
L_pre_құсай,0.0
L_pre_құсайы,0.0
L_pre_құс,0.0
L_suf_йынова,0.0
L_pre_потап,0.0
L_suf_тапов,0.0
L_потапов,0.0
L_pre_пот,0.0
L_suf_отапов,0.0
L_pre_пота,0.0
L_pre_потапо,0.0
L_pre_яковл,0.0
L_pre_яко,0.0
L_suf_овлев,0.0
L_pre_яков,0.0
L_suf_влев,0.0
L_suf_ковлев,0.0
L_яковлев,0.0
L_pre_як,0.0
L_suf_лев,0.0
L_pre_яковле,0.0
F_suf_жібек,0.0
F_pre_жіб,0.0
F_жібек,0.0
F_pre_жі,0.0
F_pre_жібек,0.0
F_pre_жібе,0.0
L_pre_бл,0.0
L_pre_блинов,0.0
L_pre_бли,0.0
L_pre_блин,0.0
L_suf_линов,0.0
L_блинов,0.0
L_pre_блино,0.0
L_suf_блинов,0.0
L_темірбекова,0.0
L_suf_овалов,0.0
L_pre_конова,0.0
L_suf_валов,0.0
L_коновалов,0.0
L_pre_конов,0.0
L_pre_коно,0.0
L_pre_қасымо,0.0
L_қасымова,0.0
L_pre_мел,0.0
L_pre_мельн,0.0
L_pre_мель,0.0
L_pre_мельни,0.0
L_suf_ников,0.0
L_мельников,0.0
L_suf_ьников,0.0
L_suf_қыпова,0.0
L_жақыпова,0.0
L_pre_жақыпо,0.0
L_suf_ыпова,0.0
L_самсонов,0.0
L_pre_самс,0.0
L_suf_мсонов,0.0
L_pre_самсо,0.0
L_suf_сонов,0.0
L_pre_самсон,0.0
F_pre_фариза,0.0
F_suf_фариза,0.0
F_pre_фариз,0.0
F_suf_ариза,0.0
F_фариза,0.0
L_pre_мас,0.0
L_suf_аслов,0.0
L_pre_масло,0.0
L_suf_слов,0.0
L_pre_маслов,0.0
L_suf_маслов,0.0
L_pre_масл,0.0
L_маслов,0.0
F_pre_гүлд,0.0
F_pre_гүлден,0.0
F_suf_үлден,0.0
F_suf_лден,0.0
F_гүлден,0.0
F_suf_гүлден,0.0
F_pre_гүлде,0.0
L_сәрсенова,0.0
L_suf_сников,0.0
L_pre_коле,0.0
L_колесников,0.0
L_pre_кол,0.0
L_pre_колесн,0.0
L_pre_колес,0.0
L_pre_тілеуб,0.0
L_pre_тілеу,0.0
L_тілеубергенова,0.0
L_pre_тіле,0.0
L_pre_ті,0.0
L_pre_тіл,0.0
L_suf_бунов,0.0
L_pre_горб,0.0
L_suf_рбунов,0.0
L_pre_горбун,0.0
L_pre_горбу,0.0
L_горбунов,0.0
L_pre_гор,0.0
L_suf_ролев,0.0
L_pre_кор,0.0
L_suf_олев,0.0
L_королев,0.0
L_pre_короле,0.0
L_pre_коро,0.0
L_suf_оролев,0.0
L_pre_корол,0.0
L_pre_әбілм,0.0
L_әбілмажинова,0.0
L_pre_әбілма,0.0
L_suf_жинова,0.0
L_кудрявцев,0.0
L_suf_рявцев,0.0
L_pre_кудряв,0.0
L_pre_кудр,0.0
L_suf_явцев,0.0
L_pre_кудря,0.0
L_suf_вцев,0.0
F_suf_дамира,0.0
F_дамира,0.0
F_pre_дамира,0.0
L_лукин,0.0
L_suf_укин,0.0
L_pre_луки,0.0
L_suf_лукин,0.0
L_pre_лукин,0.0
F_suf_ұлпан,0.0
F_pre_ұлп,0.0
F_pre_ұлпан,0.0
L_suf_қазина,0.0
F_pre_ұлпа,0.0
L_сейітқазина,0.0
L_pre_сейітқ,0.0
F_ұлпан,0.0
L_pre_ахметұ,0.0
F_серік,0.0
F_pre_сері,0.0
L_ахметұлы,0.0
L_suf_етұлы,0.0
L_suf_метұлы,0.0
F_pre_серік,0.0
L_козлова,0.0
L_suf_злова,0.0
L_suf_озлова,0.0
L_омарұлы,0.0
F_pre_қайра,0.0
L_suf_рұлы,0.0
F_pre_қайрат,0.0
L_pre_омарұ,0.0
L_suf_арұлы,0.0
L_suf_марұлы,0.0
L_pre_омарұл,0.0
F_suf_қайрат,0.0
F_қайрат,0.0
F_suf_айрат,0.0
F_pre_қайр,0.0
F_suf_йрат,0.0
L_новикова,0.0
L_suf_викова,0.0
F_suf_берік,0.0
F_берік,0.0
F_pre_бері,0.0
F_pre_берік,0.0
L_suf_рлова,0.0
L_орлова,0.0
L_suf_орлова,0.0
L_pre_орлова,0.0
F_pre_ға,0.0
F_pre_ғал,0.0
F_pre_ғалым,0.0
F_ғалымжан,0.0
F_pre_ғалымж,0.0
F_pre_ғалы,0.0
F_suf_лымжан,0.0
L_suf_йцева,0.0
L_suf_айцева,0.0
L_suf_цева,0.0
L_зайцева,0.0
L_pre_нұрбай,0.0
L_нұрбайұлы,0.0
L_suf_байұлы,0.0
L_pre_нұрба,0.0
L_suf_айұлы,0.0
L_suf_йұлы,0.0
L_suf_авлова,0.0
L_suf_влова,0.0
L_павлова,0.0
F_pre_бақытж,0.0
F_pre_бақыт,0.0
F_бақытжан,0.0
F_pre_бақы,0.0
F_suf_ытжан,0.0
F_suf_қытжан,0.0
L_степанова,0.0
L_николаева,0.0
L_suf_олаева,0.0
L_suf_дырұлы,0.0
L_pre_қадырұ,0.0
L_қадырұлы,0.0
L_suf_ырұлы,0.0
L_suf_убева,0.0
L_suf_бева,0.0
L_suf_лубева,0.0
L_голубева,0.0
L_suf_адова,0.0
L_виноградова,0.0
L_suf_радова,0.0
L_жүнісов,0.0
L_suf_ісов,0.0
L_suf_үнісов,0.0
L_suf_нісов,0.0
L_suf_ьева,0.0
L_воробьева,0.0
L_suf_бьева,0.0
L_suf_обьева,0.0
L_ысқақов,0.0
L_suf_ақов,0.0
L_suf_қақов,0.0
L_suf_сқақов,0.0
L_белова,0.0
L_suf_елова,0.0
L_suf_белова,0.0
L_pre_белова,0.0
L_pre_есімұ,0.0
L_suf_мұлы,0.0
L_suf_імұлы,0.0
L_pre_есімұл,0.0
L_есімұлы,0.0
L_suf_сімұлы,0.0
L_suf_расова,0.0
L_тарасова,0.0
L_казакова,0.0
L_байжанұлы,0.0
L_комарова,0.0
L_сапарбайұлы,0.0
L_pre_гусева,0.0
L_suf_усева,0.0
L_suf_гусева,0.0
L_гусева,0.0
L_suf_сева,0.0
F_ербол,0.0
F_pre_ербол,0.0
F_pre_ерб,0.0
F_suf_ербол,0.0
L_әлібайұлы,0.0
F_pre_ербо,0.0
F_suf_рбол,0.0
F_suf_бол,0.0
L_pre_әлібай,0.0
L_тихомирова,0.0
L_нұрмағамбетов,0.0
L_suf_тонова,0.0
L_антонова,0.0
L_suf_онова,0.0
L_suf_бетұлы,0.0
L_баймбетұлы,0.0
L_баранова,0.0
L_suf_ранова,0.0
F_мәди,0.0
L_мұхтарұлы,0.0
F_suf_мәди,0.0
L_suf_тарұлы,0.0
L_suf_ксеева,0.0
L_suf_сеева,0.0
L_алексеева,0.0
L_рүстемұлы,0.0
F_suf_лғат,0.0
F_pre_талғ,0.0
L_suf_темұлы,0.0
F_suf_талғат,0.0
F_pre_талға,0.0
L_suf_емұлы,0.0
F_талғат,0.0
F_pre_талғат,0.0
F_suf_алғат,0.0
F_pre_тал,0.0
L_suf_рокина,0.0
L_suf_кина,0.0
L_suf_окина,0.0
L_сорокина,0.0
F_қанат,0.0
F_suf_қанат,0.0
F_pre_қан,0.0
F_pre_қанат,0.0
F_pre_қана,0.0
L_серікбайұлы,0.0
L_игнатьева,0.0
L_suf_атьева,0.0
L_suf_тьева,0.0
F_ермек,0.0
L_suf_бішев,0.0
F_suf_мек,0.0
F_pre_ерме,0.0
F_suf_рмек,0.0
L_suf_ішев,0.0
F_pre_ерм,0.0
L_suf_әбішев,0.0
F_suf_ермек,0.0
L_әбішев,0.0
F_pre_ермек,0.0
L_борисова,0.0
F_suf_дәурен,0.0
F_suf_урен,0.0
L_қуанышев,0.0
F_pre_дәурен,0.0
F_pre_дәур,0.0
F_pre_дәуре,0.0
F_suf_әурен,0.0
F_дәурен,0.0
L_suf_ыдова,0.0
L_suf_выдова,0.0
L_давыдова,0.0
F_самат,0.0
F_pre_самат,0.0
L_мұстафин,0.0
L_григорьева,0.0
L_suf_орьева,0.0
L_suf_рьева,0.0
L_suf_әріпов,0.0
L_suf_ріпов,0.0
L_suf_іпов,0.0
L_шәріпов,0.0
F_зоя,0.0
F_suf_оя,0.0
F_pre_зо,0.0
F_suf_зоя,0.0
F_pre_зоя,0.0
F_suf_әсет,0.0
F_әсет,0.0
F_pre_әсет,0.0
F_pre_раиса,0.0
F_suf_раиса,0.0
L_карпова,0.0
L_suf_арпова,0.0
F_pre_раис,0.0
L_suf_рпова,0.0
F_раиса,0.0
L_suf_мұрзин,0.0
L_suf_ұрзин,0.0
L_suf_рзин,0.0
L_бекмұрзин,0.0
L_suf_асьева,0.0
L_suf_сьева,0.0
L_афанасьева,0.0
L_suf_қаев,0.0
L_suf_тоқаев,0.0
L_suf_оқаев,0.0
L_тоқаев,0.0
L_suf_ласова,0.0
L_власова,0.0
L_кенжебайұлы,0.0
L_макарова,0.0
L_suf_харова,0.0
L_захарова,0.0
L_suf_ітов,0.0
F_suf_біт,0.0
L_suf_ейітов,0.0
L_сейітов,0.0
F_suf_бейбіт,0.0
F_pre_бейбіт,0.0
F_pre_бейбі,0.0
L_suf_йітов,0.0
F_suf_ейбіт,0.0
F_suf_йбіт,0.0
F_бейбіт,0.0
L_филиппова,0.0
L_suf_ппова,0.0
L_suf_иппова,0.0
F_жігер,0.0
F_pre_жіге,0.0
F_suf_жігер,0.0
F_suf_гер,0.0
F_pre_жіг,0.0
F_suf_ігер,0.0
F_pre_жігер,0.0
L_suf_геева,0.0
L_сергеева,0.0
L_suf_ргеева,0.0
L_фролова,0.0
L_suf_ролова,0.0
F_pre_иманғ,0.0
L_suf_ағұлов,0.0
F_pre_има,0.0
F_pre_иманға,0.0
L_suf_ғұлов,0.0
F_иманғали,0.0
F_pre_иман,0.0
L_жұмағұлов,0.0
L_suf_ұлов,0.0
F_suf_анғали,0.0
F_suf_нғали,0.0
L_suf_бакова,0.0
L_щербакова,0.0
F_pre_нарт,0.0
F_pre_нартай,0.0
F_suf_ртай,0.0
F_suf_артай,0.0
F_нартай,0.0
F_pre_нарта,0.0
F_suf_нартай,0.0
L_потапова,0.0
L_suf_тапова,0.0
L_suf_овлева,0.0
L_suf_влева,0.0
L_яковлева,0.0
F_pre_рауан,0.0
L_suf_ңбаев,0.0
F_рауан,0.0
F_suf_рауан,0.0
F_pre_рау,0.0
F_pre_рауа,0.0
F_suf_уан,0.0
L_suf_ыңбаев,0.0
L_мыңбаев,0.0
F_suf_ауан,0.0
L_блинова,0.0
L_suf_линова,0.0
F_елдар,0.0
F_pre_елд,0.0
F_pre_елда,0.0
F_pre_елдар,0.0
L_suf_ынтаев,0.0
F_suf_елдар,0.0
L_сағынтаев,0.0
L_коновалова,0.0
L_suf_валова,0.0
L_тасмағамбетов,0.0
L_мельникова,0.0
L_suf_никова,0.0
F_suf_ұңғат,0.0
F_pre_сұңға,0.0
F_pre_сұңғат,0.0
F_suf_сұңғат,0.0
F_pre_сұң,0.0
F_suf_ңғат,0.0
F_pre_сұңғ,0.0
F_сұңғат,0.0
F_римма,0.0
F_pre_римм,0.0
L_suf_сонова,0.0
F_pre_римма,0.0
F_suf_римма,0.0
L_самсонова,0.0
F_pre_рим,0.0
F_suf_имма,0.0
L_қалдыбаев,0.0
L_suf_слова,0.0
L_suf_аслова,0.0
L_маслова,0.0
F_pre_димаш,0.0
F_димаш,0.0
L_suf_малиев,0.0
F_suf_маш,0.0
L_жұмалиев,0.0
F_suf_димаш,0.0
F_suf_имаш,0.0
L_колесникова,0.0
L_suf_рғазин,0.0
L_suf_ғазин,0.0
L_нұрғазин,0.0
L_suf_бунова,0.0
L_горбунова,0.0
L_құсайынов,0.0
F_бағлан,0.0
F_suf_ағлан,0.0
L_suf_айынов,0.0
L_suf_йынов,0.0
F_pre_бағлан,0.0
F_pre_бағл,0.0
F_pre_бағ,0.0
F_suf_ғлан,0.0
F_pre_бағла,0.0
F_suf_бағлан,0.0
L_королева,0.0
L_suf_олева,0.0
L_suf_ролева,0.0
F_pre_жанн,0.0
L_suf_вцева,0.0
L_кудрявцева,0.0
L_suf_явцева,0.0
F_жанна,0.0
F_pre_жанна,0.0
L_темірбеков,0.0
F_нұрланбек,0.0
L_suf_укина,0.0
L_suf_лукина,0.0
L_лукина,0.0
L_pre_лукина,0.0
L_қасымов,0.0
L_suf_қыпов,0.0
L_suf_ақыпов,0.0
L_suf_ыпов,0.0
L_жақыпов,0.0
L_сәрсенов,0.0
L_тілеубергенов,0.0
F_ника,0.0
F_pre_ника,0.0
L_әбілмажинов,0.0
L_suf_жинов,0.0
L_suf_ажинов,0.0
L_сейітқазин,0.0
L_suf_тқазин,0.0
L_suf_қазин,0.0
F_нариман,0.0
F_suf_ариман,0.0
F_pre_нарима,0.0
F_suf_риман,0.0
F_pre_нари,0.0
F_pre_нарим,0.0
F_арыстан,0.0
F_pre_арыс,0.0
F_pre_арыст,0.0
F_pre_ары,0.0
F_suf_ыстан,0.0
F_suf_рыстан,0.0
F_pre_арыста,0.0
F_асқар,0.0
F_pre_асқар,0.0
F_pre_асқ,0.0
F_pre_асқа,0.0
F_нұрәли,0.0
F_suf_ұрәли,0.0
F_suf_рәли,0.0
F_suf_нұрәли,0.0
F_pre_нұрә,0.0
F_pre_нұрәли,0.0
F_pre_нұрәл,0.0
F_pre_аманге,0.0
F_suf_нгелді,0.0
F_pre_аманг,0.0
F_амангелді,0.0
F_pre_божена,0.0
F_pre_божен,0.0
F_suf_ожена,0.0
F_pre_боже,0.0
F_божена,0.0
F_suf_божена,0.0
F_pre_бож,0.0
F_suf_ислава,0.0
F_владислава,0.0
F_мұрат,0.0
F_pre_мұр,0.0
F_pre_мұра,0.0
F_pre_мұрат,0.0
F_pre_златос,0.0
F_pre_злато,0.0
F_златослава,0.0
F_suf_іге,0.0
F_pre_едіге,0.0
F_suf_діге,0.0
F_pre_едіг,0.0
F_pre_ед,0.0
F_едіге,0.0
F_pre_еді,0.0
F_suf_едіге,0.0
F_suf_ге,0.0
F_suf_лара,0.0
F_pre_кла,0.0
F_pre_кл,0.0
F_suf_клара,0.0
F_клара,0.0
F_pre_клар,0.0
F_pre_клара,0.0
F_suf_есары,0.0
F_pre_кенес,0.0
F_pre_кене,0.0
F_pre_кенеса,0.0
F_кенесары,0.0
F_suf_ры,0.0
F_suf_сары,0.0
F_suf_несары,0.0
F_suf_ары,0.0
F_pre_жәніб,0.0
F_жәнібек,0.0
F_suf_әнібек,0.0
F_pre_жәні,0.0
F_pre_жәнібе,0.0
F_pre_жә,0.0
F_pre_жән,0.0
F_suf_нібек,0.0
F_пелагея,0.0
F_pre_пела,0.0
F_pre_пелаге,0.0
F_pre_пелаг,0.0
F_pre_пел,0.0
F_suf_елагея,0.0
F_suf_агея,0.0
F_suf_лагея,0.0
L_киселев,0.0
L_suf_елев,0.0
L_suf_иселев,0.0
F_suf_әкежан,0.0
L_suf_селев,0.0
F_pre_әке,0.0
F_pre_әк,0.0
F_әкежан,0.0
F_pre_әкежан,0.0
F_pre_әкежа,0.0
F_pre_әкеж,0.0
F_роксана,0.0
F_pre_роксан,0.0
F_pre_шәк,0.0
F_шәкәрім,0.0
F_pre_шәкәр,0.0
F_pre_шәкәрі,0.0
F_pre_шәкә,0.0
F_suf_әкәрім,0.0
F_suf_фима,0.0
F_серафима,0.0
F_pre_сераф,0.0
F_pre_серафи,0.0
F_suf_рафима,0.0
F_pre_сера,0.0
F_suf_афима,0.0
F_pre_әл-фар,0.0
F_suf_раби,0.0
F_pre_әл-фа,0.0
F_pre_әл-,0.0
F_suf_араби,0.0
F_suf_фараби,0.0
F_әл-фараби,0.0
F_pre_әл-ф,0.0
F_suf_фаина,0.0
F_pre_фаина,0.0
F_pre_фаи,0.0
F_фаина,0.0
F_pre_фаин,0.0
F_suf_қтар,0.0
F_suf_оқтар,0.0
F_pre_тоқ,0.0
F_suf_тоқтар,0.0
F_pre_тоқтар,0.0
F_тоқтар,0.0
F_pre_тоқт,0.0
F_pre_тоқта,0.0
F_suf_ереза,0.0
F_suf_реза,0.0
F_suf_еза,0.0
F_pre_тер,0.0
F_pre_тере,0.0
F_suf_тереза,0.0
F_тереза,0.0
F_pre_терез,0.0
F_pre_тереза,0.0
F_pre_сәке,0.0
F_suf_әкен,0.0
F_pre_сәкен,0.0
F_pre_сәк,0.0
F_сәкен,0.0
F_suf_сәкен,0.0
F_pre_праско,0.0
F_suf_вья,0.0
F_pre_праск,0.0
F_pre_прас,0.0
F_suf_овья,0.0
F_pre_пра,0.0
F_pre_пр,0.0
F_прасковья,0.0
F_suf_ковья,0.0
F_suf_сковья,0.0
F_pre_жақы,0.0
F_pre_жақ,0.0
F_pre_жақып,0.0
F_suf_жақып,0.0
F_suf_ақып,0.0
F_suf_ып,0.0
F_suf_қып,0.0
F_жақып,0.0
F_pre_ғаб,0.0
F_ғабит,0.0
F_pre_ғабит,0.0
F_pre_ғаби,0.0
F_станислава,0.0
F_pre_ұлан,0.0
F_ұлан,0.0
F_suf_тинья,0.0
F_suf_инья,0.0
F_suf_стинья,0.0
F_pre_усти,0.0
F_pre_уст,0.0
F_pre_устин,0.0
F_устинья,0.0
F_pre_устинь,0.0
F_suf_шоқан,0.0
F_pre_шоқан,0.0
F_pre_шоқа,0.0
F_шоқан,0.0
F_suf_оқан,0.0
F_pre_шоқ,0.0
F_pre_ядви,0.0
F_pre_ядвига,0.0
F_pre_ядв,0.0
F_ядвига,0.0
F_suf_двига,0.0
F_pre_ядвиг,0.0
F_suf_вига,0.0
F_pre_яд,0.0
F_suf_ядвига,0.0
F_suf_ига,0.0
F_pre_мұқаға,0.0
F_мұқағали,0.0
F_suf_ағали,0.0
F_suf_қағали,0.0
F_pre_мұқа,0.0
F_pre_мұқағ,0.0
F_pre_мұқ,0.0
F_suf_синья,0.0
F_ефросинья,0.0
F_suf_осинья,0.0
F_pre_ефро,0.0
F_pre_ефр,0.0
F_pre_ефроси,0.0
F_pre_ефрос,0.0
F_pre_исатай,0.0
F_suf_исатай,0.0
F_suf_сатай,0.0
F_pre_исат,0.0
F_pre_исата,0.0
F_исатай,0.0
F_махамбет,0.0
F_pre_маха,0.0
F_suf_мбет,0.0
F_pre_махамб,0.0
F_suf_хамбет,0.0
F_suf_амбет,0.0
F_pre_махам,0.0
F_изольда,0.0
F_pre_изол,0.0
F_suf_зольда,0.0
F_suf_ольда,0.0
F_pre_изоль,0.0
F_pre_изольд,0.0
F_suf_льда,0.0
F_suf_ьда,0.0
F_pre_изо,0.0
F_suf_біржан,0.0
F_pre_біржа,0.0
F_біржан,0.0
F_pre_бірж,0.0
F_pre_бі,0.0
F_pre_бір,0.0
F_pre_біржан,0.0
F_ия,0.0
F_pre_ия,0.0
F_ақан,0.0
F_pre_ақан,0.0
F_pre_ақа,0.0
F_pre_құрман,0.0
F_құрманғазы,0.0
F_pre_құ,0.0
F_pre_құрма,0.0
F_suf_анғазы,0.0
F_pre_құрм,0.0
F_suf_нғазы,0.0
F_pre_құр,0.0
F_pre_лолит,0.0
F_лолита,0.0
F_pre_лоли,0.0
F_suf_олита,0.0
F_pre_лолита,0.0
F_suf_лолита,0.0
F_pre_естай,0.0
F_suf_естай,0.0
F_pre_еста,0.0
F_suf_стай,0.0
F_естай,0.0
F_pre_ест,0.0
F_pre_жамбыл,0.0
F_suf_жамбыл,0.0
F_suf_амбыл,0.0
F_suf_был,0.0
F_pre_жамб,0.0
F_pre_жамбы,0.0
F_suf_мбыл,0.0
F_жамбыл,0.0
F_pre_капит,0.0
F_pre_капито,0.0
F_pre_капи,0.0
F_suf_толина,0.0
F_капитолина,0.0
F_pre_кап,0.0
F_suf_алуан,0.0
F_балуан,0.0
F_pre_балу,0.0
F_pre_балуан,0.0
F_suf_луан,0.0
F_suf_балуан,0.0
F_pre_балуа,0.0
F_pre_кале,0.0
F_pre_калер,0.0
F_pre_калери,0.0
F_pre_кал,0.0
F_калерия,0.0
F_pre_қажым,0.0
F_pre_қажы,0.0
F_қажымұқан,0.0
F_pre_қажымұ,0.0
F_suf_ымұқан,0.0
F_pre_қаж,0.0
F_suf_еонила,0.0
F_леонила,0.0
F_suf_онила,0.0
F_pre_леонил,0.0
F_дінмұхамед,0.0
F_pre_төлег,0.0
F_pre_төле,0.0
F_pre_төлеге,0.0
F_төлеген,0.0
F_pre_тө,0.0
F_pre_төл,0.0
F_владлена,0.0
F_pre_владле,0.0
F_pre_владл,0.0
F_pre_қызылг,0.0
F_suf_ылгүл,0.0
F_suf_лгүл,0.0
F_қызылгүл,0.0
F_pre_қызыл,0.0
F_suf_зылгүл,0.0
F_pre_қызы,0.0
F_pre_қы,0.0
F_pre_қыз,0.0
F_pre_қаз,0.0
F_қазбек,0.0
F_pre_қазбе,0.0
F_suf_қазбек,0.0
F_pre_қазб,0.0
F_pre_қазбек,0.0
F_pre_ләйл,0.0
F_pre_ләй,0.0
F_pre_ләйлә,0.0
L_suf_ирнова,0.0
F_ләйлә,0.0
L_suf_рнова,0.0
F_suf_әйлә,0.0
F_suf_ләйлә,0.0
F_suf_йлә,0.0
L_смирнова,0.0
F_pre_злих,0.0
F_suf_злиха,0.0
F_злиха,0.0
F_pre_злиха,0.0
F_pre_зли,0.0
F_pre_ақли,0.0
F_suf_ақлима,0.0
F_ақлима,0.0
F_pre_ақлима,0.0
F_suf_қлима,0.0
F_pre_ақл,0.0
F_pre_ақлим,0.0
F_suf_партак,0.0
F_pre_спарт,0.0
F_pre_спарта,0.0
F_pre_сп,0.0
F_pre_спа,0.0
F_спартак,0.0
F_pre_спар,0.0
F_pre_батима,0.0
L_соколова,0.0
F_suf_батима,0.0
F_батима,0.0
F_pre_бати,0.0
F_pre_батим,0.0
L_suf_колова,0.0
F_қажым,0.0
L_suf_озов,0.0
L_морозов,0.0
F_suf_жым,0.0
F_suf_қажым,0.0
F_suf_ажым,0.0
L_suf_розов,0.0
L_suf_орозов,0.0
L_васильева,0.0
F_pre_баян,0.0
F_баян,0.0
L_suf_льева,0.0
L_suf_ильева,0.0
F_suf_баян,0.0
F_pre_жомар,0.0
F_pre_жома,0.0
F_suf_омарт,0.0
F_жомарт,0.0
F_suf_арт,0.0
F_pre_жом,0.0
L_попов,0.0
F_pre_жомарт,0.0
L_suf_опов,0.0
F_suf_жомарт,0.0
L_suf_попов,0.0
F_suf_март,0.0
F_suf_ғалия,0.0
F_pre_ғали,0.0
F_pre_ғалия,0.0
F_ғалия,0.0
F_suf_ораз,0.0
F_ораз,0.0
F_suf_раз,0.0
L_suf_трова,0.0
L_suf_етрова,0.0
L_петрова,0.0
F_pre_тайы,0.0
F_pre_тайыр,0.0
F_pre_тай,0.0
F_тайыр,0.0
F_suf_тайыр,0.0
F_еділ,0.0
F_pre_еділ,0.0
F_suf_еділ,0.0
F_pre_айман,0.0
F_pre_айма,0.0
F_suf_айман,0.0
F_айман,0.0
F_suf_зәкір,0.0
F_pre_зә,0.0
F_зәкір,0.0
F_pre_зәкір,0.0
F_pre_зәкі,0.0
F_pre_зәк,0.0
F_suf_арқын,0.0
F_pre_ақжа,0.0
F_pre_ақжарқ,0.0
F_suf_жарқын,0.0
F_pre_ақжар,0.0
F_ақжарқын,0.0
F_suf_рқын,0.0
F_pre_найма,0.0
F_suf_найман,0.0
F_найман,0.0
F_pre_найм,0.0
F_pre_найман,0.0
F_pre_най,0.0
F_балжан,0.0
F_pre_балжан,0.0
F_suf_балжан,0.0
F_pre_балж,0.0
F_pre_балжа,0.0
F_pre_жақи,0.0
F_suf_ақия,0.0
F_suf_жақия,0.0
F_pre_жақия,0.0
F_жақия,0.0
L_қадыров,0.0
F_suf_қия,0.0
F_suf_әмелі,0.0
F_pre_дәм,0.0
F_suf_мелі,0.0
F_pre_дәмелі,0.0
F_дәмелі,0.0
F_suf_дәмелі,0.0
F_pre_дәмел,0.0
F_pre_дәме,0.0
F_suf_елі,0.0
F_pre_қобыла,0.0
F_pre_қоб,0.0
F_pre_қобы,0.0
F_suf_обылан,0.0
F_suf_ылан,0.0
F_suf_былан,0.0
F_pre_қо,0.0
F_қобылан,0.0
F_pre_қобыл,0.0
L_suf_сімов,0.0
L_suf_есімов,0.0
L_есімов,0.0
L_suf_імов,0.0
F_suf_ейнеп,0.0
F_suf_йнеп,0.0
F_pre_зейне,0.0
F_зейнеп,0.0
F_suf_зейнеп,0.0
F_suf_неп,0.0
F_pre_зейнеп,0.0
F_suf_еп,0.0
F_pre_зей,0.0
F_pre_зейн,0.0
F_pre_осп,0.0
F_оспан,0.0
F_pre_оспа,0.0
F_suf_спан,0.0
F_pre_оспан,0.0
F_suf_оспан,0.0
F_suf_анбай,0.0
F_pre_тұма,0.0
F_pre_тұман,0.0
F_pre_тұманб,0.0
F_pre_тұм,0.0
F_suf_нбай,0.0
F_suf_манбай,0.0
F_тұманбай,0.0
L_suf_лібаев,0.0
L_suf_ібаев,0.0
L_әлібаев,0.0
F_pre_тұ,0.0
F_pre_зура,0.0
F_pre_зур,0.0
F_suf_зура,0.0
F_зура,0.0
F_pre_шәд,0.0
F_suf_шәді,0.0
F_шәді,0.0
F_suf_әді,0.0
F_pre_шәді,0.0
F_шара,0.0
F_pre_шар,0.0
F_pre_шара,0.0
F_suf_шара,0.0
L_рүстемов,0.0
F_pre_ықы,0.0
F_pre_ықыла,0.0
F_ықылас,0.0
F_pre_ық,0.0
F_suf_қылас,0.0
F_pre_ықылас,0.0
F_suf_ылас,0.0
F_suf_ықылас,0.0
F_pre_ықыл,0.0
F_шәмсия,0.0
F_suf_шәмсия,0.0
F_pre_шәмсия,0.0
F_pre_шәмси,0.0
F_suf_әмсия,0.0
F_pre_шәмс,0.0
F_suf_мсия,0.0
F_pre_нығ,0.0
F_suf_ығмет,0.0
F_suf_нығмет,0.0
F_pre_ны,0.0
F_pre_нығм,0.0
F_нығмет,0.0
F_pre_нығмет,0.0
F_suf_ғмет,0.0
F_pre_нығме,0.0
F_аягөз,0.0
F_pre_аягөз,0.0
F_pre_аягө,0.0
F_pre_аяг,0.0
F_suf_ягөз,0.0
F_suf_аягөз,0.0
F_suf_өтеген,0.0
F_pre_өтеге,0.0
F_өтеген,0.0
F_pre_өт,0.0
F_suf_теген,0.0
F_pre_өтеген,0.0
F_pre_өте,0.0
F_pre_өтег,0.0
F_suf_лқын,0.0
F_толқын,0.0
F_pre_тол,0.0
F_suf_толқын,0.0
F_pre_толқы,0.0
F_pre_толқ,0.0
F_suf_олқын,0.0
F_pre_толқын,0.0
F_pre_кәрі,0.0
F_кәрім,0.0
F_pre_кәрім,0.0
F_pre_кәр,0.0
F_suf_орғын,0.0
F_pre_торғы,0.0
F_suf_торғын,0.0
F_pre_торғ,0.0
F_торғын,0.0
F_pre_тор,0.0
F_pre_торғын,0.0
F_suf_әкім,0.0
F_pre_әкім,0.0
F_әкім,0.0
F_pre_әкі,0.0
F_suf_әңгір,0.0
F_suf_гір,0.0
F_pre_жәңгі,0.0
F_жәңгір,0.0
F_suf_ңгір,0.0
L_ерланов,0.0
F_suf_жәңгір,0.0
F_pre_жәң,0.0
F_pre_жәңгір,0.0
F_pre_жәңг,0.0
F_suf_қыт,0.0
F_suf_орқыт,0.0
F_pre_қорқ,0.0
F_pre_қорқы,0.0
F_suf_қорқыт,0.0
F_pre_қор,0.0
F_қорқыт,0.0
F_suf_рқыт,0.0
F_suf_ыт,0.0
F_pre_қорқыт,0.0
F_suf_амыс,0.0
F_pre_алп,0.0
F_suf_лпамыс,0.0
F_pre_алпамы,0.0
F_алпамыс,0.0
F_pre_алпа,0.0
F_pre_алпам,0.0
F_suf_мыс,0.0
F_suf_памыс,0.0
F_pre_бағила,0.0
F_suf_бағила,0.0
F_бағила,0.0
F_suf_ғила,0.0
F_pre_бағи,0.0
F_pre_бағил,0.0
F_suf_ағила,0.0
F_бақыт,0.0
F_suf_ақыт,0.0
F_suf_бақыт,0.0
F_рысбек,0.0
F_pre_рысб,0.0
F_pre_рысбе,0.0
F_suf_ысбек,0.0
F_pre_ры,0.0
F_pre_рыс,0.0
F_suf_рысбек,0.0
F_pre_рысбек,0.0
F_pre_бана,0.0
F_банат,0.0
F_pre_бан,0.0
F_suf_банат,0.0
F_pre_банат,0.0
F_pre_әлк,0.0
F_suf_әлкей,0.0
F_pre_әлке,0.0
F_pre_әлкей,0.0
F_suf_лкей,0.0
F_әлкей,0.0
F_suf_заркүл,0.0
F_pre_баз,0.0
F_базаркүл,0.0
F_pre_база,0.0
F_pre_базар,0.0
F_pre_базарк,0.0
F_pre_сапар,0.0
F_suf_апар,0.0
F_pre_сапа,0.0
F_сапар,0.0
F_suf_сапар,0.0
F_suf_идара,0.0
F_дидара,0.0
F_suf_дидара,0.0
F_pre_дидара,0.0
F_suf_ршын,0.0
F_pre_гүлбар,0.0
F_pre_гүлба,0.0
F_suf_аршын,0.0
F_suf_шын,0.0
F_suf_баршын,0.0
F_pre_гүлб,0.0
F_гүлбаршын,0.0
F_suf_өле би,0.0
F_pre_төле б,0.0
F_pre_төле ,0.0
F_suf_ле би,0.0
F_төле би,0.0
F_suf_е би,0.0
F_гүлназым,0.0
F_suf_лназым,0.0
F_suf_ыбек,0.0
F_қазыбек,0.0
F_pre_қазыб,0.0
F_suf_зыбек,0.0
F_pre_қазы,0.0
F_suf_азыбек,0.0
F_pre_қазыбе,0.0
F_suf_үлшат,0.0
F_pre_гүлша,0.0
F_pre_гүлш,0.0
F_suf_гүлшат,0.0
F_гүлшат,0.0
F_suf_лшат,0.0
F_pre_гүлшат,0.0
F_әйтеке,0.0
F_suf_еке,0.0
F_suf_йтеке,0.0
F_pre_әйтек,0.0
F_suf_теке,0.0
F_suf_әйтеке,0.0
F_pre_әйте,0.0
F_pre_әйтеке,0.0
F_pre_әйт,0.0
F_дәмеш,0.0
F_suf_дәмеш,0.0
F_suf_меш,0.0
F_pre_дәмеш,0.0
F_suf_әмеш,0.0
F_suf_досжан,0.0
F_pre_досж,0.0
F_pre_досжан,0.0
F_pre_досжа,0.0
F_suf_осжан,0.0
F_досжан,0.0
F_pre_дос,0.0
F_pre_жанбот,0.0
F_suf_анбота,0.0
F_жанбота,0.0
F_suf_нбота,0.0
F_арыстанбек,0.0
F_suf_танбек,0.0
F_pre_жұмаби,0.0
F_pre_жұмаб,0.0
F_suf_мабике,0.0
F_pre_жұма,0.0
F_жұмабике,0.0
F_suf_абике,0.0
F_pre_жұм,0.0
F_suf_ақтияр,0.0
F_pre_бақт,0.0
F_pre_бақти,0.0
F_бақтияр,0.0
F_pre_бақтия,0.0
F_suf_қтияр,0.0
F_suf_әния,0.0
F_pre_жәни,0.0
F_pre_жәния,0.0
F_жәния,0.0
F_suf_жәния,0.0
F_pre_есенг,0.0
F_pre_есенге,0.0
F_есенгелді,0.0
F_жұпар,0.0
F_suf_жұпар,0.0
F_pre_жұп,0.0
F_suf_ұпар,0.0
F_pre_жұпа,0.0
F_pre_жұпар,0.0
F_suf_әш,0.0
F_suf_күләш,0.0
F_pre_күл,0.0
F_suf_ләш,0.0
F_pre_кү,0.0
F_suf_үләш,0.0
F_pre_күләш,0.0
F_pre_күлә,0.0
F_күләш,0.0
F_pre_жекс,0.0
F_pre_жек,0.0
F_pre_же,0.0
F_suf_енбек,0.0
F_suf_сенбек,0.0
F_pre_жексен,0.0
F_pre_жексе,0.0
F_жексенбек,0.0
F_suf_әйла,0.0
F_ләйла,0.0
F_pre_ләйла,0.0
F_suf_ләйла,0.0
F_pre_жақау,0.0
F_suf_қау,0.0
F_suf_ақау,0.0
F_жақау,0.0
F_pre_жақа,0.0
F_suf_жақау,0.0
F_pre_магр,0.0
F_suf_па,0.0
F_магрипа,0.0
F_suf_рипа,0.0
F_suf_ипа,0.0
F_pre_магри,0.0
F_suf_грипа,0.0
F_suf_агрипа,0.0
F_pre_магрип,0.0
F_pre_ыбы,0.0
F_pre_ыбыра,0.0
F_suf_ырай,0.0
F_suf_ыбырай,0.0
F_pre_ыбыр,0.0
F_suf_бырай,0.0
F_ыбырай,0.0
F_pre_ыб,0.0
F_pre_ыбырай,0.0
F_майра,0.0
F_suf_майра,0.0
F_pre_майра,0.0
F_pre_майр,0.0
F_оразалы,0.0
F_pre_ораза,0.0
F_suf_азалы,0.0
F_suf_залы,0.0
F_pre_оразал,0.0
F_suf_разалы,0.0
F_pre_набат,0.0
F_pre_наб,0.0
F_набат,0.0
F_pre_наба,0.0
F_тастемір,0.0
F_suf_емір,0.0
F_suf_темір,0.0
F_pre_таст,0.0
F_suf_стемір,0.0
F_pre_тасте,0.0
F_pre_тастем,0.0
F_pre_нағима,0.0
F_pre_нағ,0.0
F_нағима,0.0
F_pre_нағим,0.0
F_suf_ғима,0.0
F_pre_нағи,0.0
F_suf_ағима,0.0
F_suf_нағима,0.0
F_pre_әкімта,0.0
F_әкімтай,0.0
F_suf_імтай,0.0
F_suf_кімтай,0.0
F_pre_әкімт,0.0
F_suf_мтай,0.0
F_pre_рабиғ,0.0
F_рабиға,0.0
F_suf_абиға,0.0
F_suf_биға,0.0
F_pre_рабиға,0.0
F_suf_рабиға,0.0
F_сәлімгерей,0.0
F_pre_сәлімг,0.0
F_pre_сәл,0.0
F_pre_сәлі,0.0
F_suf_мгерей,0.0
F_suf_герей,0.0
F_pre_сәлім,0.0
F_pre_райхан,0.0
F_райхан,0.0
F_pre_райха,0.0
F_suf_пжамал,0.0
F_pre_сақ,0.0
F_pre_сақыпж,0.0
F_pre_сақы,0.0
F_сақыпжамал,0.0
F_pre_сақып,0.0
F_pre_серә,0.0
F_серәлі,0.0
F_pre_серәл,0.0
F_pre_серәлі,0.0
F_suf_ерәлі,0.0
F_suf_рәлі,0.0
F_suf_серәлі,0.0
F_сұлтанбек,0.0
F_pre_сағада,0.0
F_pre_сағ,0.0
F_suf_ағадат,0.0
F_suf_ғадат,0.0
F_pre_саға,0.0
F_сағадат,0.0
F_pre_сағад,0.0
F_pre_үміт,0.0
F_suf_үміт,0.0
F_үміт,0.0
F_suf_міт,0.0
F_pre_үмі,0.0
F_pre_үм,0.0
F_pre_ұзақ,0.0
F_pre_ұзақб,0.0
F_suf_зақбай,0.0
F_suf_қбай,0.0
F_pre_ұзақба,0.0
F_pre_ұза,0.0
F_pre_ұз,0.0
F_ұзақбай,0.0
F_suf_ақбай,0.0
F_suf_ұлбала,0.0
F_pre_ұлб,0.0
F_suf_лбала,0.0
F_ұлбала,0.0
F_pre_ұлбала,0.0
F_pre_ұлбал,0.0
F_pre_ұлба,0.0
F_pre_тіле,0.0
F_suf_еулес,0.0
F_pre_тілеу,0.0
F_pre_ті,0.0
F_тілеулес,0.0
F_pre_тіл,0.0
F_suf_улес,0.0
F_suf_леулес,0.0
F_pre_тілеул,0.0
F_pre_ты,0.0
F_pre_тыныш,0.0
F_suf_штық,0.0
F_suf_тық,0.0
F_suf_ыштық,0.0
F_suf_ныштық,0.0
F_pre_тын,0.0
F_pre_тынышт,0.0
F_pre_тыны,0.0
F_тыныштық,0.0
F_pre_тұр,0.0
F_pre_тұрсы,0.0
F_suf_сынбек,0.0
F_pre_тұрс,0.0
F_pre_тұрсын,0.0
F_тұрсынбек,0.0
F_suf_ынбек,0.0
F_pre_шәр,0.0
F_suf_әрипа,0.0
F_pre_шәрипа,0.0
F_pre_шәрип,0.0
F_шәрипа,0.0
F_pre_шәри,0.0
F_suf_шәрипа,0.0
F_pre_тел,0.0
F_pre_телман,0.0
F_pre_телма,0.0
F_pre_телм,0.0
F_телман,0.0
F_suf_телман,0.0
F_suf_елман,0.0
F_suf_лман,0.0
F_suf_кизада,0.0
F_pre_шәки,0.0
F_шәкизада,0.0
F_suf_изада,0.0
F_pre_шәкиза,0.0
F_pre_шәкиз,0.0
F_suf_әкизат,0.0
F_шәкизат,0.0
F_suf_кизат,0.0
F_suf_сім,0.0
F_pre_есі,0.0
F_pre_есім,0.0
F_есім,0.0
F_suf_есім,0.0
F_suf_рол,0.0
F_фрол,0.0
F_suf_фрол,0.0
F_pre_фрол,0.0
F_pre_фро,0.0
F_pre_фр,0.0
F_pre_клим,0.0
F_клим,0.0
F_suf_клим,0.0
F_pre_кли,0.0
F_pre_анисья,0.0
F_suf_сья,0.0
F_suf_нисья,0.0
F_suf_исья,0.0
F_анисья,0.0
F_suf_анисья,0.0
F_pre_анись,0.0
L_pre_крамар,0.0
L_pre_крама,0.0
L_pre_кр,0.0
L_крамаров,0.0
L_pre_кра,0.0
L_suf_амаров,0.0
L_pre_крам,0.0
L_pre_пр,0.0
L_прекрасная,0.0
L_suf_расная,0.0
L_pre_прек,0.0
L_pre_прекр,0.0
L_suf_ая,0.0
L_ends_aya_skaya,0.0
L_suf_асная,0.0
L_pre_пре,0.0
L_pre_прекра,0.0
L_suf_сная,0.0
L_suf_ная,0.0
L_pre_токар,0.0
L_токарев,0.0
L_suf_арев,0.0
L_pre_тока,0.0
L_pre_токаре,0.0
L_suf_рев,0.0
L_suf_карев,0.0
F_устин,0.0
L_suf_окарев,0.0
F_pre_глике,0.0
F_pre_гликер,0.0
L_богданова,0.0
L_suf_данова,0.0
F_suf_икерия,0.0
F_гликерия,0.0
F_pre_глик,0.0
F_pre_гли,0.0
F_pre_фома,0.0
L_pre_невер,0.0
F_suf_фома,0.0
L_pre_неверо,0.0
L_pre_не,0.0
L_pre_нев,0.0
F_фома,0.0
L_неверов,0.0
F_suf_ома,0.0
F_pre_фом,0.0
L_suf_веров,0.0
L_suf_еров,0.0
L_suf_еверов,0.0
L_pre_неве,0.0
L_pre_сереб,0.0
L_серебрякова,0.0
L_suf_рякова,0.0
L_pre_сере,0.0
L_pre_серебр,0.0
L_pre_евсю,0.0
L_pre_евс,0.0
L_pre_евсюко,0.0
L_suf_всюков,0.0
L_suf_сюков,0.0
L_suf_юков,0.0
L_pre_ев,0.0
L_евсюков,0.0
L_pre_евсюк,0.0
L_suf_ванова,0.0
L_иванова,0.0
L_suf_угова,0.0
L_жемчугова,0.0
L_pre_жем,0.0
L_pre_жемч,0.0
L_pre_жемчу,0.0
L_pre_жемчуг,0.0
L_suf_чугова,0.0
L_suf_гова,0.0
F_pre_прохо,0.0
F_pre_прохор,0.0
L_pre_громов,0.0
L_suf_ромов,0.0
F_прохор,0.0
L_suf_омов,0.0
L_pre_гро,0.0
F_suf_рохор,0.0
L_suf_громов,0.0
F_pre_про,0.0
F_suf_охор,0.0
L_pre_гром,0.0
F_pre_прох,0.0
L_pre_громо,0.0
L_громов,0.0
F_suf_хор,0.0
F_suf_прохор,0.0
F_pre_евд,0.0
F_suf_окия,0.0
F_suf_вдокия,0.0
L_suf_хина,0.0
L_suf_пухина,0.0
F_suf_докия,0.0
L_pre_лоп,0.0
F_pre_евдо,0.0
L_pre_лопух,0.0
L_pre_ло,0.0
F_евдокия,0.0
L_лопухина,0.0
F_pre_евдок,0.0
L_pre_лопухи,0.0
L_suf_ухина,0.0
F_pre_евдоки,0.0
L_pre_лопу,0.0
L_pre_георги,0.0
L_pre_геор,0.0
L_suf_ич,0.0
L_pre_гео,0.0
L_suf_иевич,0.0
L_pre_ге,0.0
L_георгиевич,0.0
L_suf_вич,0.0
L_suf_гиевич,0.0
F_suf_лавр,0.0
F_лавр,0.0
F_suf_вр,0.0
F_pre_лав,0.0
L_pre_георг,0.0
F_pre_лавр,0.0
L_suf_евич,0.0
F_suf_авр,0.0
L_pre_толста,0.0
F_pre_фекла,0.0
F_suf_фекла,0.0
F_suf_кла,0.0
F_pre_фек,0.0
L_толстая,0.0
F_suf_екла,0.0
F_pre_фекл,0.0
L_pre_толс,0.0
L_suf_лстая,0.0
L_suf_стая,0.0
L_pre_толст,0.0
F_фекла,0.0
L_suf_олстая,0.0
L_suf_тая,0.0
L_suf_шков,0.0
L_pre_пеш,0.0
L_pre_пешков,0.0
L_пешков,0.0
L_suf_ешков,0.0
L_pre_пешк,0.0
L_pre_пешко,0.0
L_suf_пешков,0.0
L_pre_никоно,0.0
L_suf_конова,0.0
L_pre_никон,0.0
L_никонова,0.0
F_pre_матрен,0.0
F_матрена,0.0
F_suf_рена,0.0
F_suf_трена,0.0
F_pre_матр,0.0
F_suf_атрена,0.0
F_pre_матре,0.0
L_suf_цкий,0.0
L_suf_ий,0.0
L_suf_ницкий,0.0
L_pre_хмел,0.0
L_pre_хмель,0.0
L_pre_хм,0.0
L_pre_хме,0.0
L_suf_ицкий,0.0
L_suf_кий,0.0
L_хмельницкий,0.0
L_pre_хмельн,0.0
L_малинина,0.0
L_suf_инина,0.0
L_pre_малини,0.0
L_suf_линина,0.0
L_pre_малин,0.0
L_suf_нина,0.0
F_suf_рислав,0.0
L_pre_брон,0.0
L_pre_бр,0.0
F_pre_борисл,0.0
L_pre_бро,0.0
L_suf_уков,0.0
L_suf_дуков,0.0
F_борислав,0.0
L_брондуков,0.0
L_pre_бронд,0.0
L_suf_ндуков,0.0
L_pre_бронду,0.0
L_pre_лыков,0.0
L_лыкова,0.0
L_pre_лы,0.0
L_pre_лыко,0.0
L_pre_лык,0.0
L_pre_лыкова,0.0
L_suf_лем,0.0
L_suf_ем,0.0
L_лем,0.0
L_pre_лем,0.0
L_suf_хова,0.0
L_suf_тахова,0.0
L_астахова,0.0
L_pre_аст,0.0
L_pre_астах,0.0
L_pre_аста,0.0
L_suf_ахова,0.0
F_suf_ксинья,0.0
F_аксинья,0.0
L_pre_астахо,0.0
F_pre_аксинь,0.0
L_pre_каминс,0.0
L_pre_ками,0.0
F_бронислав,0.0
F_pre_бронис,0.0
L_pre_камин,0.0
F_pre_бро,0.0
L_suf_ский,0.0
L_suf_нский,0.0
L_каминский,0.0
L_suf_инский,0.0
F_pre_брон,0.0
F_pre_брони,0.0
F_домна,0.0
F_suf_домна,0.0
F_suf_мна,0.0
F_pre_домна,0.0
F_suf_омна,0.0
F_suf_азимир,0.0
L_pre_мале,0.0
F_pre_казими,0.0
F_pre_каз,0.0
L_pre_малеви,0.0
L_suf_левич,0.0
F_pre_казим,0.0
L_малевич,0.0
L_pre_малев,0.0
F_казимир,0.0
F_suf_зимир,0.0
L_suf_алевич,0.0
F_pre_кази,0.0
F_pre_евлам,0.0
L_pre_ро,0.0
F_pre_евл,0.0
L_pre_романо,0.0
L_pre_роман,0.0
F_евлампия,0.0
F_suf_мпия,0.0
L_романова,0.0
F_suf_ампия,0.0
L_pre_рома,0.0
F_pre_евла,0.0
F_pre_евламп,0.0
L_pre_ром,0.0
F_suf_пия,0.0
F_suf_лампия,0.0
L_pre_татар,0.0
L_suf_арский,0.0
L_suf_рский,0.0
F_владлен,0.0
L_pre_тат,0.0
F_suf_ладлен,0.0
L_pre_тата,0.0
L_татарский,0.0
L_pre_татарс,0.0
L_pre_алы,0.0
L_pre_алымо,0.0
L_suf_лымова,0.0
L_pre_алым,0.0
L_алымова,0.0
L_pre_алымов,0.0
L_мирзаянов,0.0
F_pre_вил,0.0
F_вил,0.0
L_pre_мир,0.0
L_suf_янов,0.0
L_pre_мирзая,0.0
L_pre_мирз,0.0
L_suf_заянов,0.0
L_suf_аянов,0.0
F_suf_вил,0.0
L_pre_мирза,0.0
L_тур,0.0
L_suf_тур,0.0
L_suf_ур,0.0
L_pre_чен и,0.0
L_suf_ен ир,0.0
L_pre_чен ир,0.0
L_suf_н ир,0.0
F_ким,0.0
L_suf_ ир,0.0
L_suf_чен ир,0.0
F_pre_ким,0.0
L_чен ир,0.0
L_suf_ир,0.0
L_pre_чен,0.0
L_pre_че,0.0
L_pre_чен ,0.0
L_suf_тровна,0.0
L_suf_ровна,0.0
F_pre_фев,0.0
F_pre_феврон,0.0
F_suf_рония,0.0
F_suf_врония,0.0
L_петровна,0.0
F_pre_февро,0.0
L_suf_вна,0.0
L_suf_овна,0.0
F_феврония,0.0
F_pre_февр,0.0
F_pre_окта,0.0
L_suf_опеску,0.0
F_pre_окт,0.0
L_попеску,0.0
L_suf_еску,0.0
F_октавиан,0.0
F_pre_октав,0.0
L_pre_попеск,0.0
L_suf_ску,0.0
L_pre_попе,0.0
L_suf_ку,0.0
F_suf_тавиан,0.0
L_pre_попес,0.0
F_suf_авиан,0.0
F_pre_октави,0.0
F_suf_виан,0.0
L_suf_песку,0.0
L_pre_шу,0.0
L_pre_шувало,0.0
F_мавра,0.0
L_pre_шув,0.0
F_pre_мавр,0.0
L_шувалова,0.0
L_pre_шува,0.0
L_pre_шувал,0.0
F_suf_вра,0.0
F_suf_мавра,0.0
F_suf_авра,0.0
F_pre_мавра,0.0
L_pre_ков,0.0
L_suf_ачевич,0.0
L_pre_ковач,0.0
L_suf_чевич,0.0
L_pre_коваче,0.0
L_pre_кова,0.0
L_ковачевич,0.0
F_suf_укерья,0.0
L_suf_ская,0.0
F_suf_ерья,0.0
L_suf_кая,0.0
F_pre_лукерь,0.0
L_suf_овская,0.0
L_козловская,0.0
F_suf_керья,0.0
L_suf_вская,0.0
F_лукерья,0.0
F_suf_тибор,0.0
L_pre_клук,0.0
L_suf_сович,0.0
F_suf_бор,0.0
F_pre_рати,0.0
F_pre_ратиб,0.0
L_pre_клуксо,0.0
L_клуксович,0.0
L_pre_клу,0.0
L_suf_ович,0.0
F_suf_ибор,0.0
L_pre_клукс,0.0
F_ратибор,0.0
F_pre_ратибо,0.0
F_suf_атибор,0.0
L_suf_ксович,0.0
L_pre_кл,0.0
L_suf_штак,0.0
L_pre_вишта,0.0
L_pre_виштак,0.0
L_pre_вишт,0.0
L_suf_иштак,0.0
L_suf_виштак,0.0
F_suf_панида,0.0
F_степанида,0.0
L_pre_виш,0.0
L_suf_так,0.0
F_suf_анида,0.0
L_suf_ак,0.0
L_виштак,0.0
L_pre_мещер,0.0
L_pre_меще,0.0
L_мещерский,0.0
L_pre_мещ,0.0
L_pre_мещерс,0.0
L_suf_ерский,0.0
F_suf_анисим,0.0
F_pre_анисим,0.0
L_pre_макси,0.0
F_анисим,0.0
L_suf_ксимов,0.0
L_pre_максим,0.0
F_suf_исим,0.0
L_максимов,0.0
F_suf_нисим,0.0
L_suf_енко,0.0
L_ильенко,0.0
L_suf_ко,0.0
L_pre_ильенк,0.0
L_pre_ильен,0.0
L_suf_ьенко,0.0
L_pre_илье,0.0
L_suf_нко,0.0
L_suf_льенко,0.0
L_воронин,0.0
L_pre_ворон,0.0
L_suf_оронин,0.0
F_pre_филимо,0.0
L_suf_нин,0.0
L_suf_онин,0.0
F_suf_имон,0.0
F_pre_фил,0.0
F_suf_лимон,0.0
F_pre_филим,0.0
F_suf_илимон,0.0
L_suf_ронин,0.0
F_филимон,0.0
F_pre_фили,0.0
L_pre_ворони,0.0
F_suf_осиния,0.0
L_suf_оцкая,0.0
L_pre_полоцк,0.0
L_pre_поло,0.0
F_евфросиния,0.0
F_pre_евф,0.0
L_suf_цкая,0.0
L_полоцкая,0.0
L_suf_лоцкая,0.0
L_pre_полоц,0.0
F_pre_евфро,0.0
F_pre_евфр,0.0
F_pre_евфрос,0.0
L_suf_шнев,0.0
L_pre_стрешн,0.0
L_suf_решнев,0.0
L_pre_стре,0.0
L_suf_ешнев,0.0
L_pre_стреш,0.0
L_pre_стр,0.0
L_стрешнев,0.0
L_suf_нев,0.0
L_pre_сав,0.0
L_suf_ввина,0.0
L_саввина,0.0
L_suf_вина,0.0
L_pre_саввин,0.0
L_pre_савви,0.0
L_pre_савв,0.0
L_suf_аввина,0.0
L_pre_мальце,0.0
L_pre_маль,0.0
F_pre_терен,0.0
F_suf_рентий,0.0
L_suf_ьцев,0.0
L_suf_альцев,0.0
F_терентий,0.0
F_pre_терент,0.0
L_pre_мальц,0.0
L_suf_льцев,0.0
L_мальцев,0.0
L_suf_ница,0.0
L_pre_посад,0.0
L_suf_ица,0.0
L_pre_посадн,0.0
L_suf_ца,0.0
L_посадница,0.0
L_pre_пос,0.0
L_suf_адница,0.0
L_pre_поса,0.0
L_suf_дница,0.0
L_pre_байбе,0.0
L_suf_байбек,0.0
L_suf_йбек,0.0
L_байбек,0.0
L_suf_айбек,0.0
L_pre_байбек,0.0
F_pre_гүлі,0.0
F_suf_гүлім,0.0
F_pre_гүлім,0.0
F_гүлім,0.0
F_suf_үлім,0.0
F_pre_еркі,0.0
L_pre_тік,0.0
F_suf_ркін,0.0
F_pre_еркін,0.0
F_еркін,0.0
L_suf_кешұлы,0.0
L_pre_тікешұ,0.0
L_pre_тікеш,0.0
L_тікешұлы,0.0
F_suf_ін,0.0
L_suf_ешұлы,0.0
F_suf_еркін,0.0
L_suf_шұлы,0.0
L_pre_тіке,0.0
F_suf_кін,0.0
L_suf_құл,0.0
L_suf_рқұл,0.0
L_pre_жапп,0.0
L_suf_парқұл,0.0
L_жаппарқұл,0.0
L_pre_жаппа,0.0
L_suf_арқұл,0.0
L_pre_жаппар,0.0
L_suf_бақов,0.0
L_suf_збақов,0.0
L_оразбақов,0.0
F_ғалым,0.0
F_зәуреш,0.0
L_suf_олдина,0.0
F_pre_зәуре,0.0
F_suf_уреш,0.0
L_pre_баймо,0.0
L_pre_баймол,0.0
F_suf_реш,0.0
F_suf_зәуреш,0.0
F_suf_әуреш,0.0
L_баймолдина,0.0
F_pre_зәу,0.0
F_pre_зәуреш,0.0
F_pre_зәур,0.0
L_suf_ыханов,0.0
L_pre_тұрлых,0.0
L_тұрлыханов,0.0
F_suf_алай,0.0
L_pre_нұрқад,0.0
L_pre_нұрқ,0.0
F_suf_ұралай,0.0
F_құралай,0.0
L_нұрқаділова,0.0
F_pre_құрал,0.0
L_suf_ілова,0.0
F_pre_құра,0.0
L_pre_нұрқа,0.0
L_suf_ділова,0.0
F_suf_ралай,0.0
F_pre_құрала,0.0
F_pre_нұрғ,0.0
F_suf_ұрғиса,0.0
F_нұрғиса,0.0
L_suf_ндиев,0.0
L_тілендиев,0.0
F_suf_рғиса,0.0
F_suf_ғиса,0.0
L_pre_тілен,0.0
L_suf_ендиев,0.0
L_pre_тіленд,0.0
F_pre_нұрғис,0.0
F_pre_нұрғи,0.0
F_шәмшия,0.0
F_pre_шәмши,0.0
F_suf_әмшия,0.0
F_suf_мшия,0.0
F_pre_шәмшия,0.0
F_suf_шия,0.0
F_suf_шәмшия,0.0
L_pre_жама,0.0
F_pre_ғайн,0.0
F_suf_айни,0.0
F_suf_йни,0.0
F_suf_ғайни,0.0
L_pre_жаман,0.0
L_pre_жамано,0.0
L_жаманова,0.0
F_ғайни,0.0
F_pre_ғай,0.0
F_pre_ғайни,0.0
F_pre_өмірбе,0.0
F_pre_өм,0.0
F_pre_өмі,0.0
F_pre_өмір,0.0
F_suf_мірбек,0.0
F_pre_өмірб,0.0
F_өмірбек,0.0
L_сәдуақасова,0.0
L_pre_сәдуақ,0.0
L_suf_қасова,0.0
L_pre_сәду,0.0
L_pre_сәд,0.0
L_pre_сәдуа,0.0
F_үсен,0.0
F_pre_үсен,0.0
F_pre_үс,0.0
F_suf_үсен,0.0
L_suf_дахмет,0.0
L_сейдахмет,0.0
F_pre_үсе,0.0
L_pre_табы,0.0
L_табынбаева,0.0
L_pre_табынб,0.0
L_pre_табын,0.0
L_pre_таб,0.0
F_қуандық,0.0
F_suf_андық,0.0
F_pre_қуанды,0.0
F_suf_ндық,0.0
F_pre_қуанд,0.0
F_suf_уандық,0.0
L_қалаубаева,0.0
L_pre_қалау,0.0
L_pre_қалауб,0.0
L_pre_қала,0.0
L_suf_бекұлы,0.0
F_ғанибет,0.0
L_pre_садыр,0.0
F_pre_ған,0.0
F_suf_ибет,0.0
F_suf_анибет,0.0
L_suf_екұлы,0.0
F_suf_нибет,0.0
F_pre_ғаниб,0.0
L_pre_садырб,0.0
F_pre_ғанибе,0.0
L_садырбекұлы,0.0
F_pre_ғани,0.0
F_pre_мақпал,0.0
F_suf_пал,0.0
F_pre_мақп,0.0
F_pre_мақпа,0.0
F_мақпал,0.0
F_suf_қпал,0.0
F_suf_ақпал,0.0
F_suf_мақпал,0.0
F_pre_төр,0.0
F_төреғали,0.0
L_suf_еәлі,0.0
L_төреәлі,0.0
L_pre_төреәл,0.0
F_pre_төре,0.0
L_suf_реәлі,0.0
L_suf_лі,0.0
F_suf_реғали,0.0
F_pre_төреғ,0.0
L_pre_төреә,0.0
L_suf_әлі,0.0
L_suf_өреәлі,0.0
F_suf_еғали,0.0
F_pre_төреға,0.0
F_ерке,0.0
L_pre_есмах,0.0
L_есмахан,0.0
L_suf_смахан,0.0
L_pre_есмаха,0.0
L_pre_бес,0.0
L_бесбайұлы,0.0
L_pre_бесбай,0.0
L_pre_бесба,0.0
L_pre_бесб,0.0
L_pre_дұғ,0.0
L_pre_дұ,0.0
L_pre_дұғал,0.0
L_pre_дұғало,0.0
L_pre_дұға,0.0
L_дұғалова,0.0
L_suf_ғалова,0.0
L_майғазиев,0.0
L_pre_май,0.0
L_pre_майғ,0.0
L_suf_ғазиев,0.0
L_pre_майға,0.0
L_pre_майғаз,0.0
L_pre_әбілд,0.0
L_pre_әбілди,0.0
L_suf_ілдина,0.0
L_әбілдина,0.0
F_pre_әбд,0.0
L_suf_қожа,0.0
L_pre_әлқожа,0.0
F_pre_әбді,0.0
L_pre_әлқо,0.0
F_pre_әбдіжа,0.0
F_pre_әбдіж,0.0
F_әбдіжаппар,0.0
L_pre_әлқож,0.0
L_pre_әлқ,0.0
L_suf_лқожа,0.0
L_әлқожа,0.0
L_suf_жа,0.0
L_suf_әлқожа,0.0
L_suf_ожа,0.0
L_pre_бақа,0.0
L_suf_ақаева,0.0
L_бақаева,0.0
L_pre_бақаев,0.0
L_pre_бақае,0.0
F_pre_асанә,0.0
L_suf_шімов,0.0
F_асанәлі,0.0
L_pre_әшімов,0.0
L_pre_әшімо,0.0
L_suf_әшімов,0.0
F_suf_санәлі,0.0
F_pre_асанәл,0.0
L_әшімов,0.0
L_pre_рымбае,0.0
L_рымбаева,0.0
L_pre_рым,0.0
L_pre_рымб,0.0
L_pre_рымба,0.0
L_pre_жолжа,0.0
F_досхан,0.0
L_pre_жолжақ,0.0
F_suf_досхан,0.0
F_pre_досх,0.0
L_suf_қсынов,0.0
F_suf_осхан,0.0
F_pre_досха,0.0
L_жолжақсынов,0.0
L_pre_жолж,0.0
F_pre_досхан,0.0
L_pre_сүй,0.0
L_suf_шәлина,0.0
L_suf_әлина,0.0
L_pre_сүйінш,0.0
L_сүйіншәлина,0.0
L_pre_сүйін,0.0
L_pre_сүйі,0.0
L_әлімжанов,0.0
L_қожахметова,0.0
F_suf_кел,0.0
L_pre_мү,0.0
L_pre_мүсіл,0.0
F_pre_тауек,0.0
L_suf_ілім,0.0
L_pre_мүс,0.0
F_suf_ауекел,0.0
F_pre_тауеке,0.0
L_pre_мүсі,0.0
L_pre_мүсілі,0.0
L_suf_сілім,0.0
F_pre_тауе,0.0
F_suf_екел,0.0
L_мүсілім,0.0
F_pre_тау,0.0
L_suf_лім,0.0
F_тауекел,0.0
F_suf_уекел,0.0
L_suf_үсілім,0.0
F_pre_айсә,0.0
F_айсәуле,0.0
F_suf_йсәуле,0.0
F_pre_айсәул,0.0
F_pre_айсәу,0.0
L_мәди,0.0
L_suf_әди,0.0
L_suf_ди,0.0
L_pre_мәд,0.0
L_pre_мәди,0.0
L_suf_мәди,0.0
F_кәмшат,0.0
F_pre_кәм,0.0
F_suf_кәмшат,0.0
F_pre_кәмш,0.0
F_pre_кәмша,0.0
F_suf_әмшат,0.0
F_pre_кәмшат,0.0
F_pre_шәріп,0.0
F_suf_іп,0.0
F_suf_әріп,0.0
F_pre_шәрі,0.0
F_suf_ріп,0.0
F_шәріп,0.0
F_suf_шәріп,0.0
F_фархат,0.0
F_pre_фарха,0.0
F_pre_фарх,0.0
F_suf_фархат,0.0
F_pre_фархат,0.0
L_pre_адамба,0.0
L_suf_дамбай,0.0
L_pre_адам,0.0
L_pre_ада,0.0
L_pre_адамб,0.0
L_адамбай,0.0
L_suf_амбай,0.0
L_pre_телеба,0.0
L_pre_телеб,0.0
L_телебарисова,0.0
L_pre_тел,0.0
L_pre_теле,0.0
L_pre_телем,0.0
F_pre_ерден,0.0
L_pre_телемі,0.0
F_suf_рден,0.0
F_pre_ерде,0.0
F_ерден,0.0
L_suf_емісов,0.0
F_suf_ерден,0.0
L_suf_місов,0.0
L_телемісов,0.0
F_pre_ерд,0.0
L_pre_дусмат,0.0
L_pre_дусма,0.0
F_гүлнара,0.0
F_suf_лнара,0.0
F_suf_үлнара,0.0
L_pre_дус,0.0
L_pre_дусм,0.0
F_pre_гүлнар,0.0
L_дусматова,0.0
F_pre_серікб,0.0
L_pre_әбд,0.0
F_серікболсын,0.0
L_suf_ілдин,0.0
L_pre_әбділд,0.0
F_suf_лсын,0.0
F_suf_болсын,0.0
L_suf_ділдин,0.0
L_pre_әбділ,0.0
L_әбділдин,0.0
F_suf_олсын,0.0
L_pre_әбді,0.0
F_suf_сын,0.0
F_шырын,0.0
L_suf_рчаева,0.0
F_pre_шыр,0.0
F_pre_шыры,0.0
L_pre_нарча,0.0
F_suf_ырын,0.0
L_pre_нарчае,0.0
L_pre_нар,0.0
L_suf_чаева,0.0
F_pre_шырын,0.0
L_pre_нарч,0.0
L_нарчаева,0.0
F_suf_шырын,0.0
F_pre_жең,0.0
F_pre_жеңі,0.0
F_suf_еңіс,0.0
F_pre_жеңіс,0.0
F_жеңіс,0.0
F_suf_жеңіс,0.0
F_suf_ңіс,0.0
F_ұлболсын,0.0
L_pre_шын,0.0
L_pre_шынал,0.0
L_pre_шына,0.0
L_pre_шы,0.0
L_pre_шынали,0.0
F_pre_ұлболс,0.0
L_шыналиева,0.0
F_pre_ұлбол,0.0
F_pre_ұлбо,0.0
L_pre_бегм,0.0
F_pre_қас,0.0
F_pre_қасым,0.0
F_suf_ымхан,0.0
L_pre_бегман,0.0
F_қасымхан,0.0
F_pre_қасымх,0.0
L_pre_бегма,0.0
F_pre_қасы,0.0
F_suf_сымхан,0.0
L_бегманов,0.0
F_әсия,0.0
L_pre_абыл,0.0
L_suf_ылаева,0.0
L_pre_абы,0.0
F_pre_әси,0.0
L_pre_абыла,0.0
L_pre_абылае,0.0
F_suf_әсия,0.0
L_абылаева,0.0
F_pre_әсия,0.0
F_pre_ән,0.0
F_suf_әнуар,0.0
F_pre_әнуар,0.0
L_нұрпейісов,0.0
L_suf_йісов,0.0
F_pre_әну,0.0
L_suf_ейісов,0.0
F_pre_әнуа,0.0
L_pre_нұрп,0.0
L_pre_нұрпей,0.0
F_әнуар,0.0
L_pre_нұрпе,0.0
L_анарбекова,0.0
L_байжанбаев,0.0
L_pre_жаңы,0.0
L_жаңылбаева,0.0
L_pre_жаңылб,0.0
L_pre_жаңыл,0.0
L_ақмолда,0.0
L_pre_ақмо,0.0
F_pre_дул,0.0
L_pre_ақмолд,0.0
F_pre_дулыға,0.0
L_suf_молда,0.0
L_suf_олда,0.0
L_suf_да,0.0
F_suf_лыға,0.0
L_pre_ақмол,0.0
F_дулыға,0.0
F_suf_улыға,0.0
F_suf_дулыға,0.0
F_suf_ыға,0.0
F_pre_дулы,0.0
F_pre_дулығ,0.0
L_pre_ақм,0.0
L_suf_қмолда,0.0
L_suf_лда,0.0
L_нұр,0.0
L_suf_нұр,0.0
L_suf_ұр,0.0
L_pre_байтас,0.0
F_pre_ғази,0.0
F_pre_ғаз,0.0
L_pre_байт,0.0
L_pre_байта,0.0
L_suf_йтасов,0.0
F_ғазиз,0.0
F_pre_ғазиз,0.0
L_байтасов,0.0
F_suf_һрам,0.0
F_suf_баһрам,0.0
F_suf_аһрам,0.0
L_suf_смаил,0.0
F_pre_гүлбаһ,0.0
L_исмаил,0.0
L_suf_маил,0.0
F_гүлбаһрам,0.0
L_suf_ил,0.0
L_suf_исмаил,0.0
L_suf_аил,0.0
L_pre_рай,0.0
L_pre_райба,0.0
F_suf_уірбек,0.0
F_зәуірбек,0.0
L_райбаев,0.0
L_suf_айбаев,0.0
F_pre_зәуірб,0.0
F_pre_зәуі,0.0
L_pre_райб,0.0
L_pre_райбае,0.0
F_pre_зәуір,0.0
L_suf_йбаев,0.0
L_suf_ғатова,0.0
L_мыңғатова,0.0
F_suf_ұргүл,0.0
L_pre_мыңға,0.0
F_pre_нұргүл,0.0
F_pre_нұргү,0.0
F_suf_нұргүл,0.0
L_pre_мыңғат,0.0
L_pre_мыңғ,0.0
F_нұргүл,0.0
F_pre_нұрг,0.0
L_кәрімов,0.0
L_suf_әрімов,0.0
L_suf_рімов,0.0
L_pre_кәрімо,0.0
L_pre_түсі,0.0
L_түсіпбаева,0.0
L_pre_түсіп,0.0
L_pre_тү,0.0
L_pre_түс,0.0
L_pre_түсіпб,0.0
F_pre_қыдырә,0.0
L_болманов,0.0
L_pre_болм,0.0
F_suf_дырәлі,0.0
F_pre_қыд,0.0
F_қыдырәлі,0.0
L_pre_болман,0.0
F_pre_қыды,0.0
F_suf_ырәлі,0.0
L_suf_лманов,0.0
L_pre_болма,0.0
F_pre_қыдыр,0.0
F_suf_ақбөпе,0.0
F_pre_ақбөп,0.0
F_suf_қбөпе,0.0
F_ақбөпе,0.0
F_suf_бөпе,0.0
F_suf_өпе,0.0
F_pre_ақбөпе,0.0
F_pre_ақбө,0.0
F_suf_аак,0.0
L_suf_евский,0.0
F_pre_исаак,0.0
L_дунаевский,0.0
L_pre_дунаев,0.0
F_pre_исаа,0.0
L_pre_дун,0.0
F_исаак,0.0
F_suf_саак,0.0
L_pre_дуна,0.0
F_suf_исаак,0.0
L_suf_вский,0.0
L_pre_дунае,0.0
L_pre_гурч,0.0
L_suf_рченко,0.0
L_suf_ченко,0.0
L_pre_гур,0.0
L_гурченко,0.0
L_pre_гурче,0.0
L_pre_гурчен,0.0
L_pre_райк,0.0
L_suf_йкин,0.0
L_pre_райки,0.0
L_suf_райкин,0.0
L_райкин,0.0
L_suf_айкин,0.0
L_pre_райкин,0.0
L_раневская,0.0
L_suf_евская,0.0
L_pre_ране,0.0
L_pre_ран,0.0
L_pre_ранев,0.0
L_pre_раневс,0.0
L_pre_утесо,0.0
L_suf_тесов,0.0
L_suf_утесов,0.0
L_утесов,0.0
L_pre_утес,0.0
L_pre_утесов,0.0
L_suf_ернес,0.0
L_pre_берне,0.0
L_suf_бернес,0.0
L_suf_рнес,0.0
L_suf_нес,0.0
L_бернес,0.0
L_pre_берн,0.0
L_pre_бернес,0.0
F_клавдия,0.0
L_suf_женко,0.0
L_suf_ьженко,0.0
L_pre_шульже,0.0
F_pre_клавди,0.0
L_pre_шульж,0.0
L_pre_шуль,0.0
L_pre_шул,0.0
F_pre_клав,0.0
F_suf_авдия,0.0
F_suf_вдия,0.0
F_suf_лавдия,0.0
L_шульженко,0.0
F_pre_клавд,0.0
L_pre_жжен,0.0
L_pre_жже,0.0
L_suf_жженов,0.0
L_pre_жженов,0.0
L_pre_жжено,0.0
L_жженов,0.0
L_pre_жж,0.0
L_suf_льтцер,0.0
L_suf_ер,0.0
L_pre_пельт,0.0
L_suf_тцер,0.0
L_пельтцер,0.0
L_pre_пельтц,0.0
L_pre_пель,0.0
L_suf_ьтцер,0.0
L_suf_цер,0.0
L_pre_пел,0.0
L_миронов,0.0
L_pre_миро,0.0
L_pre_мирон,0.0
L_suf_ронов,0.0
L_pre_мироно,0.0
L_suf_иронов,0.0
F_suf_онна,0.0
L_pre_мордю,0.0
L_suf_юкова,0.0
L_pre_морд,0.0
L_мордюкова,0.0
F_suf_нонна,0.0
F_нонна,0.0
F_pre_нон,0.0
L_suf_дюкова,0.0
L_pre_мордюк,0.0
F_pre_нонна,0.0
F_pre_нонн,0.0
L_suf_улин,0.0
L_никулин,0.0
L_suf_икулин,0.0
L_pre_нику,0.0
L_suf_кулин,0.0
L_pre_никули,0.0
L_pre_никул,0.0
L_suf_арева,0.0
L_pre_гундар,0.0
L_pre_гунда,0.0
L_гундарева,0.0
L_pre_гун,0.0
L_suf_рева,0.0
L_suf_дарева,0.0
L_pre_гунд,0.0
L_pre_папа,0.0
L_папанов,0.0
L_pre_папано,0.0
L_pre_пап,0.0
L_pre_папан,0.0
L_pre_быстри,0.0
L_suf_ицкая,0.0
L_pre_бы,0.0
L_suf_рицкая,0.0
L_pre_быстр,0.0
L_pre_быс,0.0
L_быстрицкая,0.0
L_pre_быст,0.0
L_suf_хонов,0.0
L_pre_тихон,0.0
L_тихонов,0.0
L_suf_ихонов,0.0
L_pre_тихоно,0.0
L_pre_муравь,0.0
L_pre_мурав,0.0
L_suf_авьева,0.0
L_suf_вьева,0.0
L_муравьева,0.0
L_pre_таба,0.0
L_suf_абаков,0.0
L_pre_табако,0.0
L_табаков,0.0
L_pre_табак,0.0
L_suf_йндлих,0.0
L_фрейндлих,0.0
L_suf_ндлих,0.0
L_suf_лих,0.0
L_pre_фрейнд,0.0
L_suf_их,0.0
L_suf_длих,0.0
L_pre_фрей,0.0
L_pre_фрейн,0.0
L_pre_фре,0.0
L_suf_оцкий,0.0
L_высоцкий,0.0
L_pre_выс,0.0
L_pre_высо,0.0
L_pre_высоцк,0.0
L_pre_вы,0.0
L_pre_высоц,0.0
L_suf_соцкий,0.0
L_suf_лчек,0.0
L_suf_чек,0.0
L_pre_волче,0.0
L_pre_волч,0.0
L_suf_олчек,0.0
L_suf_волчек,0.0
L_волчек,0.0
L_pre_волчек,0.0
L_pre_лан,0.0
L_pre_лано,0.0
L_pre_ла,0.0
L_suf_овой,0.0
L_pre_ланов,0.0
L_suf_новой,0.0
L_suf_ой,0.0
L_pre_ланово,0.0
L_лановой,0.0
L_suf_вой,0.0
L_suf_ановой,0.0
L_pre_чурико,0.0
L_чурикова,0.0
L_pre_чурик,0.0
L_pre_чури,0.0
L_pre_чур,0.0
L_pre_чу,0.0
L_куравлев,0.0
L_suf_авлев,0.0
L_pre_курав,0.0
L_suf_равлев,0.0
L_pre_куравл,0.0
L_варлей,0.0
L_pre_варл,0.0
L_suf_лей,0.0
L_pre_вар,0.0
L_suf_рлей,0.0
L_pre_варле,0.0
L_pre_варлей,0.0
L_suf_арлей,0.0
L_suf_варлей,0.0
L_suf_ей,0.0
L_pre_ян,0.0
L_pre_янко,0.0
L_pre_янковс,0.0
L_pre_янков,0.0
L_янковский,0.0
L_pre_янк,0.0
L_suf_овский,0.0
L_suf_ляева,0.0
L_pre_немал,0.0
L_suf_яева,0.0
L_suf_аляева,0.0
L_pre_нема,0.0
L_pre_немаля,0.0
L_pre_нем,0.0
L_немаляева,0.0
L_михалков,0.0
L_pre_михалк,0.0
L_suf_халков,0.0
L_pre_михал,0.0
L_suf_алков,0.0
L_suf_лков,0.0
L_pre_алент,0.0
L_алентова,0.0
L_suf_нтова,0.0
L_suf_ентова,0.0
L_pre_аленто,0.0
L_абдулов,0.0
L_pre_абдуло,0.0
L_suf_дулов,0.0
L_suf_бдулов,0.0
L_suf_рехова,0.0
L_suf_ехова,0.0
L_pre_тере,0.0
L_терехова,0.0
L_pre_терехо,0.0
L_pre_тер,0.0
L_pre_терех,0.0
L_pre_кос,0.0
L_pre_косто,0.0
L_pre_кост,0.0
L_костолевский,0.0
L_pre_костол,0.0
L_касаткина,0.0
L_pre_каса,0.0
L_pre_касат,0.0
L_suf_аткина,0.0
L_pre_касатк,0.0
L_suf_ткина,0.0
L_pre_машко,0.0
L_pre_машков,0.0
L_pre_маш,0.0
L_машков,0.0
L_pre_машк,0.0
L_suf_ашков,0.0
L_suf_машков,0.0
L_pre_дог,0.0
L_suf_гилева,0.0
L_pre_доги,0.0
L_pre_догил,0.0
L_pre_догиле,0.0
L_догилева,0.0
L_suf_илева,0.0
L_suf_зруков,0.0
L_suf_руков,0.0
L_безруков,0.0
L_pre_безрук,0.0
L_pre_безр,0.0
L_pre_без,0.0
L_pre_безру,0.0
L_pre_литви,0.0
L_suf_винова,0.0
L_pre_лит,0.0
L_pre_ли,0.0
L_pre_литвин,0.0
L_pre_литв,0.0
L_литвинова,0.0
L_pre_хабенс,0.0
L_pre_хабе,0.0
L_pre_хабен,0.0
L_pre_хаб,0.0
L_хабенский,0.0
L_suf_енский,0.0
F_чулпан,0.0
F_pre_чул,0.0
F_pre_чулпа,0.0
L_pre_хамато,0.0
L_хаматова,0.0
L_pre_хамат,0.0
F_suf_чулпан,0.0
F_pre_чулп,0.0
F_pre_чу,0.0
F_pre_чулпан,0.0
L_pre_хама,0.0
F_suf_улпан,0.0
L_козловский,0.0
L_pre_раппо,0.0
L_suf_порт,0.0
L_pre_рап,0.0
L_suf_опорт,0.0
L_pre_рапп,0.0
L_suf_попорт,0.0
L_pre_раппоп,0.0
L_suf_орт,0.0
L_раппопорт,0.0
L_pre_фандер,0.0
L_suf_дера,0.0
L_pre_фанде,0.0
L_suf_ра,0.0
L_suf_ндера,0.0
L_suf_ера,0.0
L_фандера,0.0
L_suf_андера,0.0
L_pre_фанд,0.0
L_pre_фан,0.0
L_pre_фа,0.0
L_pre_ход,0.0
L_pre_ходч,0.0
L_suf_нкова,0.0
L_suf_енкова,0.0
L_pre_хо,0.0
L_ходченкова,0.0
L_pre_ходче,0.0
L_pre_ходчен,0.0
L_горбачева,0.0
L_suf_чева,0.0
L_suf_ачева,0.0
L_pre_горбач,0.0
L_pre_горба,0.0
L_suf_бачева,0.0
F_suf_наль,0.0
L_suf_аметов,0.0
F_pre_риналь,0.0
F_suf_риналь,0.0
F_pre_ринал,0.0
F_suf_иналь,0.0
F_риналь,0.0
L_мухаметов,0.0
L_suf_ртич,0.0
L_pre_борти,0.0
L_pre_борт,0.0
L_suf_ортич,0.0
L_suf_тич,0.0
L_pre_бортич,0.0
L_бортич,0.0
L_suf_бортич,0.0
L_suf_ильд,0.0
L_suf_ьд,0.0
L_suf_льд,0.0
L_suf_сильд,0.0
L_suf_есильд,0.0
L_pre_переси,0.0
L_pre_перес,0.0
L_pre_пере,0.0
L_пересильд,0.0
L_suf_кович,0.0
L_suf_икович,0.0
F_suf_лош,0.0
L_бикович,0.0
L_pre_бикови,0.0
F_suf_илош,0.0
F_pre_милош,0.0
L_pre_бик,0.0
F_suf_ош,0.0
L_pre_бико,0.0
F_милош,0.0
F_pre_мило,0.0
L_pre_биков,0.0
F_suf_милош,0.0
L_suf_санаев,0.0
L_санаев,0.0
L_pre_сана,0.0
L_pre_санаев,0.0
L_pre_санае,0.0
L_pre_глебо,0.0
L_глебов,0.0
L_suf_глебов,0.0
L_pre_глебов,0.0
L_suf_ебов,0.0
L_suf_лебов,0.0
L_pre_глеб,0.0
L_pre_гл,0.0
L_suf_бов,0.0
L_pre_гле,0.0
L_федорова,0.0
L_suf_орова,0.0
L_suf_дорова,0.0
L_suf_рючков,0.0
L_suf_ючков,0.0
L_pre_крю,0.0
L_suf_чков,0.0
L_pre_крючк,0.0
L_крючков,0.0
L_pre_крюч,0.0
L_pre_крючко,0.0
L_suf_монова,0.0
L_симонова,0.0
L_pre_симо,0.0
L_pre_симоно,0.0
L_pre_сим,0.0
L_pre_симон,0.0
L_suf_юматов,0.0
L_pre_юматов,0.0
L_pre_юмато,0.0
L_pre_юм,0.0
L_pre_юмат,0.0
L_юматов,0.0
L_pre_юма,0.0
L_suf_быков,0.0
L_быков,0.0
L_pre_бык,0.0
L_pre_быков,0.0
L_pre_быко,0.0
L_suf_оклова,0.0
L_suf_клова,0.0
L_pre_прокло,0.0
L_проклова,0.0
L_pre_прок,0.0
L_pre_про,0.0
L_pre_прокл,0.0
L_suf_талов,0.0
L_pre_бата,0.0
L_pre_батал,0.0
L_баталов,0.0
L_pre_батало,0.0
L_suf_аталов,0.0
L_андрейченко,0.0
L_pre_андр,0.0
L_pre_андрей,0.0
L_pre_андре,0.0
L_suf_йченко,0.0
L_pre_анд,0.0
L_pre_ул,0.0
L_ульянов,0.0
L_pre_ульяно,0.0
L_suf_ьянов,0.0
L_pre_улья,0.0
L_pre_ульян,0.0
L_suf_льянов,0.0
L_pre_уль,0.0
L_suf_пченко,0.0
L_pre_куп,0.0
L_pre_купчен,0.0
L_pre_купче,0.0
L_купченко,0.0
L_pre_купч,0.0
L_леонов,0.0
L_pre_леонов,0.0
L_pre_леоно,0.0
L_suf_еонов,0.0
L_pre_лео,0.0
L_suf_леонов,0.0
L_pre_леон,0.0
L_suf_нская,0.0
L_pre_верт,0.0
L_pre_вер,0.0
L_вертинская,0.0
L_suf_инская,0.0
L_pre_вертин,0.0
L_pre_ве,0.0
L_pre_верти,0.0
L_pre_джи,0.0
L_pre_джиг,0.0
L_pre_джига,0.0
L_suf_ханян,0.0
L_pre_джигар,0.0
L_suf_рханян,0.0
L_suf_анян,0.0
L_suf_нян,0.0
L_джигарханян,0.0
L_suf_ян,0.0
L_pre_телич,0.0
L_pre_теличк,0.0
L_suf_ичкина,0.0
L_pre_тели,0.0
L_suf_чкина,0.0
L_теличкина,0.0
L_pre_гафт,0.0
L_suf_гафт,0.0
L_suf_афт,0.0
L_гафт,0.0
L_pre_гаф,0.0
L_suf_фт,0.0
L_suf_ойлова,0.0
L_самойлова,0.0
L_pre_само,0.0
L_pre_самойл,0.0
L_pre_самой,0.0
L_pre_смокту,0.0
L_pre_смокт,0.0
F_pre_инно,0.0
F_pre_иннок,0.0
L_pre_смок,0.0
F_pre_инноке,0.0
F_suf_кентий,0.0
L_смоктуновский,0.0
F_иннокентий,0.0
L_pre_смо,0.0
L_pre_дуро,0.0
L_pre_дуров,0.0
L_дуров,0.0
L_suf_дуров,0.0
L_suf_уров,0.0
L_pre_дур,0.0
L_pre_ахе,0.0
L_pre_ахеджа,0.0
L_ахеджакова,0.0
L_suf_жакова,0.0
L_pre_ахедж,0.0
L_pre_ахед,0.0
L_pre_золо,0.0
L_золотухин,0.0
L_pre_зо,0.0
L_suf_тухин,0.0
L_suf_ухин,0.0
L_pre_золоту,0.0
L_suf_отухин,0.0
L_pre_золот,0.0
L_suf_хин,0.0
L_pre_зол,0.0
L_неёлова,0.0
L_suf_еёлова,0.0
L_suf_ёлова,0.0
L_pre_неё,0.0
L_pre_неёлов,0.0
L_pre_неёло,0.0
L_pre_неёл,0.0
L_suf_туш,0.0
L_pre_этуш,0.0
L_suf_этуш,0.0
L_pre_эт,0.0
L_pre_эту,0.0
L_этуш,0.0
L_suf_уш,0.0
L_suf_убкина,0.0
L_pre_голубк,0.0
L_голубкина,0.0
L_suf_бкина,0.0
L_suf_идова,0.0
L_pre_деми,0.0
L_демидова,0.0
L_pre_дем,0.0
L_pre_де,0.0
L_suf_мидова,0.0
L_pre_демидо,0.0
L_pre_демид,0.0
L_suf_кшин,0.0
L_suf_шин,0.0
L_pre_шук,0.0
L_suf_укшин,0.0
L_suf_шукшин,0.0
L_pre_шукшин,0.0
L_шукшин,0.0
L_pre_шукш,0.0
L_pre_шукши,0.0
L_pre_остро,0.0
L_остроумова,0.0
L_pre_ост,0.0
L_suf_оумова,0.0
L_pre_остр,0.0
L_pre_остроу,0.0
L_suf_ягин,0.0
L_suf_гин,0.0
L_suf_лягин,0.0
L_suf_алягин,0.0
L_pre_каля,0.0
L_pre_каляги,0.0
L_pre_каляг,0.0
L_калягин,0.0
L_санаева,0.0
L_pre_мягко,0.0
L_pre_мягков,0.0
L_pre_мягк,0.0
L_suf_ягков,0.0
L_pre_мяг,0.0
L_suf_гков,0.0
L_мягков,0.0
L_pre_мя,0.0
L_suf_мягков,0.0
L_pre_брыл,0.0
L_брыльска,0.0
F_pre_барб,0.0
F_suf_арбара,0.0
L_suf_ьска,0.0
F_барбара,0.0
F_pre_барбар,0.0
L_suf_ыльска,0.0
F_pre_барба,0.0
L_suf_ка,0.0
L_pre_бры,0.0
L_suf_льска,0.0
F_suf_бара,0.0
L_pre_брыльс,0.0
L_pre_брыль,0.0
L_suf_ска,0.0
F_suf_рбара,0.0
L_suf_швили,0.0
L_pre_басил,0.0
L_pre_бас,0.0
L_suf_ашвили,0.0
L_pre_баси,0.0
L_басилашвили,0.0
L_suf_вили,0.0
L_pre_басила,0.0
L_suf_или,0.0
L_suf_чкова,0.0
L_suf_ючкова,0.0
L_крючкова,0.0
L_suf_игнеев,0.0
L_pre_евсти,0.0
L_suf_неев,0.0
L_suf_гнеев,0.0
L_евстигнеев,0.0
L_pre_евст,0.0
L_pre_евстиг,0.0
L_suf_идзе,0.0
L_pre_нини,0.0
L_suf_инидзе,0.0
L_suf_дзе,0.0
L_suf_зе,0.0
L_pre_нин,0.0
L_нинидзе,0.0
L_suf_нидзе,0.0
L_pre_нинид,0.0
L_pre_нинидз,0.0
L_pre_бур,0.0
L_pre_бурко,0.0
L_suf_рков,0.0
L_suf_бурков,0.0
L_pre_бурков,0.0
L_бурков,0.0
L_pre_бурк,0.0
L_suf_урков,0.0
L_ургант,0.0
L_pre_ург,0.0
L_suf_ргант,0.0
L_pre_урга,0.0
L_suf_гант,0.0
L_pre_урган,0.0
L_pre_ургант,0.0
L_suf_ант,0.0
L_suf_ургант,0.0
L_suf_нт,0.0
L_suf_рада,0.0
L_pre_фара,0.0
L_suf_арада,0.0
L_фарада,0.0
L_suf_фарада,0.0
L_pre_фарада,0.0
L_pre_фарад,0.0
L_pre_фар,0.0
L_suf_ада,0.0
L_pre_румянц,0.0
L_румянцева,0.0
L_pre_рум,0.0
L_suf_янцева,0.0
L_suf_нцева,0.0
L_pre_румян,0.0
L_pre_румя,0.0
L_suf_илатов,0.0
L_pre_филато,0.0
L_pre_филат,0.0
L_филатов,0.0
L_pre_фила,0.0
L_pre_глуше,0.0
L_suf_ушенко,0.0
L_pre_глушен,0.0
L_suf_шенко,0.0
L_pre_глу,0.0
L_pre_глуш,0.0
L_глушенко,0.0
L_suf_озаков,0.0
L_pre_козако,0.0
L_козаков,0.0
L_pre_козак,0.0
L_pre_коза,0.0
L_pre_алферо,0.0
L_pre_алфе,0.0
L_suf_ферова,0.0
L_suf_ерова,0.0
L_алферова,0.0
L_pre_алфер,0.0
L_pre_алф,0.0
L_suf_даль,0.0
L_даль,0.0
L_suf_аль,0.0
L_pre_даль,0.0
L_pre_дал,0.0
L_suf_ль,0.0
L_збруев,0.0
L_pre_збр,0.0
L_pre_збруев,0.0
L_suf_уев,0.0
L_suf_руев,0.0
L_pre_збруе,0.0
L_suf_збруев,0.0
L_pre_зб,0.0
L_pre_збру,0.0
L_suf_бруев,0.0
L_pre_роза,0.0
L_pre_розано,0.0
L_розанова,0.0
L_pre_розан,0.0
L_pre_роз,0.0
L_suf_авилов,0.0
L_pre_ав,0.0
L_suf_вилов,0.0
L_pre_ави,0.0
L_авилов,0.0
L_pre_авилов,0.0
L_pre_авил,0.0
L_pre_авило,0.0
L_pre_алекса,0.0
L_suf_ндрова,0.0
L_suf_дрова,0.0
L_александрова,0.0
L_pre_гост,0.0
L_suf_стюхин,0.0
L_suf_юхин,0.0
L_pre_гостюх,0.0
L_pre_гос,0.0
L_pre_гостю,0.0
L_гостюхин,0.0
L_suf_тюхин,0.0
L_лютаева,0.0
L_pre_лют,0.0
L_pre_люта,0.0
L_pre_лютае,0.0
L_pre_лютаев,0.0
L_suf_ютаева,0.0
L_pre_лю,0.0
L_suf_вецкий,0.0
L_pre_мако,0.0
L_pre_макове,0.0
L_pre_маков,0.0
L_suf_ецкий,0.0
L_маковецкий,0.0
L_pre_каме,0.0
L_каменкова,0.0
L_pre_каменк,0.0
L_pre_камен,0.0
L_suf_ша,0.0
L_pre_кв,0.0
L_кваша,0.0
L_pre_ква,0.0
L_suf_кваша,0.0
L_pre_кваша,0.0
L_pre_кваш,0.0
L_suf_аша,0.0
L_suf_ваша,0.0
L_чурсина,0.0
L_pre_чурсин,0.0
L_suf_рсина,0.0
L_suf_урсина,0.0
L_pre_чурси,0.0
L_pre_чурс,0.0
L_suf_акуров,0.0
L_pre_шакур,0.0
L_suf_куров,0.0
L_pre_шаку,0.0
L_шакуров,0.0
L_pre_шакуро,0.0
L_pre_большо,0.0
L_pre_больш,0.0
L_suf_ьшова,0.0
L_большова,0.0
L_pre_боль,0.0
L_suf_льшова,0.0
L_suf_ско,0.0
L_suf_раско,0.0
L_suf_аско,0.0
L_pre_краск,0.0
L_pre_краско,0.0
L_pre_крас,0.0
L_краско,0.0
L_suf_краско,0.0
L_pre_глаг,0.0
L_suf_голева,0.0
L_pre_глагол,0.0
L_pre_гла,0.0
L_pre_глаго,0.0
L_глаголева,0.0
L_suf_евой,0.0
L_suf_оневой,0.0
L_pre_броне,0.0
L_pre_бронев,0.0
L_броневой,0.0
L_suf_невой,0.0
L_pre_корик,0.0
L_pre_кори,0.0
L_pre_корико,0.0
L_корикова,0.0
L_pre_бояр,0.0
L_pre_боярск,0.0
L_pre_боя,0.0
L_pre_боярс,0.0
L_suf_ярский,0.0
L_боярский,0.0
L_suf_ярская,0.0
L_боярская,0.0
L_suf_рская,0.0
L_suf_енцов,0.0
L_suf_нцов,0.0
L_караченцов,0.0
L_suf_ченцов,0.0
L_suf_цов,0.0
L_pre_караче,0.0
L_pre_карач,0.0
L_suf_кабо,0.0
L_pre_кабо,0.0
L_suf_бо,0.0
L_кабо,0.0
L_suf_або,0.0
L_suf_ратьян,0.0
L_suf_тьян,0.0
L_suf_ьян,0.0
L_харатьян,0.0
L_pre_харат,0.0
L_pre_харать,0.0
L_suf_атьян,0.0
L_pre_хара,0.0
L_pre_хар,0.0
L_suf_луев,0.0
L_pre_балуе,0.0
L_pre_балу,0.0
L_suf_алуев,0.0
L_pre_балуев,0.0
L_балуев,0.0
L_suf_балуев,0.0
L_миронова,0.0
L_suf_ронова,0.0
L_гармаш,0.0
L_pre_гарма,0.0
L_suf_армаш,0.0
L_suf_гармаш,0.0
L_pre_гар,0.0
L_pre_гармаш,0.0
L_pre_гарм,0.0
L_suf_рмаш,0.0
L_suf_оз,0.0
L_мороз,0.0
L_suf_роз,0.0
L_suf_мороз,0.0
L_suf_ороз,0.0
L_suf_ряков,0.0
L_suf_бряков,0.0
L_серебряков,0.0
L_suf_алкова,0.0
L_михалкова,0.0
L_suf_енков,0.0
L_pre_вдови,0.0
L_suf_нков,0.0
L_pre_вдов,0.0
L_вдовиченков,0.0
L_pre_вдович,0.0
L_suf_ченков,0.0
L_pre_вд,0.0
L_pre_вдо,0.0
L_suf_ядова,0.0
L_pre_лядов,0.0
L_pre_лядова,0.0
L_pre_ляд,0.0
L_suf_лядова,0.0
L_pre_лядо,0.0
L_pre_ля,0.0
L_лядова,0.0
L_pre_петрен,0.0
L_suf_тренко,0.0
L_петренко,0.0
L_suf_ренко,0.0
L_pre_петре,0.0
L_pre_климо,0.0
L_pre_клим,0.0
L_климова,0.0
L_pre_климов,0.0
L_pre_кли,0.0
L_pre_аверин,0.0
L_pre_авер,0.0
L_suf_аверин,0.0
L_suf_верин,0.0
L_suf_ерин,0.0
L_pre_аве,0.0
L_аверин,0.0
L_pre_авери,0.0
L_suf_будина,0.0
L_suf_удина,0.0
L_pre_буд,0.0
L_pre_будина,0.0
L_pre_будин,0.0
L_pre_буди,0.0
L_будина,0.0
L_панин,0.0
L_pre_пани,0.0
L_pre_панин,0.0
L_suf_анин,0.0
L_pre_пан,0.0
L_suf_панин,0.0
L_толстоганова,0.0
L_pre_толсто,0.0
F_suf_оша,0.0
L_pre_куце,0.0
L_suf_уценко,0.0
L_pre_куц,0.0
L_pre_куцен,0.0
L_suf_ценко,0.0
F_гоша,0.0
F_pre_гош,0.0
L_pre_куценк,0.0
F_suf_гоша,0.0
L_куценко,0.0
F_pre_гоша,0.0
L_орбакайте,0.0
L_pre_орб,0.0
L_pre_орба,0.0
L_suf_йте,0.0
L_suf_кайте,0.0
L_suf_те,0.0
L_pre_орбака,0.0
L_suf_акайте,0.0
L_suf_айте,0.0
L_pre_орбак,0.0
L_suf_ук,0.0
L_pre_бон,0.0
L_pre_бонд,0.0
L_бондарчук,0.0
L_suf_арчук,0.0
L_pre_бондар,0.0
L_pre_бонда,0.0
L_suf_чук,0.0
L_suf_дарчук,0.0
L_suf_рчук,0.0
L_suf_игирь,0.0
L_pre_сниги,0.0
L_suf_ирь,0.0
L_pre_сн,0.0
L_pre_снигир,0.0
L_снигирь,0.0
L_pre_сниг,0.0
L_suf_нигирь,0.0
L_suf_гирь,0.0
L_pre_сни,0.0
L_suf_рь,0.0
L_suf_ськов,0.0
L_suf_уськов,0.0
L_pre_гуськ,0.0
L_гуськов,0.0
L_pre_гусь,0.0
L_suf_ьков,0.0
L_pre_гусько,0.0
F_pre_паули,0.0
F_pre_пау,0.0
F_pre_паулин,0.0
L_pre_андрее,0.0
L_suf_дреева,0.0
L_андреева,0.0
F_паулина,0.0
L_suf_реева,0.0
F_pre_паул,0.0
F_suf_аулина,0.0
L_suf_быстин,0.0
L_охлобыстин,0.0
L_pre_ох,0.0
L_suf_тин,0.0
L_pre_охлоб,0.0
L_suf_стин,0.0
L_suf_ыстин,0.0
L_pre_охло,0.0
L_pre_охл,0.0
L_pre_охлобы,0.0
L_suf_ите,0.0
L_suf_ките,0.0
L_pre_дитков,0.0
L_pre_дит,0.0
L_pre_дитк,0.0
L_дитковските,0.0
L_pre_ди,0.0
L_suf_ските,0.0
L_suf_вските,0.0
L_pre_дитко,0.0
L_pre_башар,0.0
L_башаров,0.0
L_pre_башаро,0.0
L_suf_ашаров,0.0
L_pre_баша,0.0
L_suf_шаров,0.0
L_pre_баш,0.0
L_pre_чи,0.0
L_чиповская,0.0
L_pre_чипов,0.0
L_pre_чиповс,0.0
L_pre_чип,0.0
L_pre_чипо,0.0
L_suf_ероев,0.0
L_suf_роев,0.0
L_suf_оев,0.0
L_pre_беро,0.0
L_бероев,0.0
L_pre_бероев,0.0
L_suf_бероев,0.0
L_pre_берое,0.0
L_suf_хов,0.0
L_pre_стра,0.0
L_suf_трахов,0.0
L_suf_рахов,0.0
L_suf_ахов,0.0
L_pre_страхо,0.0
L_страхов,0.0
L_pre_страх,0.0
L_pre_вилков,0.0
L_pre_вилко,0.0
L_pre_вил,0.0
L_suf_илкова,0.0
L_вилкова,0.0
L_pre_вилк,0.0
L_suf_ышов,0.0
L_pre_черны,0.0
L_suf_нышов,0.0
L_pre_черн,0.0
L_suf_рнышов,0.0
L_чернышов,0.0
L_pre_черныш,0.0
L_pre_чер,0.0
L_suf_шина,0.0
L_pre_пороши,0.0
L_pre_порош,0.0
L_pre_поро,0.0
L_pre_пор,0.0
L_порошина,0.0
L_suf_ошина,0.0
L_suf_рошина,0.0
L_suf_етнев,0.0
L_suf_тнев,0.0
L_pre_плетне,0.0
L_suf_летнев,0.0
L_pre_плетн,0.0
L_pre_плет,0.0
L_плетнев,0.0
L_pre_пл,0.0
L_pre_пле,0.0
L_ломоносова,0.0
L_pre_лом,0.0
L_pre_ломо,0.0
L_suf_носова,0.0
L_pre_ломон,0.0
L_pre_ломоно,0.0
L_suf_ипенко,0.0
L_антипенко,0.0
L_pre_антипе,0.0
L_pre_анти,0.0
L_pre_антип,0.0
L_suf_пенко,0.0
L_suf_акшина,0.0
L_pre_такши,0.0
L_такшина,0.0
L_pre_такш,0.0
L_suf_кшина,0.0
L_pre_такшин,0.0
L_pre_так,0.0
L_pre_красил,0.0
L_pre_краси,0.0
L_красилов,0.0
L_pre_ува,0.0
L_pre_ув,0.0
L_pre_уваро,0.0
L_pre_уваров,0.0
L_уварова,0.0
L_suf_варова,0.0
L_pre_увар,0.0
L_suf_ный,0.0
L_suf_чный,0.0
L_suf_учный,0.0
L_suf_лучный,0.0
L_pre_прилу,0.0
L_pre_прилуч,0.0
L_прилучный,0.0
L_suf_ый,0.0
L_pre_при,0.0
L_pre_прил,0.0
L_pre_муцени,0.0
L_pre_муце,0.0
L_муцениеце,0.0
L_suf_иеце,0.0
L_suf_це,0.0
L_suf_еце,0.0
L_pre_муц,0.0
L_suf_ениеце,0.0
L_pre_муцен,0.0
L_suf_ниеце,0.0
L_глинников,0.0
L_pre_глин,0.0
L_pre_гли,0.0
L_pre_глинн,0.0
L_pre_глинни,0.0
L_suf_нников,0.0
L_pre_асмус,0.0
L_pre_асму,0.0
L_suf_мус,0.0
L_pre_асм,0.0
L_suf_ус,0.0
L_suf_асмус,0.0
L_асмус,0.0
L_suf_смус,0.0
L_suf_яценко,0.0
L_pre_яц,0.0
L_pre_яце,0.0
L_яценко,0.0
L_pre_яценк,0.0
L_pre_яценко,0.0
L_pre_яцен,0.0
L_suf_нбаум,0.0
L_pre_стар,0.0
L_suf_аум,0.0
L_suf_енбаум,0.0
L_pre_старш,0.0
L_suf_баум,0.0
L_старшенбаум,0.0
L_pre_ста,0.0
L_suf_ум,0.0
L_pre_старше,0.0
L_pre_бурно,0.0
L_suf_бурнов,0.0
L_pre_бурнов,0.0
L_pre_бурн,0.0
L_suf_урнов,0.0
L_бурнов,0.0
L_pre_аксено,0.0
L_аксенова,0.0
L_pre_акс,0.0
L_pre_аксе,0.0
L_pre_аксен,0.0
L_колокольников,0.0
L_pre_колоко,0.0
L_pre_колок,0.0
L_pre_коло,0.0
L_pre_ковал,0.0
L_suf_ьчук,0.0
L_pre_коваль,0.0
L_ковальчук,0.0
L_suf_альчук,0.0
L_suf_льчук,0.0
L_suf_оляков,0.0
L_pre_смоля,0.0
L_pre_смоляк,0.0
L_pre_смол,0.0
L_suf_ляков,0.0
L_смоляков,0.0
L_шукшина,0.0
L_suf_укшина,0.0
L_кяро,0.0
L_pre_кяр,0.0
L_suf_яро,0.0
L_suf_ро,0.0
L_pre_кяро,0.0
L_suf_кяро,0.0
L_pre_кя,0.0
L_pre_сутул,0.0
L_pre_сут,0.0
L_сутулова,0.0
L_suf_тулова,0.0
L_pre_сутуло,0.0
L_pre_суту,0.0
L_suf_стюгов,0.0
L_pre_устюго,0.0
L_pre_устю,0.0
L_suf_тюгов,0.0
L_pre_устюг,0.0
L_suf_гов,0.0
L_устюгов,0.0
L_pre_уст,0.0
L_suf_югов,0.0
L_pre_екамас,0.0
L_екамасова,0.0
L_pre_екама,0.0
L_pre_екам,0.0
L_pre_ека,0.0
L_pre_ек,0.0
L_suf_масова,0.0
L_pre_дере,0.0
L_suf_вянко,0.0
L_pre_дер,0.0
L_деревянко,0.0
L_suf_янко,0.0
L_pre_дерев,0.0
L_pre_деревя,0.0
L_suf_евянко,0.0
L_кравченко,0.0
L_suf_вченко,0.0
L_pre_крав,0.0
L_pre_кравче,0.0
L_pre_кравч,0.0
L_pre_азаро,0.0
L_pre_азар,0.0
L_pre_азаров,0.0
L_азарова,0.0
L_пореченков,0.0
L_pre_порече,0.0
L_pre_поре,0.0
L_pre_пореч,0.0
L_pre_ауг,0.0
L_suf_уг,0.0
L_suf_ауг,0.0
L_ауг,0.0
L_suf_чкин,0.0
L_pre_сты,0.0
L_suf_тычкин,0.0
L_pre_стычки,0.0
L_pre_стыч,0.0
L_suf_ычкин,0.0
L_стычкин,0.0
L_pre_стычк,0.0
L_pre_тро,0.0
L_pre_трояно,0.0
L_suf_оянова,0.0
L_троянова,0.0
L_pre_троян,0.0
L_pre_троя,0.0
L_suf_янова,0.0
L_pre_тр,0.0
L_suf_атвеев,0.0
L_pre_матве,0.0
L_матвеев,0.0
L_pre_мат,0.0
L_pre_матвее,0.0
L_suf_веев,0.0
L_suf_твеев,0.0
L_pre_матв,0.0
L_suf_шпица,0.0
L_шпица,0.0
L_pre_шп,0.0
L_pre_шпиц,0.0
L_pre_шпи,0.0
L_suf_пица,0.0
L_pre_шпица,0.0
L_смольянинов,0.0
L_pre_смолья,0.0
L_suf_янинов,0.0
L_suf_нинов,0.0
L_pre_смоль,0.0
F_pre_равша,0.0
L_куркова,0.0
F_suf_авшана,0.0
F_pre_равшан,0.0
L_suf_уркова,0.0
L_pre_курко,0.0
F_pre_равш,0.0
F_равшана,0.0
L_pre_курк,0.0
L_pre_курков,0.0
L_suf_ркова,0.0
F_suf_вшана,0.0
L_suf_глыч,0.0
L_pre_яглыч,0.0
L_suf_лыч,0.0
L_pre_яглы,0.0
L_pre_яг,0.0
L_яглыч,0.0
L_suf_ыч,0.0
L_suf_яглыч,0.0
L_pre_ягл,0.0
L_pre_подкам,0.0
L_подкаминская,0.0
L_pre_подк,0.0
L_pre_под,0.0
L_pre_подка,0.0
L_чадов,0.0
L_pre_чадов,0.0
L_pre_ча,0.0
L_suf_чадов,0.0
L_pre_чадо,0.0
L_pre_чад,0.0
L_pre_ред,0.0
L_pre_редни,0.0
L_редникова,0.0
L_pre_редник,0.0
L_pre_редн,0.0
L_pre_ре,0.0
L_pre_любим,0.0
L_suf_бимов,0.0
L_любимов,0.0
L_pre_люб,0.0
L_suf_юбимов,0.0
L_pre_люби,0.0
L_pre_любимо,0.0
L_suf_ашкова,0.0
L_suf_шкова,0.0
L_машкова,0.0
L_pre_макарс,0.0
L_макарский,0.0
L_макарская,0.0
L_suf_арская,0.0
L_suf_аренко,0.0
L_бондаренко,0.0
L_pre_сна,0.0
L_pre_снатки,0.0
L_pre_снатк,0.0
L_pre_снат,0.0
L_снаткина,0.0
L_pre_саф,0.0
L_pre_сафон,0.0
L_suf_афонов,0.0
L_suf_фонов,0.0
L_pre_сафоно,0.0
L_pre_сафо,0.0
L_сафонов,0.0
L_pre_никифо,0.0
L_никифорова,0.0
L_pre_ники,0.0
L_suf_форова,0.0
L_pre_никиф,0.0
L_pre_мерзл,0.0
L_suf_зликин,0.0
L_suf_ликин,0.0
L_suf_икин,0.0
L_мерзликин,0.0
L_pre_мерз,0.0
L_pre_мерзли,0.0
L_pre_вуличе,0.0
L_pre_вули,0.0
L_suf_иченко,0.0
L_pre_вул,0.0
L_pre_ву,0.0
L_pre_вулич,0.0
L_вуличенко,0.0
L_цыганов,0.0
L_suf_ыганов,0.0
L_pre_цыга,0.0
L_pre_цыгано,0.0
L_pre_цыг,0.0
L_pre_цы,0.0
L_pre_цыган,0.0
L_pre_пегов,0.0
L_pre_пегова,0.0
L_suf_егова,0.0
L_pre_пег,0.0
L_пегова,0.0
L_suf_пегова,0.0
L_pre_пего,0.0
L_pre_мадя,0.0
L_pre_мадян,0.0
L_мадянов,0.0
L_suf_адянов,0.0
L_pre_мадяно,0.0
L_suf_дянов,0.0
L_крюкова,0.0
L_suf_рюкова,0.0
L_pre_крюков,0.0
L_pre_крюко,0.0
L_pre_крюк,0.0
L_pre_сухору,0.0
L_suf_оруков,0.0
L_pre_сух,0.0
L_сухоруков,0.0
L_pre_сухор,0.0
L_pre_сухо,0.0
L_pre_др,0.0
L_pre_дро,0.0
L_дроздова,0.0
L_suf_здова,0.0
L_suf_оздова,0.0
L_pre_дроздо,0.0
L_pre_дроз,0.0
L_pre_дрозд,0.0
L_suf_евцов,0.0
L_suf_певцов,0.0
L_pre_певц,0.0
L_певцов,0.0
L_pre_пев,0.0
L_pre_певцо,0.0
L_suf_вцов,0.0
L_pre_певцов,0.0
L_лавроненко,0.0
L_pre_лавр,0.0
L_pre_лав,0.0
L_suf_оненко,0.0
L_pre_лаврон,0.0
L_suf_ненко,0.0
L_pre_лавро,0.0
L_pre_куте,0.0
L_pre_кутепо,0.0
L_кутепова,0.0
L_pre_кут,0.0
L_pre_кутеп,0.0
L_suf_ис,0.0
L_pre_пускеп,0.0
L_suf_алис,0.0
L_suf_епалис,0.0
L_pre_пус,0.0
L_pre_пуске,0.0
L_pre_пуск,0.0
L_suf_палис,0.0
L_пускепалис,0.0
L_suf_лис,0.0
L_pre_пу,0.0
L_pre_галкин,0.0
L_suf_алкин,0.0
L_pre_галки,0.0
L_галкин,0.0
L_suf_лкин,0.0
L_suf_галкин,0.0
L_pre_галк,0.0
L_pre_повер,0.0
L_pre_повере,0.0
L_suf_еннова,0.0
L_pre_пов,0.0
L_повереннова,0.0
L_suf_ннова,0.0
L_pre_пове,0.0
L_suf_ляр,0.0
L_suf_кляр,0.0
L_pre_скляр,0.0
L_pre_скля,0.0
L_скляр,0.0
L_suf_скляр,0.0
L_pre_скл,0.0
L_suf_ольц,0.0
L_арнтгольц,0.0
L_pre_арнт,0.0
L_suf_гольц,0.0
L_pre_арнтго,0.0
L_suf_тгольц,0.0
L_suf_ьц,0.0
L_pre_арн,0.0
L_suf_льц,0.0
L_pre_арнтг,0.0
L_suf_дюжев,0.0
L_pre_дюжев,0.0
L_suf_южев,0.0
L_pre_дюж,0.0
L_pre_дюже,0.0
L_дюжев,0.0
L_suf_жев,0.0
L_смағұлова,0.0
L_нұрланов,0.0
L_pre_әлие,0.0
L_pre_әли,0.0
L_suf_әлиева,0.0
L_әлиева,0.0
L_pre_әлиева,0.0
L_pre_әлиев,0.0
L_таңатаров,0.0
L_баймұратова,0.0
L_pre_баймұр,0.0
L_pre_баймұ,0.0
L_сәрсенбаев,0.0
L_pre_керім,0.0
L_керімбеков,0.0
L_pre_керімб,0.0
L_pre_кері,0.0
L_кәрімова,0.0
L_suf_рімова,0.0
F_suf_үлнар,0.0
F_гүлнар,0.0
F_suf_лнар,0.0
F_suf_гүлнар,0.0
L_suf_іров,0.0
L_теміров,0.0
L_suf_міров,0.0
L_suf_еміров,0.0
L_pre_теміро,0.0
L_pre_әбдие,0.0
L_pre_әбди,0.0
L_pre_әбдиев,0.0
L_әбдиева,0.0
L_pre_қожаев,0.0
L_pre_қожае,0.0
L_suf_жаев,0.0
L_suf_ожаев,0.0
L_suf_қожаев,0.0
L_қожаев,0.0
L_бекмұратов,0.0
L_нығметова,0.0
L_pre_нығ,0.0
L_pre_нығме,0.0
L_pre_нығм,0.0
L_pre_нығмет,0.0
L_suf_дықова,0.0
L_сағындықова,0.0
L_жакишев,0.0
L_pre_жакиш,0.0
L_pre_жакише,0.0
L_қонысбаев,0.0
L_әшімова,0.0
L_suf_шімова,0.0
L_suf_дықов,0.0
L_сыздықов,0.0
L_pre_сыздық,0.0
L_suf_здықов,0.0
L_тоқтарова,0.0
L_pre_мейірм,0.0
L_мейірманова,0.0
L_pre_мейір,0.0
L_pre_мейі,0.0
L_suf_йратов,0.0
L_қайратов,0.0
L_pre_сәт,0.0
L_pre_сәтб,0.0
L_pre_сәтба,0.0
L_pre_сәтбае,0.0
L_сәтбаева,0.0
L_серғазин,0.0
L_әмірханов,0.0
L_pre_байға,0.0
L_байғазин,0.0
L_suf_йғазин,0.0
L_pre_байғаз,0.0
L_pre_байғ,0.0
L_тұрлыбеков,0.0
F_pre_райы,0.0
F_pre_райым,0.0
L_suf_қасов,0.0
F_райымбек,0.0
F_suf_йымбек,0.0
L_сәдуақасов,0.0
F_pre_райымб,0.0
L_suf_ақасов,0.0
L_suf_імбаев,0.0
L_керімбаев,0.0
L_pre_мамы,0.0
L_мамырбаева,0.0
L_pre_мамыр,0.0
L_pre_мамырб,0.0
F_suf_айгүл,0.0
L_pre_пірма,0.0
L_pre_пі,0.0
L_pre_пірм,0.0
L_pre_пірман,0.0
F_айгүл,0.0
L_пірманова,0.0
F_pre_айгү,0.0
F_suf_йгүл,0.0
L_pre_пір,0.0
F_pre_айгүл,0.0
F_pre_зейно,0.0
F_suf_нолла,0.0
L_өтегенов,0.0
F_suf_йнолла,0.0
F_pre_зейнол,0.0
F_зейнолла,0.0
L_pre_рысқұ,0.0
L_pre_рысқұл,0.0
L_suf_сқұлов,0.0
L_рысқұлов,0.0
L_pre_рысқ,0.0
L_suf_құлов,0.0
L_шалқарбеков,0.0
L_pre_шалқ,0.0
L_pre_шалқа,0.0
L_pre_шалқар,0.0
L_pre_қалмұр,0.0
L_pre_қалм,0.0
L_қалмұратов,0.0
L_pre_қалмұ,0.0
L_тасболатова,0.0
L_pre_досмұ,0.0
L_досмұхамбетова,0.0
L_pre_досм,0.0
L_pre_досмұх,0.0
L_suf_мұсаев,0.0
L_мұсаев,0.0
L_suf_ұсаев,0.0
L_pre_мұсае,0.0
L_pre_мұсаев,0.0
L_pre_сүгіро,0.0
L_pre_сүгір,0.0
L_suf_гіров,0.0
L_pre_сүгі,0.0
L_сүгіров,0.0
L_pre_сүг,0.0
L_suf_үгіров,0.0
L_pre_әбдік,0.0
L_pre_әбдікә,0.0
L_әбдікәрімова,0.0
L_suf_сізов,0.0
L_suf_усізов,0.0
L_suf_ізов,0.0
L_pre_елеусі,0.0
L_елеусізов,0.0
L_pre_көпжа,0.0
L_pre_көпж,0.0
L_pre_көп,0.0
L_көпжасарова,0.0
L_pre_көпжас,0.0
L_pre_әбдіра,0.0
L_pre_әбдір,0.0
L_әбдірахманов,0.0
F_pre_самал,0.0
F_suf_самал,0.0
F_самал,0.0
L_pre_төлеуо,0.0
L_төлеуова,0.0
L_жақсыбаев,0.0
L_бектемісова,0.0
L_suf_місова,0.0
L_қожахметов,0.0
L_нұрпейісова,0.0
L_suf_йісова,0.0
L_pre_әлж,0.0
L_pre_әлжа,0.0
L_pre_әлжан,0.0
L_pre_әлжано,0.0
L_әлжанов,0.0
F_pre_санд,0.0
L_pre_тілеп,0.0
F_suf_дуғаш,0.0
F_suf_ндуғаш,0.0
F_pre_сандуғ,0.0
L_pre_тілепо,0.0
F_suf_ғаш,0.0
F_pre_санду,0.0
L_тілепова,0.0
F_сандуғаш,0.0
F_suf_уғаш,0.0
L_сейдалин,0.0
L_suf_йдалин,0.0
L_suf_далин,0.0
L_кенжеғалиев,0.0
L_suf_ғалиев,0.0
L_pre_кенжеғ,0.0
L_бердібекова,0.0
L_pre_әу,0.0
L_pre_әубәк,0.0
L_pre_әубәкі,0.0
L_suf_әкіров,0.0
L_pre_әубә,0.0
L_suf_кіров,0.0
L_pre_әуб,0.0
L_әубәкіров,0.0
F_асыл,0.0
L_төреханова,0.0
L_pre_рақ,0.0
L_pre_рақы,0.0
L_pre_рақым,0.0
L_рақымжанова,0.0
L_pre_рақымж,0.0
L_дүйсенбаев,0.0
F_pre_әселха,0.0
F_suf_елхан,0.0
F_әселхан,0.0
F_pre_әселх,0.0
F_suf_селхан,0.0
L_құрманғалиева,0.0
L_әбдіраимова,0.0
F_зангар,0.0
F_pre_занг,0.0
F_suf_нгар,0.0
F_pre_занга,0.0
F_pre_зангар,0.0
F_pre_зан,0.0
F_suf_зангар,0.0
F_suf_ангар,0.0
L_pre_садықо,0.0
L_садықова,0.0
L_suf_ыманов,0.0
L_pre_нұғыма,0.0
L_pre_нұғ,0.0
L_pre_нұғым,0.0
L_нұғыманов,0.0
L_pre_нұғы,0.0
L_pre_оңғарб,0.0
L_pre_оң,0.0
L_pre_оңғ,0.0
L_pre_оңғар,0.0
L_оңғарбаев,0.0
L_pre_оңға,0.0
L_pre_сатт,0.0
L_suf_ттаров,0.0
L_саттаров,0.0
L_pre_саттар,0.0
L_pre_сатта,0.0
F_suf_үлзат,0.0
F_pre_гүлзат,0.0
F_pre_гүлза,0.0
F_suf_гүлзат,0.0
F_гүлзат,0.0
F_pre_гүлз,0.0
L_қайырбеков,0.0
F_suf_ляра,0.0
L_иманғалиева,0.0
F_suf_диляра,0.0
F_диляра,0.0
L_pre_иманғ,0.0
L_pre_иманға,0.0
F_pre_диля,0.0
F_pre_диляра,0.0
F_suf_иляра,0.0
F_pre_диляр,0.0
L_тұрсынғалиева,0.0
L_әміров,0.0
L_pre_әміров,0.0
L_suf_әміров,0.0
L_pre_әміро,0.0
L_есенгелдина,0.0
L_suf_елдина,0.0
F_suf_рлыбек,0.0
L_pre_қожамж,0.0
F_pre_нұрлы,0.0
L_қожамжаров,0.0
F_suf_лыбек,0.0
F_нұрлыбек,0.0
L_pre_қожам,0.0
L_suf_мжаров,0.0
L_suf_жаров,0.0
F_pre_нұрлыб,0.0
L_жүсіпова,0.0
L_pre_жүсіпо,0.0
L_suf_сіпова,0.0
F_suf_лдос,0.0
F_елдос,0.0
F_pre_елдос,0.0
L_pre_тажимб,0.0
L_тажимбетов,0.0
F_suf_елдос,0.0
F_pre_елдо,0.0
L_pre_тажим,0.0
L_suf_рсынов,0.0
F_suf_нсерік,0.0
F_pre_жансе,0.0
F_жансерік,0.0
L_pre_байтұр,0.0
L_байтұрсынов,0.0
L_pre_байтұ,0.0
F_pre_жансер,0.0
F_pre_әлім,0.0
F_pre_әлімжа,0.0
F_pre_әлімж,0.0
F_әлімжан,0.0
F_suf_оты,0.0
F_suf_ақтоты,0.0
L_pre_қалме,0.0
L_pre_қалмен,0.0
F_pre_ақто,0.0
L_қалменова,0.0
F_suf_қтоты,0.0
F_pre_ақтоты,0.0
F_suf_тоты,0.0
F_pre_ақтот,0.0
F_ақтоты,0.0
L_suf_ілов,0.0
L_жұмаділов,0.0
L_suf_аділов,0.0
L_pre_жұмаді,0.0
L_pre_жұмад,0.0
L_suf_ділов,0.0
F_suf_жадыра,0.0
L_pre_әбенов,0.0
F_pre_жады,0.0
F_pre_жадыр,0.0
L_pre_әбен,0.0
F_suf_адыра,0.0
L_әбенова,0.0
F_pre_жад,0.0
L_pre_әбе,0.0
F_suf_ыра,0.0
F_жадыра,0.0
F_suf_дыра,0.0
F_pre_жадыра,0.0
L_pre_әбено,0.0
L_pre_мұср,0.0
L_pre_мұсреп,0.0
L_suf_срепов,0.0
L_suf_репов,0.0
L_pre_мұсре,0.0
L_мұсрепов,0.0
L_pre_исл,0.0
L_suf_слам,0.0
L_pre_ислам,0.0
L_ислам,0.0
L_suf_лам,0.0
L_suf_ислам,0.0
L_pre_исла,0.0
F_pre_сабырж,0.0
F_сабыржан,0.0
F_suf_быржан,0.0
L_ақылбеков,0.0
F_pre_сабыр,0.0
F_pre_сабы,0.0
L_pre_айтмат,0.0
L_pre_айтма,0.0
L_pre_айтм,0.0
L_айтматов,0.0
L_suf_тматов,0.0
L_pre_мерг,0.0
L_pre_мерген,0.0
L_pre_мерге,0.0
L_мергенов,0.0
F_pre_ақсұлу,0.0
F_suf_қсұлу,0.0
F_ақсұлу,0.0
F_pre_ақсұл,0.0
F_suf_ақсұлу,0.0
F_pre_ақсұ,0.0
F_pre_ақс,0.0
F_suf_жайна,0.0
F_pre_гүлжай,0.0
F_suf_лжайна,0.0
F_pre_гүлжа,0.0
F_гүлжайна,0.0
L_қасымбекова,0.0
F_pre_гүлж,0.0
F_suf_жабек,0.0
F_pre_олжаб,0.0
F_pre_олжабе,0.0
F_suf_лжабек,0.0
F_олжабек,0.0
F_suf_йбану,0.0
F_pre_айбану,0.0
F_suf_айбану,0.0
F_pre_айбан,0.0
F_айбану,0.0
L_бақытжанов,0.0
F_pre_ақбая,0.0
F_suf_қбаян,0.0
F_pre_ақбаян,0.0
F_pre_ақба,0.0
F_suf_ақбаян,0.0
F_ақбаян,0.0
L_әбдікәрімов,0.0
F_ақтілек,0.0
F_suf_қтілек,0.0
F_pre_ақті,0.0
F_pre_ақтіл,0.0
F_pre_ақтіле,0.0
F_дулат,0.0
F_pre_дулат,0.0
F_pre_дула,0.0
F_suf_дулат,0.0
L_бектайұлы,0.0
L_pre_бектай,0.0
L_suf_тайұлы,0.0
F_ғани,0.0
L_сейітбек,0.0
L_suf_ітбек,0.0
F_жарқын,0.0
F_pre_жарқ,0.0
L_pre_сейітб,0.0
F_pre_жар,0.0
F_pre_жарқын,0.0
L_suf_йітбек,0.0
F_pre_жарқы,0.0
L_шаханов,0.0
F_suf_ұхтар,0.0
F_pre_мұхтар,0.0
F_мұхтар,0.0
F_pre_мұхт,0.0
L_pre_шахан,0.0
L_pre_шаха,0.0
F_suf_хтар,0.0
F_suf_мұхтар,0.0
L_pre_шах,0.0
L_pre_шахано,0.0
F_pre_мұхта,0.0
L_мұсабаев,0.0
L_pre_мұсаб,0.0
L_pre_мұсаба,0.0
L_pre_диас,0.0
L_pre_диа,0.0
L_диасқызы,0.0
L_pre_диасқ,0.0
L_pre_диасқы,0.0
L_pre_санжа,0.0
L_pre_санжар,0.0
L_санжарқызы,0.0
L_pre_санж,0.0
L_suf_ілдаев,0.0
L_жұмаділдаев,0.0
L_темірланқызы,0.0
L_pre_темірл,0.0
F_ақмаржан,0.0
F_pre_ақмарж,0.0
L_pre_қорған,0.0
L_suf_рған,0.0
L_pre_қорға,0.0
L_pre_қорғ,0.0
L_suf_ған,0.0
L_suf_орған,0.0
L_suf_қорған,0.0
L_pre_қор,0.0
L_қорған,0.0
L_олжасқызы,0.0
L_pre_олжасқ,0.0
L_pre_олжас,0.0
F_suf_оғжан,0.0
F_suf_тоғжан,0.0
F_pre_тоғжан,0.0
F_pre_тоғж,0.0
F_pre_тоғ,0.0
F_тоғжан,0.0
F_pre_тоғжа,0.0
L_бесбаев,0.0
L_pre_бесбае,0.0
L_suf_есбаев,0.0
F_жаннұр,0.0
F_suf_аннұр,0.0
F_suf_жаннұр,0.0
F_pre_жаннұр,0.0
F_pre_жаннұ,0.0
F_кентал,0.0
F_suf_ентал,0.0
F_suf_нтал,0.0
F_pre_кента,0.0
L_pre_төлеба,0.0
F_suf_тал,0.0
F_pre_кентал,0.0
F_suf_кентал,0.0
F_pre_кент,0.0
L_pre_төлеб,0.0
L_төлебаев,0.0
F_айшабибі,0.0
F_suf_шабибі,0.0
F_ардақ,0.0
F_pre_ардақ,0.0
F_suf_ардақ,0.0
F_pre_арда,0.0
F_pre_ард,0.0
F_suf_рдақ,0.0
F_suf_рікбол,0.0
F_серікбол,0.0
F_suf_ікбол,0.0
F_suf_кбол,0.0
L_pre_әліш,0.0
L_pre_әлішер,0.0
L_pre_әліше,0.0
L_suf_ерқызы,0.0
L_әлішерқызы,0.0
L_айша,0.0
L_pre_айш,0.0
F_pre_беркут,0.0
F_suf_ркут,0.0
F_pre_берк,0.0
F_pre_берку,0.0
F_suf_еркут,0.0
L_pre_айша,0.0
L_suf_айша,0.0
L_suf_йша,0.0
F_suf_беркут,0.0
F_беркут,0.0
F_pre_айқы,0.0
F_suf_айқын,0.0
F_pre_айқ,0.0
F_айқын,0.0
F_pre_айқын,0.0
F_suf_дызай,0.0
F_suf_лдызай,0.0
F_жұлдызай,0.0
F_suf_ызай,0.0
L_suf_най,0.0
F_suf_ділбек,0.0
L_suf_жанай,0.0
L_жанай,0.0
F_suf_ілбек,0.0
F_pre_ғаділб,0.0
F_pre_ғад,0.0
F_pre_ғаділ,0.0
F_ғаділбек,0.0
L_suf_анай,0.0
L_pre_жанай,0.0
F_pre_ғаді,0.0
F_suf_үлдана,0.0
L_бекзатқызы,0.0
F_pre_гүлда,0.0
F_pre_гүлдан,0.0
F_suf_лдана,0.0
L_pre_бекз,0.0
L_pre_бекзат,0.0
L_pre_бекза,0.0
F_гүлдана,0.0
F_pre_зат,0.0
F_suf_тыбек,0.0
L_suf_сынұлы,0.0
L_pre_көпбо,0.0
F_suf_ттыбек,0.0
L_pre_көпб,0.0
F_pre_затт,0.0
F_pre_заттыб,0.0
L_көпбосынұлы,0.0
F_заттыбек,0.0
F_pre_затты,0.0
L_pre_көпбос,0.0
L_suf_ынұлы,0.0
L_pre_жандо,0.0
F_suf_ірай,0.0
F_мөлдірай,0.0
L_pre_жандос,0.0
F_suf_дірай,0.0
F_suf_лдірай,0.0
L_жандосқызы,0.0
L_ілиясқызы,0.0
F_suf_елья,0.0
L_pre_ілияс,0.0
F_suf_селья,0.0
L_pre_іл,0.0
L_pre_ілиясқ,0.0
F_pre_аселья,0.0
F_аселья,0.0
F_suf_аселья,0.0
L_pre_іли,0.0
L_pre_ілия,0.0
L_pre_нұртас,0.0
L_suf_ртас,0.0
L_suf_ұртас,0.0
L_suf_тас,0.0
L_нұртас,0.0
L_suf_нұртас,0.0
L_pre_айбе,0.0
L_pre_айбекқ,0.0
L_айбекқызы,0.0
L_pre_айб,0.0
L_pre_айбек,0.0
L_pre_сатб,0.0
L_pre_сатба,0.0
L_сатбалдиев,0.0
L_pre_сатбал,0.0
F_pre_қараша,0.0
F_suf_рашаш,0.0
F_suf_арашаш,0.0
F_suf_шаш,0.0
F_қарашаш,0.0
F_suf_ашаш,0.0
F_pre_қараш,0.0
L_suf_леухан,0.0
F_pre_бекбол,0.0
F_pre_бекб,0.0
L_suf_еухан,0.0
F_suf_кболат,0.0
L_pre_тілеух,0.0
F_бекболат,0.0
L_suf_ухан,0.0
L_тілеухан,0.0
F_pre_бекбо,0.0
L_pre_әділе,0.0
F_suf_арфуға,0.0
L_әділетқызы,0.0
F_suf_фуға,0.0
F_марфуға,0.0
F_suf_рфуға,0.0
L_pre_әділет,0.0
F_pre_марфу,0.0
F_pre_марфуғ,0.0
F_suf_уға,0.0
F_suf_ағдат,0.0
F_pre_бағд,0.0
F_suf_ғдат,0.0
F_pre_бағда,0.0
F_pre_бағдат,0.0
L_самединова,0.0
F_suf_бағдат,0.0
L_pre_самед,0.0
L_pre_саме,0.0
F_бағдат,0.0
L_pre_самеди,0.0
F_pre_серғ,0.0
F_pre_серғал,0.0
F_серғали,0.0
F_suf_ерғали,0.0
F_pre_серға,0.0
F_suf_рғали,0.0
F_pre_ескенд,0.0
L_pre_хасанғ,0.0
L_хасанғалиев,0.0
F_pre_еск,0.0
F_pre_еске,0.0
F_ескендір,0.0
F_pre_ескен,0.0
L_айдарқұлов,0.0
L_suf_рқұлов,0.0
L_расулқызы,0.0
L_pre_рас,0.0
L_pre_расулқ,0.0
L_suf_улқызы,0.0
L_pre_расу,0.0
L_pre_расул,0.0
L_pre_еспан,0.0
L_pre_есп,0.0
L_pre_еспа,0.0
L_pre_еспано,0.0
L_еспанов,0.0
L_ерасылқызы,0.0
F_зерегүл,0.0
L_pre_ерасыл,0.0
F_pre_зерег,0.0
F_suf_ерегүл,0.0
L_pre_ерас,0.0
L_pre_ерасы,0.0
F_suf_егүл,0.0
F_pre_зерегү,0.0
F_suf_регүл,0.0
F_pre_еркеш,0.0
L_pre_шакее,0.0
L_suf_акеев,0.0
F_еркеш,0.0
L_шакеев,0.0
F_suf_кеш,0.0
F_suf_ркеш,0.0
F_suf_еркеш,0.0
L_pre_шакеев,0.0
L_suf_шакеев,0.0
L_мирасқызы,0.0
F_suf_рияна,0.0
L_pre_мира,0.0
F_suf_арияна,0.0
L_pre_мирас,0.0
F_pre_дариян,0.0
F_дарияна,0.0
L_pre_мирасқ,0.0
F_pre_жұб,0.0
F_pre_жұбаны,0.0
F_pre_жұбан,0.0
L_жексенұлы,0.0
F_suf_баныш,0.0
F_suf_ұбаныш,0.0
F_жұбаныш,0.0
F_pre_жұба,0.0
L_suf_сенұлы,0.0
L_ретбаев,0.0
L_pre_ретбае,0.0
L_pre_ретб,0.0
L_pre_ретба,0.0
L_pre_рет,0.0
L_асланқызы,0.0
L_pre_асл,0.0
L_pre_аслан,0.0
L_pre_асла,0.0
L_pre_асланқ,0.0
L_pre_жораба,0.0
L_жорабаев,0.0
F_бота,0.0
F_suf_музарт,0.0
L_suf_толық,0.0
L_толық,0.0
F_pre_муза,0.0
L_pre_толы,0.0
F_pre_музарт,0.0
F_suf_зарт,0.0
L_suf_олық,0.0
F_pre_муз,0.0
F_pre_музар,0.0
F_музарт,0.0
L_pre_толық,0.0
F_suf_узарт,0.0
F_suf_орда,0.0
F_pre_орда,0.0
F_pre_орд,0.0
F_орда,0.0
F_suf_рда,0.0
L_pre_райы,0.0
L_райымбекқызы,0.0
L_pre_райымб,0.0
L_pre_райым,0.0
F_pre_ринг,0.0
F_ринго,0.0
F_suf_ринго,0.0
F_suf_инго,0.0
F_pre_ринго,0.0
F_suf_нго,0.0
F_suf_ашұлы,0.0
F_suf_лашұлы,0.0
F_pre_алаш,0.0
F_pre_алашұ,0.0
F_pre_алашұл,0.0
F_suf_шұлы,0.0
F_suf_ұлы,0.0
F_алашұлы,0.0
L_suf_ұрқызы,0.0
L_әбілмансұрқызы,0.0
F_suf_қасан,0.0
F_pre_дос-мұ,0.0
F_suf_ұқасан,0.0
F_pre_дос-м,0.0
F_дос-мұқасан,0.0
F_pre_дос-,0.0
L_pre_зе,0.0
L_зейноллақызы,0.0
L_pre_зейн,0.0
L_pre_зейнол,0.0
L_pre_зейно,0.0
L_pre_зей,0.0
L_pre_құна,0.0
L_құнанбаев,0.0
L_pre_құнанб,0.0
L_pre_құнан,0.0
L_pre_құн,0.0
L_pre_уәли,0.0
L_pre_уә,0.0
L_pre_уәлиха,0.0
L_pre_уәлих,0.0
L_pre_уәл,0.0
L_suf_иханов,0.0
L_уәлиханов,0.0
L_pre_ернар,0.0
L_pre_ернарқ,0.0
L_ернарқызы,0.0
L_suf_нсарин,0.0
L_pre_алтынс,0.0
L_алтынсарин,0.0
L_pre_мадияр,0.0
L_pre_мадия,0.0
L_мадиярқызы,0.0
L_pre_жаб,0.0
L_pre_жабае,0.0
L_pre_жаба,0.0
L_pre_жабаев,0.0
L_жабаев,0.0
L_pre_арсенқ,0.0
L_арсенқызы,0.0
L_pre_арсе,0.0
L_pre_арс,0.0
L_pre_арсен,0.0
L_мақатаев,0.0
L_suf_қатаев,0.0
L_pre_мақат,0.0
L_pre_мақа,0.0
L_pre_мақата,0.0
L_исламқызы,0.0
L_pre_исламқ,0.0
L_pre_сейф,0.0
L_pre_сейфу,0.0
L_suf_фуллин,0.0
L_сейфуллин,0.0
L_pre_сейфул,0.0
L_pre_жансүг,0.0
L_жансүгіров,0.0
L_pre_жанс,0.0
L_pre_жансү,0.0
L_pre_дарха,0.0
L_дарханқызы,0.0
L_pre_дархан,0.0
L_pre_дарх,0.0
L_pre_майл,0.0
L_pre_майли,0.0
F_бейімбет,0.0
F_pre_бейімб,0.0
L_suf_майлин,0.0
L_майлин,0.0
L_suf_йлин,0.0
F_suf_імбет,0.0
L_pre_майлин,0.0
F_pre_бейім,0.0
L_suf_айлин,0.0
F_suf_йімбет,0.0
F_pre_бейі,0.0
L_мейіржанқызы,0.0
L_pre_мейірж,0.0
L_дулатов,0.0
F_pre_мі,0.0
F_pre_мірж,0.0
F_міржақып,0.0
L_pre_дулато,0.0
F_suf_ржақып,0.0
F_pre_міржа,0.0
F_pre_міржақ,0.0
F_pre_мір,0.0
L_рустемқызы,0.0
L_suf_емқызы,0.0
L_pre_бө,0.0
L_pre_бөк,0.0
L_pre_бөкейх,0.0
L_suf_йханов,0.0
L_бөкейханов,0.0
L_pre_бөке,0.0
L_pre_бөкей,0.0
L_pre_шоқа,0.0
L_pre_шоқай,0.0
L_pre_шоқ,0.0
L_pre_шо,0.0
L_suf_оқай,0.0
L_шоқай,0.0
L_suf_шоқай,0.0
L_suf_қай,0.0
L_еркебұланқызы,0.0
L_pre_еркебұ,0.0
F_suf_тұрар,0.0
F_pre_тұра,0.0
F_suf_рар,0.0
F_suf_ұрар,0.0
F_pre_тұрар,0.0
F_тұрар,0.0
L_pre_әсе,0.0
L_pre_әс,0.0
L_pre_әсетқы,0.0
L_pre_әсетқ,0.0
L_pre_әсет,0.0
L_әсетқызы,0.0
L_қонаев,0.0
L_pre_қона,0.0
L_suf_онаев,0.0
L_suf_қонаев,0.0
L_pre_қонаев,0.0
L_pre_қонае,0.0
L_жасұланқызы,0.0
L_pre_жасұ,0.0
L_pre_жасұла,0.0
L_pre_жасұл,0.0
L_pre_жас,0.0
L_pre_момыш,0.0
L_pre_момышұ,0.0
L_pre_момы,0.0
L_suf_ышұлы,0.0
L_suf_мышұлы,0.0
L_момышұлы,0.0
F_рақымжан,0.0
L_pre_қошқар,0.0
F_pre_рақы,0.0
F_pre_рақым,0.0
F_pre_рақымж,0.0
L_pre_қошқа,0.0
L_pre_қош,0.0
F_suf_қымжан,0.0
L_қошқарбаев,0.0
L_pre_қошқ,0.0
F_pre_рақ,0.0
L_pre_қайсе,0.0
F_қасым,0.0
L_қайсенов,0.0
L_pre_қайс,0.0
L_pre_қайсен,0.0
L_pre_молдағ,0.0
L_молдағұлова,0.0
L_suf_лдинов,0.0
L_pre_бегелд,0.0
L_pre_бегел,0.0
L_бегелдинов,0.0
L_pre_беге,0.0
L_suf_ирқызы,0.0
L_pre_дам,0.0
L_дамирқызы,0.0
L_pre_дами,0.0
L_pre_дамир,0.0
L_pre_дамирқ,0.0
F_suf_әншүк,0.0
L_pre_мәм,0.0
F_suf_үк,0.0
F_suf_шүк,0.0
F_мәншүк,0.0
L_pre_мәмет,0.0
L_pre_мәме,0.0
F_pre_мән,0.0
F_pre_мәншү,0.0
F_suf_ншүк,0.0
F_pre_мәнш,0.0
L_pre_мәмето,0.0
F_suf_мәншүк,0.0
F_pre_мәншүк,0.0
L_мәметова,0.0
L_pre_нұртаз,0.0
L_нұртазин,0.0
L_зангарқызы,0.0
L_pre_зангар,0.0
L_pre_занга,0.0
L_pre_занг,0.0
L_pre_зан,0.0
L_доспанова,0.0
F_pre_хиу,0.0
F_suf_хиуаз,0.0
F_хиуаз,0.0
F_pre_хи,0.0
L_pre_досп,0.0
F_pre_хиуаз,0.0
F_pre_хиуа,0.0
F_suf_уаз,0.0
F_suf_иуаз,0.0
L_pre_доспа,0.0
L_pre_доспан,0.0
L_қуанышұлы,0.0
L_suf_нышұлы,0.0
L_pre_сметов,0.0
L_pre_смето,0.0
L_pre_сме,0.0
L_pre_смет,0.0
L_сметов,0.0
L_suf_сметов,0.0
L_тимурқызы,0.0
L_suf_урқызы,0.0
L_pre_тимурқ,0.0
L_pre_тиму,0.0
L_pre_тим,0.0
L_pre_тимур,0.0
L_suf_сінов,0.0
L_suf_усінов,0.0
L_suf_інов,0.0
L_елеусінов,0.0
L_pre_бексұ,0.0
L_pre_бексұл,0.0
L_бексұлтанқызы,0.0
L_suf_әпиев,0.0
L_pre_сәпие,0.0
L_pre_сәпи,0.0
L_pre_сәп,0.0
L_pre_сәпиев,0.0
L_suf_сәпиев,0.0
L_сәпиев,0.0
L_suf_пиев,0.0
L_pre_голо,0.0
L_pre_головк,0.0
L_suf_ловкин,0.0
L_pre_голов,0.0
L_suf_овкин,0.0
L_suf_вкин,0.0
L_головкин,0.0
L_саттарханов,0.0
L_pre_елдос,0.0
L_pre_елдосқ,0.0
L_pre_елд,0.0
L_pre_елдо,0.0
L_елдосқызы,0.0
L_pre_үшк,0.0
F_suf_қсылық,0.0
F_suf_сылық,0.0
F_pre_жақсы,0.0
L_pre_үшкемп,0.0
F_pre_жақсыл,0.0
F_pre_жақс,0.0
L_suf_піров,0.0
L_pre_үш,0.0
L_үшкемпіров,0.0
L_pre_үшке,0.0
F_жақсылық,0.0
L_suf_мпіров,0.0
L_pre_үшкем,0.0
F_suf_ылық,0.0
L_pre_жансе,0.0
L_pre_жансер,0.0
L_жансерікқызы,0.0
L_ыбрайымов,0.0
L_pre_ыбрай,0.0
L_suf_айымов,0.0
L_pre_ыб,0.0
F_pre_ермах,0.0
F_suf_рмахан,0.0
F_pre_ерма,0.0
F_ермахан,0.0
L_pre_ыбра,0.0
L_pre_ыбр,0.0
F_pre_ермаха,0.0
L_suf_йымов,0.0
L_pre_ыбрайы,0.0
L_pre_жиро,0.0
L_pre_жир,0.0
L_жиров,0.0
L_pre_жиров,0.0
L_suf_жиров,0.0
L_pre_мағ,0.0
L_pre_мағжа,0.0
L_pre_мағж,0.0
L_pre_мағжан,0.0
L_мағжанқызы,0.0
L_pre_шишиг,0.0
L_шишигина,0.0
L_pre_ши,0.0
L_pre_шиш,0.0
L_pre_шишиги,0.0
L_suf_шигина,0.0
L_suf_гина,0.0
L_pre_шиши,0.0
L_suf_игина,0.0
F_suf_ұрбек,0.0
F_pre_нұрб,0.0
F_pre_нұрбек,0.0
F_pre_нұрбе,0.0
F_нұрбек,0.0
F_suf_нұрбек,0.0
L_suf_битұлы,0.0
L_ғабитұлы,0.0
L_suf_итұлы,0.0
L_pre_ғабитұ,0.0
L_pre_балан,0.0
L_suf_ландин,0.0
L_баландин,0.0
L_suf_андин,0.0
L_suf_ндин,0.0
L_pre_баланд,0.0
L_pre_виноку,0.0
L_винокуров,0.0
L_suf_окуров,0.0
L_pre_винок,0.0
L_suf_ақбаев,0.0
L_pre_қонақ,0.0
L_pre_қонақб,0.0
L_қонақбаев,0.0
L_suf_қбаев,0.0
L_шыңғысқызы,0.0
L_pre_шыңғ,0.0
L_pre_шыңғы,0.0
L_pre_шыңғыс,0.0
L_suf_ысқызы,0.0
L_pre_шың,0.0
L_pre_қызай,0.0
L_pre_қыза,0.0
L_pre_қыз,0.0
L_pre_қызайб,0.0
L_қызайбай,0.0
L_suf_йбай,0.0
L_suf_зайбай,0.0
L_suf_айбай,0.0
L_ниязымбетов,0.0
F_pre_әділб,0.0
F_pre_әділбе,0.0
L_pre_ниязым,0.0
L_pre_ниязы,0.0
F_әділбек,0.0
L_дычко,0.0
L_pre_дыч,0.0
L_pre_ды,0.0
L_suf_чко,0.0
L_pre_дычко,0.0
L_suf_дычко,0.0
L_pre_дычк,0.0
L_suf_ычко,0.0
L_pre_қоңқ,0.0
L_pre_қоңқа,0.0
F_pre_қам,0.0
L_pre_қоңқаб,0.0
F_қамшыбек,0.0
F_suf_мшыбек,0.0
F_pre_қамш,0.0
L_suf_қабаев,0.0
F_pre_қамшыб,0.0
F_pre_қамшы,0.0
L_pre_қоң,0.0
F_suf_шыбек,0.0
L_қоңқабаев,0.0
L_олжабекқызы,0.0
L_pre_олжабе,0.0
L_pre_бибо,0.0
L_pre_биб,0.0
L_pre_бибос,0.0
L_бибосынов,0.0
L_pre_бибосы,0.0
L_бағланқызы,0.0
L_pre_бағлан,0.0
L_pre_бағл,0.0
L_pre_бағла,0.0
F_pre_иманбе,0.0
L_pre_зейк,0.0
L_зейкенов,0.0
F_pre_иманб,0.0
F_иманбек,0.0
L_pre_зейкен,0.0
F_suf_манбек,0.0
L_pre_зейке,0.0
L_pre_әкежан,0.0
L_pre_әке,0.0
L_әкежанқызы,0.0
L_pre_әк,0.0
L_pre_әкеж,0.0
L_pre_әкежа,0.0
L_тұрсынов,0.0
F_әділхан,0.0
F_pre_әділх,0.0
F_pre_әділха,0.0
L_бекмамбетов,0.0
L_pre_бекмам,0.0
L_жарқынқызы,0.0
L_әбдірашев,0.0
L_suf_ірашев,0.0
L_pre_нұрғи,0.0
L_pre_нұрғис,0.0
L_нұрғисақызы,0.0
L_pre_пошан,0.0
L_suf_шанов,0.0
L_pre_пошано,0.0
L_suf_ошанов,0.0
L_пошанов,0.0
L_pre_поша,0.0
L_pre_пош,0.0
L_pre_сағад,0.0
L_pre_сағада,0.0
L_сағадатқызы,0.0
L_өмірбаев,0.0
F_pre_даре,0.0
L_pre_өмірба,0.0
F_pre_дареж,0.0
F_дарежан,0.0
F_suf_арежан,0.0
F_suf_режан,0.0
F_pre_дарежа,0.0
L_suf_ірбаев,0.0
L_досханқызы,0.0
L_pre_досх,0.0
L_pre_досхан,0.0
L_pre_досха,0.0
L_pre_апрым,0.0
L_suf_рымов,0.0
L_pre_апры,0.0
L_апрымов,0.0
L_suf_прымов,0.0
L_pre_апр,0.0
L_pre_апрымо,0.0
L_pre_ап,0.0
L_pre_нарымб,0.0
F_pre_саты,0.0
F_suf_ды,0.0
F_suf_алды,0.0
F_pre_сат,0.0
F_suf_ыбалды,0.0
F_suf_лды,0.0
F_suf_балды,0.0
L_pre_нары,0.0
L_pre_нарым,0.0
F_pre_сатыб,0.0
L_нарымбетов,0.0
F_pre_сатыба,0.0
F_сатыбалды,0.0
L_pre_қалы,0.0
F_pre_бола,0.0
L_pre_қалымб,0.0
L_pre_қалым,0.0
F_болат,0.0
F_pre_бол,0.0
F_pre_болат,0.0
L_қалымбетов,0.0
L_нұртасқызы,0.0
L_pre_од,0.0
L_pre_одина,0.0
F_pre_рүсте,0.0
F_suf_рүстем,0.0
L_pre_один,0.0
F_suf_үстем,0.0
F_pre_рү,0.0
L_одинаев,0.0
F_рүстем,0.0
F_pre_рүст,0.0
L_suf_динаев,0.0
L_suf_инаев,0.0
L_pre_одинае,0.0
L_pre_оди,0.0
F_pre_рүстем,0.0
F_pre_рүс,0.0
L_pre_тәуе,0.0
L_pre_тәуеке,0.0
F_pre_сламб,0.0
F_сламбек,0.0
L_suf_кел,0.0
L_suf_ел,0.0
L_suf_әуекел,0.0
L_pre_тәуек,0.0
F_pre_сламбе,0.0
L_suf_уекел,0.0
L_pre_тәу,0.0
F_pre_сл,0.0
L_suf_екел,0.0
F_pre_слам,0.0
F_pre_сла,0.0
L_тәуекел,0.0
L_pre_кентал,0.0
L_pre_кента,0.0
L_pre_кент,0.0
L_кенталқызы,0.0
L_қастеев,0.0
L_pre_қаст,0.0
L_pre_қасте,0.0
L_pre_қастее,0.0
L_suf_стеев,0.0
L_suf_теев,0.0
L_suf_астеев,0.0
L_pre_димаш,0.0
L_pre_димашқ,0.0
L_pre_дима,0.0
L_pre_дим,0.0
L_димашқызы,0.0
F_әбілхан,0.0
F_pre_әбілх,0.0
F_pre_әбілха,0.0
F_pre_молдағ,0.0
F_suf_дағали,0.0
F_pre_мол,0.0
F_pre_молд,0.0
F_pre_молда,0.0
F_молдағали,0.0
L_pre_арда,0.0
L_ардаққызы,0.0
L_pre_ардаққ,0.0
L_pre_ардақ,0.0
L_pre_ард,0.0
F_suf_итдин,0.0
F_suf_тдин,0.0
F_pre_салихи,0.0
F_салихитдин,0.0
F_suf_хитдин,0.0
L_серікболқызы,0.0
F_гүлфайрус,0.0
F_suf_айрус,0.0
F_pre_гүлфа,0.0
F_pre_гүлфай,0.0
F_suf_файрус,0.0
F_suf_рус,0.0
F_pre_гүлф,0.0
F_suf_йрус,0.0
L_бисенғалиев,0.0
L_pre_бисенғ,0.0
L_беркутқызы,0.0
L_pre_берку,0.0
L_suf_утқызы,0.0
L_pre_берк,0.0
L_pre_беркут,0.0
L_suf_жаева,0.0
L_pre_мұсақо,0.0
L_suf_ожаева,0.0
L_мұсақожаева,0.0
F_pre_жандар,0.0
F_жандарбек,0.0
L_садырбаев,0.0
F_pre_жанда,0.0
F_suf_дарбек,0.0
L_айқынқызы,0.0
L_pre_айқы,0.0
L_pre_айқ,0.0
L_pre_айқынқ,0.0
L_pre_айқын,0.0
L_suf_сепов,0.0
L_pre_еңсеп,0.0
L_suf_ңсепов,0.0
L_еңсепов,0.0
L_pre_еңс,0.0
L_pre_еңсе,0.0
L_pre_ең,0.0
L_pre_еңсепо,0.0
L_pre_ғаді,0.0
L_pre_ғаділб,0.0
L_ғаділбекқызы,0.0
L_pre_ғад,0.0
L_pre_ғаділ,0.0
L_pre_серк,0.0
L_pre_серке,0.0
L_серкебаев,0.0
L_pre_серкеб,0.0
L_pre_зат,0.0
L_pre_заттыб,0.0
L_заттыбекқызы,0.0
L_pre_затт,0.0
L_pre_затты,0.0
L_pre_дн,0.0
L_suf_днішев,0.0
L_pre_дніш,0.0
L_suf_нішев,0.0
L_pre_днішев,0.0
L_днішев,0.0
L_pre_дніше,0.0
L_pre_дні,0.0
L_pre_төреға,0.0
L_төреғалиқызы,0.0
L_pre_төреғ,0.0
F_pre_нұржам,0.0
F_suf_ржамал,0.0
F_нұржамал,0.0
L_pre_үсенба,0.0
L_үсенбаева,0.0
L_pre_үсенб,0.0
L_рахмедова,0.0
L_pre_рахмед,0.0
L_pre_шө,0.0
L_шөкенов,0.0
L_suf_өкенов,0.0
L_pre_шөкен,0.0
L_pre_шөкено,0.0
L_pre_шөке,0.0
L_pre_шөк,0.0
F_pre_гаухар,0.0
F_pre_гауха,0.0
F_гаухар,0.0
F_suf_гаухар,0.0
F_pre_гаух,0.0
L_әбдіжаппарқызы,0.0
L_pre_әбдіжа,0.0
L_pre_әбдіж,0.0
F_мейір,0.0
L_suf_айнеш,0.0
L_suf_неш,0.0
F_suf_йір,0.0
F_suf_мейір,0.0
L_pre_байне,0.0
L_байнеш,0.0
L_pre_байнеш,0.0
L_suf_йнеш,0.0
F_suf_ейір,0.0
L_suf_байнеш,0.0
L_pre_көке,0.0
L_көкеев,0.0
L_pre_көкеев,0.0
L_suf_өкеев,0.0
L_pre_көкее,0.0
L_pre_көк,0.0
L_suf_көкеев,0.0
L_pre_тайл,0.0
L_pre_тай,0.0
L_pre_тайлақ,0.0
L_тайлақбаев,0.0
L_pre_тайла,0.0
L_pre_серғал,0.0
L_серғалиқызы,0.0
L_pre_мақпа,0.0
L_pre_мақпал,0.0
L_pre_мақп,0.0
L_мақпалқызы,0.0
L_suf_лаұлы,0.0
L_suf_ллаұлы,0.0
L_pre_сейдол,0.0
L_сейдоллаұлы,0.0
L_pre_сейдо,0.0
L_suf_аұлы,0.0
L_ескендірқызы,0.0
L_pre_еске,0.0
L_pre_ескенд,0.0
L_pre_ескен,0.0
L_pre_дәурен,0.0
L_pre_дәуре,0.0
L_дәуренқызы,0.0
L_pre_дәур,0.0
F_suf_виз,0.0
F_pre_парвиз,0.0
F_парвиз,0.0
F_suf_парвиз,0.0
F_suf_рвиз,0.0
F_suf_арвиз,0.0
L_pre_цой,0.0
L_цой,0.0
L_pre_цо,0.0
L_suf_цой,0.0
L_pre_еркеш,0.0
L_pre_еркешқ,0.0
L_еркешқызы,0.0
F_suf_атыр,0.0
F_suf_батыр,0.0
F_батыр,0.0
F_suf_тыр,0.0
L_pre_жұба,0.0
L_жұбанышқызы,0.0
L_pre_жұб,0.0
L_pre_жұбан,0.0
L_pre_жұбаны,0.0
L_suf_лбан,0.0
L_suf_бан,0.0
L_pre_албан,0.0
L_албан,0.0
L_suf_албан,0.0
L_pre_алба,0.0
L_pre_алб,0.0
L_suf_рғын,0.0
L_suf_ғын,0.0
L_pre_тарғын,0.0
L_тарғын,0.0
L_suf_тарғын,0.0
L_pre_тарғы,0.0
L_pre_тарғ,0.0
L_suf_арғын,0.0
L_pre_муз,0.0
L_музартқызы,0.0
L_pre_музар,0.0
L_pre_музарт,0.0
L_pre_муза,0.0
F_pre_айдарб,0.0
F_айдарбек,0.0
L_ордақызы,0.0
L_pre_ордақы,0.0
L_suf_дақызы,0.0
L_pre_ордақ,0.0
L_pre_баекен,0.0
F_кайрат,0.0
F_pre_кайра,0.0
L_баекенов,0.0
F_suf_кайрат,0.0
F_pre_кайрат,0.0
L_pre_баеке,0.0
F_pre_кай,0.0
F_pre_кайр,0.0
L_pre_бае,0.0
L_pre_баек,0.0
L_pre_ринго,0.0
L_pre_ринг,0.0
L_pre_рин,0.0
L_suf_гоқызы,0.0
L_suf_оқызы,0.0
L_рингоқызы,0.0
L_pre_рингоқ,0.0
L_pre_ри,0.0
L_pre_ала,0.0
L_pre_алашұл,0.0
L_алашұлықызы,0.0
L_pre_алашұ,0.0
L_pre_алаш,0.0
L_suf_бегей,0.0
L_pre_бегей,0.0
L_бегей,0.0
L_suf_егей,0.0
L_suf_гей,0.0
L_pre_дос-,0.0
L_дос-мұқасанқызы,0.0
L_pre_дос-м,0.0
L_pre_дос-мұ,0.0
L_pre_құм,0.0
L_pre_құмаш,0.0
L_pre_құмаше,0.0
L_pre_құма,0.0
L_құмашев,0.0
L_suf_ұмашев,0.0
L_pre_шоқанқ,0.0
L_шоқанқызы,0.0
L_pre_шоқан,0.0
L_pre_ыбы,0.0
L_ыбырайқызы,0.0
L_pre_ыбырай,0.0
L_pre_ыбыра,0.0
L_pre_ыбыр,0.0
F_бүркіт,0.0
L_жансейітов,0.0
F_suf_ркіт,0.0
F_pre_бүрк,0.0
F_pre_бүркі,0.0
F_suf_үркіт,0.0
F_pre_бү,0.0
F_pre_бүр,0.0
F_pre_бүркіт,0.0
L_pre_жансей,0.0
F_suf_кіт,0.0
F_suf_бүркіт,0.0
L_suf_раилов,0.0
L_pre_исра,0.0
L_pre_исраил,0.0
F_бек,0.0
L_исраилов,0.0
L_pre_исраи,0.0
L_pre_иср,0.0
L_pre_мұқағ,0.0
L_мұқағалиқызы,0.0
L_pre_мұқаға,0.0
L_suf_луш,0.0
F_pre_марс,0.0
L_pre_лел,0.0
L_suf_елуш,0.0
L_лелуш,0.0
L_suf_лелуш,0.0
F_pre_марсе,0.0
F_pre_марсел,0.0
F_марсель,0.0
L_pre_лелуш,0.0
L_pre_лелу,0.0
L_төлепов,0.0
L_suf_өлепов,0.0
L_pre_төлепо,0.0
F_pre_дау,0.0
F_pre_даулет,0.0
F_даулет,0.0
F_pre_дауле,0.0
F_pre_даул,0.0
F_suf_аулет,0.0
F_suf_даулет,0.0
L_бейімбетқызы,0.0
L_pre_бейім,0.0
L_pre_бейі,0.0
L_pre_бейімб,0.0
F_pre_нұрбол,0.0
F_нұрболат,0.0
F_suf_рболат,0.0
F_pre_нұрбо,0.0
F_pre_әмр,0.0
F_pre_әмре,0.0
L_еренғайыпов,0.0
F_suf_мре,0.0
L_suf_йыпов,0.0
F_suf_әмре,0.0
L_suf_айыпов,0.0
F_әмре,0.0
L_pre_ерен,0.0
L_pre_еренға,0.0
L_pre_еренғ,0.0
L_pre_міржақ,0.0
L_pre_мір,0.0
L_pre_мірж,0.0
L_міржақыпқызы,0.0
L_pre_мі,0.0
L_pre_міржа,0.0
L_pre_әлих,0.0
L_әлиханқызы,0.0
L_pre_әлихан,0.0
L_pre_әлиха,0.0
L_pre_маемир,0.0
L_pre_мае,0.0
L_маемиров,0.0
L_pre_маеми,0.0
L_pre_маем,0.0
L_мұстафақызы,0.0
L_suf_фақызы,0.0
F_бекнұр,0.0
F_pre_бекнұр,0.0
F_suf_бекнұр,0.0
L_жәнібеков,0.0
L_suf_ібеков,0.0
F_pre_бекнұ,0.0
F_suf_екнұр,0.0
F_suf_кнұр,0.0
L_suf_леубай,0.0
F_pre_ерсай,0.0
L_төлеубай,0.0
F_suf_айын,0.0
F_suf_йын,0.0
L_suf_еубай,0.0
L_pre_төлеуб,0.0
F_ерсайын,0.0
F_suf_сайын,0.0
F_pre_ерсайы,0.0
F_pre_ерса,0.0
F_suf_рсайын,0.0
L_pre_ді,0.0
L_pre_дінмұ,0.0
L_pre_дін,0.0
L_дінмұхамедқызы,0.0
L_pre_дінм,0.0
L_suf_едқызы,0.0
L_suf_дқызы,0.0
L_pre_дінмұх,0.0
L_suf_тметов,0.0
L_сейтметов,0.0
L_pre_сейтм,0.0
L_pre_сейтме,0.0
L_pre_жанбот,0.0
L_suf_ботаев,0.0
L_suf_отаев,0.0
L_жанботаев,0.0
L_рақымжанқызы,0.0
L_pre_әлпейі,0.0
L_pre_әлпей,0.0
L_pre_әлпе,0.0
L_әлпейісов,0.0
L_pre_әлп,0.0
L_мұтырғанов,0.0
L_suf_ғанов,0.0
L_suf_рғанов,0.0
L_pre_мұтыр,0.0
L_pre_мұтырғ,0.0
L_pre_мұт,0.0
L_pre_мұты,0.0
L_pre_сергей,0.0
L_сергейқызы,0.0
L_suf_ейқызы,0.0
F_pre_сәби,0.0
F_suf_сәбит,0.0
L_pre_әбдіха,0.0
F_pre_сәбит,0.0
F_сәбит,0.0
F_suf_әбит,0.0
L_suf_алықов,0.0
L_әбдіхалықов,0.0
L_pre_әбдіх,0.0
F_pre_сәб,0.0
L_pre_темено,0.0
L_теменов,0.0
L_pre_темен,0.0
L_suf_еменов,0.0
L_pre_теме,0.0
L_pre_нұри,0.0
L_pre_нұрисл,0.0
L_pre_нұрис,0.0
L_нұрисламқызы,0.0
L_pre_рақыш,0.0
L_рақышев,0.0
L_suf_ақышев,0.0
L_suf_қышев,0.0
L_pre_рақыше,0.0
L_қыстықбаев,0.0
L_suf_ықбаев,0.0
L_pre_қыст,0.0
L_pre_қыс,0.0
L_pre_қысты,0.0
L_pre_қыстық,0.0
L_suf_қыпбай,0.0
L_suf_пбай,0.0
F_pre_нұрқ,0.0
L_suf_ыпбай,0.0
F_suf_рқанат,0.0
F_pre_нұрқа,0.0
L_жақыпбай,0.0
F_нұрқанат,0.0
F_pre_нұрқан,0.0
L_pre_жақыпб,0.0
L_pre_ген,0.0
L_pre_геннад,0.0
L_suf_ийқызы,0.0
L_геннадийқызы,0.0
L_pre_генн,0.0
L_pre_генна,0.0
F_pre_асанал,0.0
F_pre_асана,0.0
F_suf_саналі,0.0
F_suf_налі,0.0
F_suf_аналі,0.0
F_асаналі,0.0
F_suf_алі,0.0
F_suf_мухан,0.0
F_pre_есму,0.0
L_pre_обаев,0.0
L_pre_оба,0.0
L_обаев,0.0
F_pre_есмуха,0.0
F_pre_есм,0.0
L_suf_обаев,0.0
L_pre_об,0.0
L_pre_обае,0.0
F_pre_есмух,0.0
F_есмухан,0.0
F_suf_смухан,0.0
L_suf_нқұлов,0.0
F_pre_тұңғ,0.0
F_pre_тұңғы,0.0
F_suf_ғышбай,0.0
F_suf_шбай,0.0
L_жаманқұлов,0.0
F_тұңғышбай,0.0
F_suf_ышбай,0.0
L_pre_жаманқ,0.0
F_pre_тұң,0.0
F_pre_тұңғыш,0.0
L_pre_ықтым,0.0
F_suf_жұман,0.0
L_pre_ықтымб,0.0
F_suf_ржұман,0.0
F_нұржұман,0.0
F_suf_ұман,0.0
L_pre_ық,0.0
L_pre_ықты,0.0
F_pre_нұржұм,0.0
F_pre_нұржұ,0.0
L_pre_ықт,0.0
L_ықтымбаев,0.0
L_suf_ымбаев,0.0
L_василийқызы,0.0
L_pre_васили,0.0
L_suf_сін,0.0
L_pre_демес,0.0
F_suf_ырбек,0.0
F_pre_қадыр,0.0
F_suf_дырбек,0.0
F_pre_қады,0.0
L_suf_емесін,0.0
L_suf_есін,0.0
L_suf_месін,0.0
L_pre_демесі,0.0
L_pre_деме,0.0
F_pre_қад,0.0
F_қадырбек,0.0
L_демесін,0.0
F_pre_қадырб,0.0
L_ольгақызы,0.0
L_pre_оль,0.0
L_suf_гақызы,0.0
L_pre_ольг,0.0
L_pre_ольга,0.0
L_pre_ольгақ,0.0
F_pre_құм,0.0
F_suf_құман,0.0
F_pre_құман,0.0
F_құман,0.0
F_pre_құма,0.0
L_suf_кешова,0.0
L_pre_өтекеш,0.0
L_pre_өтеке,0.0
L_pre_өтек,0.0
L_өтекешова,0.0
L_pre_дмит,0.0
L_pre_дмитр,0.0
L_pre_дми,0.0
L_pre_дмитри,0.0
L_pre_дм,0.0
L_дмитрийқызы,0.0
L_айманов,0.0
L_pre_айман,0.0
L_pre_аймано,0.0
F_шәкен,0.0
F_pre_шәке,0.0
F_pre_шәкен,0.0
F_suf_шәкен,0.0
L_александрқызы,0.0
L_suf_дрқызы,0.0
L_suf_ожықов,0.0
L_қожықов,0.0
L_pre_қожықо,0.0
L_pre_қожық,0.0
L_suf_жықов,0.0
L_pre_қожы,0.0
L_pre_қарса,0.0
L_pre_қарс,0.0
L_pre_қар,0.0
L_қарсақбаев,0.0
L_pre_қарсақ,0.0
L_pre_назымқ,0.0
L_назымқызы,0.0
L_pre_назым,0.0
L_pre_назы,0.0
F_pre_мәж,0.0
L_бегалин,0.0
F_мәжит,0.0
L_suf_галин,0.0
F_suf_әжит,0.0
F_pre_мәжит,0.0
F_suf_мәжит,0.0
F_pre_мәжи,0.0
L_suf_егалин,0.0
L_pre_иванқы,0.0
L_иванқызы,0.0
L_pre_иванқ,0.0
L_pre_қамшыб,0.0
L_pre_қамшы,0.0
L_pre_қамш,0.0
L_қамшыбекқызы,0.0
F_suf_дыбай,0.0
F_suf_лдыбай,0.0
F_pre_қалдыб,0.0
L_suf_әбенов,0.0
F_suf_ыбай,0.0
F_pre_қалд,0.0
L_әбенов,0.0
F_pre_қалды,0.0
F_қалдыбай,0.0
L_pre_даниял,0.0
L_даниялқызы,0.0
L_suf_ялқызы,0.0
L_pre_жармұ,0.0
L_жармұхамбетов,0.0
L_pre_жарм,0.0
L_pre_жармұх,0.0
L_иманбекқызы,0.0
L_шынарбаев,0.0
L_pre_шынарб,0.0
L_pre_шынар,0.0
L_pre_асыр,0.0
L_pre_асыра,0.0
L_pre_асыран,0.0
L_асыранқұлов,0.0
F_suf_дәмір,0.0
F_pre_дәмір,0.0
F_дәмір,0.0
L_suf_набай,0.0
L_suf_анабай,0.0
L_pre_манаба,0.0
L_манабай,0.0
L_pre_манаб,0.0
F_pre_дәмі,0.0
L_әмірқұлов,0.0
L_pre_әмірқұ,0.0
L_pre_ақанқ,0.0
L_ақанқызы,0.0
L_pre_ақа,0.0
L_pre_ақанқы,0.0
L_pre_ақан,0.0
L_pre_телеге,0.0
L_pre_телег,0.0
L_телегенов,0.0
L_pre_қилыб,0.0
F_pre_бахы,0.0
L_pre_қи,0.0
L_pre_қил,0.0
F_suf_хыт,0.0
L_қилыбаев,0.0
F_suf_ахыт,0.0
F_pre_бахыт,0.0
F_бахыт,0.0
F_suf_бахыт,0.0
L_pre_қилы,0.0
L_pre_қилыба,0.0
L_шәріп,0.0
L_suf_шәріп,0.0
L_suf_әріп,0.0
L_suf_ріп,0.0
L_фархатқызы,0.0
L_pre_фарх,0.0
L_pre_фарха,0.0
L_pre_фархат,0.0
L_pre_өтепбе,0.0
L_өтепбергенов,0.0
L_pre_өтепб,0.0
L_pre_өтеп,0.0
L_эмирқызы,0.0
L_pre_эми,0.0
L_pre_эм,0.0
L_pre_эмир,0.0
L_pre_эмирқы,0.0
L_pre_эмирқ,0.0
L_нұрмұхамбетов,0.0
L_pre_нұрмұх,0.0
L_pre_нұрмұ,0.0
L_дарежанқызы,0.0
L_pre_дарежа,0.0
L_pre_дареж,0.0
L_pre_даре,0.0
L_pre_бекежа,0.0
L_pre_бекеж,0.0
L_бекежанов,0.0
L_suf_ежанов,0.0
L_pre_қаша,0.0
L_pre_қашауб,0.0
L_pre_қаш,0.0
L_қашаубаев,0.0
L_pre_қашау,0.0
L_сағырбайұлы,0.0
L_pre_сағыр,0.0
L_pre_сағырб,0.0
L_pre_қазан,0.0
L_suf_ғапұлы,0.0
F_suf_тімбет,0.0
F_pre_тәтті,0.0
F_тәттімбет,0.0
L_қазанғапұлы,0.0
L_pre_қазанғ,0.0
L_pre_қаза,0.0
L_suf_апұлы,0.0
F_pre_тәтт,0.0
F_pre_тә,0.0
L_suf_пұлы,0.0
F_pre_тәт,0.0
F_pre_тәттім,0.0
L_рүстемқызы,0.0
L_шығайұлы,0.0
L_pre_шыға,0.0
L_pre_шығайұ,0.0
L_suf_ғайұлы,0.0
F_suf_ткерей,0.0
L_pre_шығай,0.0
L_pre_шығ,0.0
F_дәулеткерей,0.0
L_өтемісұлы,0.0
L_suf_сұлы,0.0
L_suf_місұлы,0.0
L_suf_ісұлы,0.0
L_pre_өтеміс,0.0
L_pre_өтем,0.0
L_pre_өтемі,0.0
L_pre_сла,0.0
L_pre_сламб,0.0
L_pre_сламбе,0.0
L_сламбекқызы,0.0
L_pre_слам,0.0
L_pre_сл,0.0
L_suf_ғұлұлы,0.0
L_қожағұлұлы,0.0
L_pre_қожағ,0.0
L_pre_қожағұ,0.0
L_suf_ұлұлы,0.0
L_pre_қорамс,0.0
L_suf_мсаұлы,0.0
L_pre_қора,0.0
L_suf_саұлы,0.0
L_pre_қорам,0.0
L_қорамсаұлы,0.0
L_pre_әбілх,0.0
L_әбілханқызы,0.0
L_pre_әбілха,0.0
F_suf_ілі,0.0
F_suf_кілі,0.0
F_pre_үкілі,0.0
F_pre_үкі,0.0
F_үкілі,0.0
F_pre_үк,0.0
F_suf_үкілі,0.0
F_pre_үкіл,0.0
L_сандыбайұлы,0.0
L_молдағалиқызы,0.0
L_pre_баймыр,0.0
L_suf_заұлы,0.0
L_баймырзаұлы,0.0
L_suf_рзаұлы,0.0
L_pre_баймы,0.0
L_suf_инқызы,0.0
L_pre_салихи,0.0
L_pre_салих,0.0
L_салихитдинқызы,0.0
L_pre_беркі,0.0
L_беркімбайұлы,0.0
L_pre_беркім,0.0
F_кенен,0.0
F_suf_кенен,0.0
L_pre_әзірб,0.0
L_әзірбаев,0.0
L_pre_әзірба,0.0
F_suf_енен,0.0
L_pre_әзі,0.0
F_pre_кенен,0.0
F_suf_нен,0.0
L_pre_әзір,0.0
L_pre_әз,0.0
F_suf_фолла,0.0
F_pre_ғар,0.0
F_suf_ифолла,0.0
L_құрманғалиев,0.0
F_pre_ғари,0.0
F_pre_ғариф,0.0
F_ғарифолла,0.0
F_pre_ғарифо,0.0
F_suf_іпбек,0.0
L_pre_елебе,0.0
F_pre_жүс,0.0
F_жүсіпбек,0.0
F_suf_сіпбек,0.0
F_pre_жүсіп,0.0
F_pre_жүсіпб,0.0
F_suf_пбек,0.0
L_pre_елебек,0.0
L_pre_елеб,0.0
F_pre_жүсі,0.0
F_pre_жү,0.0
L_елебеков,0.0
F_pre_манар,0.0
F_манарбек,0.0
F_suf_нарбек,0.0
F_pre_манарб,0.0
F_pre_риш,0.0
F_ришат,0.0
F_suf_ришат,0.0
F_pre_ришат,0.0
F_suf_ишат,0.0
F_pre_риша,0.0
F_мүсілім,0.0
F_pre_мү,0.0
F_pre_мүсіл,0.0
F_pre_мүсі,0.0
F_pre_мүсілі,0.0
F_pre_мүс,0.0
L_pre_досым,0.0
F_байғали,0.0
F_pre_байға,0.0
L_pre_досымж,0.0
F_pre_байғал,0.0
L_досымжанов,0.0
F_pre_байғ,0.0
L_pre_досы,0.0
L_гаухарқызы,0.0
L_pre_гауха,0.0
L_pre_гау,0.0
L_pre_гаухар,0.0
L_pre_гаух,0.0
F_pre_қау,0.0
F_pre_қаук,0.0
F_suf_аукен,0.0
F_suf_укен,0.0
F_pre_қаукен,0.0
F_suf_қаукен,0.0
F_pre_қауке,0.0
F_қаукен,0.0
L_бағланова,0.0
F_pre_сұлу,0.0
F_suf_ұлухан,0.0
L_құрманбеков,0.0
F_pre_сұлуха,0.0
F_сұлухан,0.0
F_pre_сұлух,0.0
F_suf_лухан,0.0
L_жанияқызы,0.0
L_suf_яқызы,0.0
L_pre_жанияқ,0.0
L_suf_ияқызы,0.0
L_pre_жания,0.0
L_хамиди,0.0
L_pre_хамиди,0.0
F_suf_тиф,0.0
F_suf_латиф,0.0
L_suf_миди,0.0
F_suf_атиф,0.0
L_pre_хамид,0.0
L_suf_хамиди,0.0
F_латиф,0.0
L_suf_иди,0.0
L_suf_амиди,0.0
L_брусиловский,0.0
L_pre_брусил,0.0
L_pre_бру,0.0
L_pre_брус,0.0
L_pre_бруси,0.0
L_pre_мейірқ,0.0
L_мейірқызы,0.0
L_жұбанов,0.0
L_pre_жұбано,0.0
L_suf_ұбанов,0.0
F_мұқан,0.0
F_pre_мұқан,0.0
F_suf_ыдық,0.0
F_pre_сыдық,0.0
L_мұхамеджанов,0.0
F_pre_сыды,0.0
F_сыдық,0.0
F_suf_сыдық,0.0
L_pre_мұхам,0.0
F_pre_сыд,0.0
L_pre_мұхаме,0.0
L_pre_мұха,0.0
L_suf_ліқызы,0.0
L_pre_қыдырә,0.0
L_қыдырәліқызы,0.0
L_рахмадиев,0.0
F_pre_еркеғ,0.0
L_pre_рахмад,0.0
F_pre_еркеға,0.0
F_еркеғали,0.0
F_suf_кеғали,0.0
L_жұбанова,0.0
F_suf_ғазиза,0.0
F_ғазиза,0.0
F_pre_ғазиза,0.0
L_байқоңыр,0.0
L_pre_байқоң,0.0
L_pre_байқ,0.0
L_suf_ңыр,0.0
L_pre_байқо,0.0
L_suf_қоңыр,0.0
L_suf_оңыр,0.0
L_suf_йқоңыр,0.0
L_романқызы,0.0
L_pre_романқ,0.0
L_pre_дүйсек,0.0
F_suf_еңес,0.0
L_suf_секеев,0.0
F_pre_кеңес,0.0
F_pre_кең,0.0
F_pre_кеңе,0.0
F_кеңес,0.0
L_дүйсекеев,0.0
F_suf_ңес,0.0
F_suf_кеңес,0.0
L_suf_изқызы,0.0
L_pre_парви,0.0
L_парвизқызы,0.0
L_pre_пар,0.0
L_pre_парвиз,0.0
L_pre_парв,0.0
F_suf_шәмші,0.0
L_pre_қалдая,0.0
L_suf_аяқов,0.0
L_suf_даяқов,0.0
F_suf_мші,0.0
L_pre_қалда,0.0
L_қалдаяқов,0.0
F_шәмші,0.0
L_suf_яқов,0.0
F_suf_әмші,0.0
F_suf_ші,0.0
L_pre_вик,0.0
L_pre_викто,0.0
L_suf_орқызы,0.0
L_викторқызы,0.0
L_pre_викт,0.0
L_pre_виктор,0.0
L_pre_бейсеу,0.0
L_suf_йсеуов,0.0
L_бейсеуов,0.0
L_suf_сеуов,0.0
L_батырқызы,0.0
L_pre_батырқ,0.0
L_қажығалиев,0.0
L_pre_қажығ,0.0
F_pre_тілес,0.0
F_тілес,0.0
L_pre_қажыға,0.0
F_suf_тілес,0.0
L_pre_қаж,0.0
L_pre_қажы,0.0
F_pre_нұрсип,0.0
F_нұрсипат,0.0
L_майемирова,0.0
F_suf_сипат,0.0
F_suf_рсипат,0.0
L_pre_майеми,0.0
L_pre_майе,0.0
L_pre_майем,0.0
F_pre_нұрси,0.0
L_suf_ағатов,0.0
L_suf_ғатов,0.0
L_сағатов,0.0
L_pre_сағато,0.0
L_қыдырбек,0.0
L_тасболатов,0.0
L_pre_әл-фа,0.0
L_pre_әл-ф,0.0
L_әл-фарабиұлы,0.0
L_pre_әл-,0.0
L_suf_биұлы,0.0
L_pre_әл-фар,0.0
L_suf_иұлы,0.0
L_suf_абиұлы,0.0
F_әл-хорезми,0.0
L_мусаұлы,0.0
L_pre_мусаұл,0.0
F_suf_езми,0.0
L_suf_усаұлы,0.0
F_pre_әл-хо,0.0
F_suf_зми,0.0
F_suf_резми,0.0
F_suf_орезми,0.0
L_pre_мусаұ,0.0
F_pre_әл-хор,0.0
F_pre_әл-х,0.0
L_pre_дастан,0.0
L_pre_дас,0.0
L_pre_даста,0.0
L_pre_даст,0.0
L_дастанқызы,0.0
F_әл-бируни,0.0
F_pre_әл-би,0.0
F_pre_әл-б,0.0
L_pre_райха,0.0
F_suf_бируни,0.0
L_pre_райх,0.0
L_pre_райхан,0.0
F_suf_уни,0.0
F_suf_ируни,0.0
F_pre_әл-бир,0.0
L_suf_ханұлы,0.0
L_райханұлы,0.0
F_suf_руни,0.0
L_pre_бүрк,0.0
L_pre_бү,0.0
L_бүркітқызы,0.0
L_pre_бүркі,0.0
L_pre_бүркіт,0.0
L_pre_бүр,0.0
L_pre_бекқыз,0.0
L_pre_бекқ,0.0
L_бекқызы,0.0
L_pre_бекқы,0.0
F_pre_руда,0.0
L_pre_әбуа,0.0
F_pre_рудаки,0.0
L_әбуабдоллаұлы,0.0
F_suf_ки,0.0
L_pre_әбу,0.0
F_suf_удаки,0.0
F_suf_рудаки,0.0
F_suf_даки,0.0
F_pre_рудак,0.0
L_pre_әбуабд,0.0
F_suf_аки,0.0
F_pre_руд,0.0
L_pre_әбуаб,0.0
F_рудаки,0.0
L_pre_марсе,0.0
L_марсельқызы,0.0
L_pre_марс,0.0
L_suf_льқызы,0.0
L_pre_марсел,0.0
L_suf_ьқызы,0.0
F_suf_си,0.0
L_хакимұлы,0.0
F_suf_доуси,0.0
L_suf_имұлы,0.0
L_suf_кимұлы,0.0
L_pre_хаким,0.0
F_фирдоуси,0.0
F_suf_уси,0.0
L_pre_хакимұ,0.0
L_pre_хаки,0.0
L_pre_хак,0.0
F_pre_фирдо,0.0
F_suf_рдоуси,0.0
F_pre_фирдоу,0.0
F_suf_оуси,0.0
L_артурқызы,0.0
L_pre_артурқ,0.0
L_pre_артур,0.0
L_pre_арту,0.0
L_suf_әуиұлы,0.0
F_pre_низам,0.0
L_pre_гәнжәу,0.0
L_suf_уиұлы,0.0
F_pre_низами,0.0
L_pre_гән,0.0
F_suf_изами,0.0
L_гәнжәуиұлы,0.0
L_pre_гәнж,0.0
L_pre_гә,0.0
F_pre_низа,0.0
L_pre_гәнжә,0.0
F_pre_низ,0.0
F_suf_низами,0.0
F_низами,0.0
F_suf_зами,0.0
L_ширазиұлы,0.0
L_pre_шир,0.0
L_pre_шира,0.0
F_pre_сағди,0.0
L_suf_азиұлы,0.0
L_pre_шираз,0.0
F_pre_сағд,0.0
F_сағди,0.0
F_suf_ғди,0.0
F_suf_сағди,0.0
L_pre_ширази,0.0
F_suf_ағди,0.0
L_suf_зиұлы,0.0
F_pre_хафи,0.0
F_хафиз,0.0
F_pre_хаф,0.0
F_pre_хафиз,0.0
L_pre_әмре,0.0
L_pre_әмр,0.0
L_suf_реқызы,0.0
L_pre_әмреқы,0.0
L_pre_әмреқ,0.0
L_әмреқызы,0.0
L_suf_аиұлы,0.0
L_suf_уаиұлы,0.0
L_pre_науа,0.0
L_pre_науаиұ,0.0
L_науаиұлы,0.0
L_pre_науаи,0.0
F_pre_бабы,0.0
F_pre_баб,0.0
L_pre_захи,0.0
L_захириддинұлы,0.0
L_pre_захири,0.0
F_pre_бабыр,0.0
L_suf_инұлы,0.0
F_бабыр,0.0
F_suf_бабыр,0.0
L_suf_динұлы,0.0
L_pre_захир,0.0
L_pre_дулати,0.0
L_дулатиұлы,0.0
L_suf_тиұлы,0.0
L_suf_атиұлы,0.0
L_pre_жалайы,0.0
F_suf_ырғали,0.0
F_pre_қадырғ,0.0
L_жалайырұлы,0.0
L_pre_жала,0.0
L_pre_жалай,0.0
L_suf_йырұлы,0.0
F_қадырғали,0.0
L_pre_бекнұр,0.0
L_pre_бекнұ,0.0
L_бекнұрқызы,0.0
F_өтейбойдақ,0.0
F_suf_йдақ,0.0
L_suf_ылұлы,0.0
F_pre_өтей,0.0
F_pre_өтейбо,0.0
L_тілеуқабылұлы,0.0
L_pre_тілеуқ,0.0
F_suf_бойдақ,0.0
F_pre_өтейб,0.0
L_suf_былұлы,0.0
F_suf_ойдақ,0.0
L_ерсайынқызы,0.0
L_pre_ерс,0.0
L_pre_ерса,0.0
L_pre_ерсай,0.0
L_pre_ерсайы,0.0
L_сәбитұлы,0.0
L_pre_сәбитұ,0.0
L_pre_азатқы,0.0
L_pre_азат,0.0
L_азатқызы,0.0
L_pre_азатқ,0.0
F_suf_туған,0.0
F_suf_зтуған,0.0
F_pre_қазту,0.0
L_suf_нішұлы,0.0
F_pre_қазтуғ,0.0
L_сүйінішұлы,0.0
F_қазтуған,0.0
F_suf_уған,0.0
L_pre_сүйіні,0.0
F_pre_қазт,0.0
L_suf_ішұлы,0.0
L_досжанқызы,0.0
L_suf_ауұлы,0.0
F_pre_досп,0.0
L_pre_азау,0.0
F_suf_памбет,0.0
F_pre_доспам,0.0
L_pre_азауұ,0.0
F_pre_доспа,0.0
L_suf_зауұлы,0.0
L_pre_азауұл,0.0
L_suf_уұлы,0.0
L_азауұлы,0.0
F_доспамбет,0.0
F_шалкиіз,0.0
L_тіленшіұлы,0.0
F_pre_шал,0.0
F_suf_киіз,0.0
L_suf_ншіұлы,0.0
F_suf_лкиіз,0.0
L_pre_тіленш,0.0
F_suf_алкиіз,0.0
F_suf_иіз,0.0
F_pre_шалкиі,0.0
F_pre_шалки,0.0
L_suf_іұлы,0.0
L_suf_шіұлы,0.0
F_pre_шалк,0.0
L_pre_бортоғ,0.0
L_suf_ғашұлы,0.0
F_pre_жиемб,0.0
F_suf_ембет,0.0
F_pre_жие,0.0
L_suf_ашұлы,0.0
F_pre_жиембе,0.0
F_pre_жи,0.0
F_жиембет,0.0
F_pre_жием,0.0
F_suf_иембет,0.0
L_pre_борто,0.0
L_бортоғашұлы,0.0
L_pre_күл,0.0
F_suf_сқа,0.0
L_pre_күлі,0.0
F_suf_рғасқа,0.0
L_күлікұлы,0.0
L_pre_күлікұ,0.0
L_pre_күлік,0.0
L_suf_лікұлы,0.0
F_марғасқа,0.0
F_suf_қа,0.0
F_suf_асқа,0.0
F_pre_марға,0.0
F_suf_ғасқа,0.0
F_pre_марғас,0.0
L_pre_кү,0.0
F_pre_марғ,0.0
L_pre_қалқа,0.0
F_pre_бұ,0.0
F_бұқар,0.0
F_suf_бұқар,0.0
F_pre_бұқа,0.0
F_suf_ұқар,0.0
L_pre_қалқам,0.0
L_suf_манұлы,0.0
L_pre_қалқ,0.0
F_pre_бұқар,0.0
L_қалқаманұлы,0.0
F_pre_бұқ,0.0
F_тәтіқара,0.0
F_pre_тәтіқ,0.0
F_pre_тәтіқа,0.0
F_pre_тәті,0.0
F_suf_тіқара,0.0
F_suf_қара,0.0
F_suf_іқара,0.0
F_suf_мбетей,0.0
F_suf_тей,0.0
F_pre_үмбете,0.0
F_pre_үмбет,0.0
L_тілеуұлы,0.0
L_suf_еуұлы,0.0
F_pre_үмб,0.0
L_suf_леуұлы,0.0
F_үмбетей,0.0
F_suf_бетей,0.0
L_pre_тілеуұ,0.0
F_suf_етей,0.0
F_pre_үмбе,0.0
L_pre_райм,0.0
L_pre_раймб,0.0
F_көтеш,0.0
F_pre_көт,0.0
F_pre_көтеш,0.0
L_pre_раймбе,0.0
L_раймбекұлы,0.0
F_suf_көтеш,0.0
F_suf_өтеш,0.0
F_pre_көте,0.0
F_suf_теш,0.0
L_құлекеұлы,0.0
F_шал,0.0
L_pre_құлеке,0.0
L_suf_еұлы,0.0
L_suf_екеұлы,0.0
L_pre_құл,0.0
L_suf_кеұлы,0.0
F_suf_шал,0.0
L_pre_құле,0.0
L_pre_құлек,0.0
L_нұрқанатқызы,0.0
L_pre_нұрқан,0.0
F_pre_сүйін,0.0
F_pre_сү,0.0
L_pre_аронұ,0.0
L_suf_ронұлы,0.0
L_pre_аронұл,0.0
F_pre_сүйі,0.0
F_suf_інбай,0.0
L_pre_аро,0.0
L_pre_арон,0.0
F_pre_сүйінб,0.0
F_сүйінбай,0.0
F_suf_йінбай,0.0
F_pre_сүй,0.0
L_suf_онұлы,0.0
L_аронұлы,0.0
L_pre_асана,0.0
L_pre_асанал,0.0
L_асаналіқызы,0.0
F_suf_өже,0.0
L_pre_қаржа,0.0
L_pre_қарж,0.0
F_шөже,0.0
L_қаржаубайұлы,0.0
F_suf_же,0.0
F_pre_шө,0.0
F_suf_шөже,0.0
F_pre_шөж,0.0
F_pre_шөже,0.0
L_pre_қаржау,0.0
L_pre_есмуха,0.0
L_pre_есму,0.0
L_есмуханқызы,0.0
L_pre_есмух,0.0
L_pre_тұста,0.0
L_тұстанбекқызы,0.0
L_pre_тұстан,0.0
L_pre_тұс,0.0
L_pre_тұст,0.0
F_pre_жая,0.0
F_жаяу,0.0
F_suf_аяу,0.0
F_pre_жаяу,0.0
F_suf_жаяу,0.0
F_suf_яу,0.0
L_pre_тұң,0.0
L_pre_тұңғыш,0.0
L_pre_тұңғ,0.0
L_pre_тұңғы,0.0
L_тұңғышбайқызы,0.0
L_pre_сармұр,0.0
F_pre_құлт,0.0
F_suf_ума,0.0
F_pre_құл,0.0
L_pre_сармұ,0.0
F_suf_ұлтума,0.0
F_құлтума,0.0
F_suf_лтума,0.0
F_suf_тума,0.0
F_pre_құлтум,0.0
F_pre_құлту,0.0
L_сармұратұлы,0.0
L_pre_нұржұм,0.0
L_нұржұманқызы,0.0
L_pre_нұржұ,0.0
L_pre_сеңгі,0.0
F_suf_ұрын,0.0
L_pre_сең,0.0
F_pre_мұрын,0.0
L_сеңгірбекұлы,0.0
F_suf_мұрын,0.0
F_мұрын,0.0
F_pre_мұры,0.0
L_pre_сеңг,0.0
L_pre_сеңгір,0.0
F_pre_нұрым,0.0
L_шыршығұлұлы,0.0
L_pre_шырш,0.0
F_suf_ұрым,0.0
F_suf_нұрым,0.0
L_pre_шыр,0.0
L_pre_шыршығ,0.0
L_pre_шыршы,0.0
F_нұрым,0.0
F_pre_нұры,0.0
L_pre_құманқ,0.0
L_pre_құман,0.0
L_құманқызы,0.0
F_pre_қаша,0.0
F_pre_қашағ,0.0
L_күржіманұлы,0.0
F_pre_қашаға,0.0
L_pre_күрж,0.0
F_suf_шаған,0.0
F_pre_қаш,0.0
F_suf_ашаған,0.0
L_pre_күржі,0.0
F_қашаған,0.0
L_pre_күр,0.0
L_pre_күржім,0.0
F_suf_аған,0.0
L_pre_әнуарқ,0.0
L_pre_әнуа,0.0
L_әнуарқызы,0.0
L_pre_әну,0.0
L_pre_ән,0.0
L_pre_әнуар,0.0
L_suf_қанұлы,0.0
F_pre_әбубә,0.0
F_suf_убәкір,0.0
F_pre_әбубәк,0.0
L_pre_шоқанұ,0.0
F_әбубәкір,0.0
F_pre_әбу,0.0
F_pre_әбуб,0.0
L_шоқанұлы,0.0
L_pre_шәке,0.0
L_pre_шәкенқ,0.0
L_pre_шәк,0.0
L_шәкенқызы,0.0
L_pre_шәкен,0.0
F_suf_ақтан,0.0
F_suf_қтан,0.0
L_pre_керей,0.0
F_pre_ақта,0.0
L_suf_рейұлы,0.0
L_suf_ейұлы,0.0
F_ақтан,0.0
L_pre_керейұ,0.0
L_pre_кере,0.0
L_керейұлы,0.0
F_pre_ақтан,0.0
F_suf_алнияз,0.0
L_suf_пықұлы,0.0
L_pre_шопық,0.0
L_suf_құлы,0.0
F_pre_қални,0.0
F_pre_қалния,0.0
L_pre_шоп,0.0
L_pre_шопықұ,0.0
F_suf_лнияз,0.0
L_pre_шопы,0.0
F_қалнияз,0.0
L_suf_ықұлы,0.0
L_шопықұлы,0.0
F_pre_қалн,0.0
L_естайұлы,0.0
L_pre_естай,0.0
L_pre_естайұ,0.0
L_pre_еста,0.0
F_арыстанғали,0.0
L_pre_ест,0.0
L_pre_мәжитқ,0.0
L_pre_мәж,0.0
L_мәжитқызы,0.0
L_pre_мәжи,0.0
L_pre_мәжит,0.0
F_pre_шерния,0.0
L_жауғасұлы,0.0
L_suf_асұлы,0.0
F_шернияз,0.0
F_suf_ернияз,0.0
L_pre_жау,0.0
L_suf_ғасұлы,0.0
L_pre_жауға,0.0
F_pre_шерни,0.0
F_suf_рнияз,0.0
L_pre_жауғ,0.0
L_pre_жауғас,0.0
F_pre_шерн,0.0
L_шәріпқызы,0.0
L_pre_шәріпқ,0.0
L_pre_шөрекұ,0.0
F_pre_ығ,0.0
F_pre_ығылма,0.0
F_pre_ығы,0.0
F_pre_ығылм,0.0
L_suf_рекұлы,0.0
L_шөрекұлы,0.0
L_pre_шөре,0.0
F_suf_ғылман,0.0
F_suf_ылман,0.0
F_ығылман,0.0
L_pre_шөр,0.0
F_pre_ығыл,0.0
L_pre_шөрек,0.0
F_suf_дыкей,0.0
F_pre_жолдык,0.0
L_нұрлыбайұлы,0.0
F_pre_жол,0.0
F_pre_жолды,0.0
F_suf_лдыкей,0.0
F_pre_жолд,0.0
F_жолдыкей,0.0
L_pre_рашидқ,0.0
L_pre_раши,0.0
L_рашидқызы,0.0
L_suf_идқызы,0.0
L_pre_рашид,0.0
L_pre_раш,0.0
F_pre_сүгі,0.0
F_pre_сүг,0.0
F_suf_үгір,0.0
L_suf_лиұлы,0.0
L_pre_әлиұ,0.0
L_pre_әлиұлы,0.0
L_әлиұлы,0.0
F_сүгір,0.0
L_pre_әлиұл,0.0
F_suf_сүгір,0.0
F_pre_сүгір,0.0
L_suf_әлиұлы,0.0
L_қалдыбайқызы,0.0
L_pre_бегеж,0.0
L_бегежанұлы,0.0
L_pre_бегежа,0.0
F_suf_нжүсіп,0.0
L_pre_құтп,0.0
F_иманжүсіп,0.0
L_pre_құт,0.0
F_suf_сіп,0.0
L_pre_құтпа,0.0
F_pre_иманж,0.0
L_құтпанұлы,0.0
F_pre_иманжү,0.0
L_pre_құтпан,0.0
L_suf_панұлы,0.0
F_suf_үсіп,0.0
F_suf_жүсіп,0.0
F_pre_кенжеқ,0.0
F_pre_кенже,0.0
F_suf_жеқожа,0.0
F_кенжеқожа,0.0
L_жұмабекұлы,0.0
F_pre_кенж,0.0
F_suf_еқожа,0.0
L_байзақов,0.0
L_pre_байзақ,0.0
L_suf_йзақов,0.0
L_suf_зақов,0.0
L_pre_дәм,0.0
L_дәмірқызы,0.0
L_pre_дәмі,0.0
L_pre_дәмір,0.0
L_pre_дәмірқ,0.0
F_pre_кәріб,0.0
F_suf_әрібай,0.0
F_pre_кәріба,0.0
F_кәрібай,0.0
L_таңатарұлы,0.0
F_suf_рібай,0.0
L_құдайбердіұлы,0.0
L_suf_діұлы,0.0
L_suf_рдіұлы,0.0
L_suf_ғыров,0.0
L_suf_йғыров,0.0
L_pre_тора,0.0
F_suf_ахмұт,0.0
L_pre_торай,0.0
F_сұлтанмахмұт,0.0
L_pre_тор,0.0
F_suf_мұт,0.0
L_торайғыров,0.0
L_pre_торайғ,0.0
F_suf_хмұт,0.0
F_suf_махмұт,0.0
F_pre_спан,0.0
L_pre_көбее,0.0
L_pre_көбеев,0.0
L_көбеев,0.0
L_suf_беев,0.0
F_pre_спанд,0.0
L_suf_көбеев,0.0
L_suf_өбеев,0.0
F_pre_спанди,0.0
L_pre_көбе,0.0
F_спандияр,0.0
L_pre_көб,0.0
L_pre_әшеке,0.0
L_suf_шекеев,0.0
L_әшекеев,0.0
L_pre_әшекее,0.0
L_pre_әше,0.0
L_pre_әшек,0.0
F_pre_мұхаме,0.0
F_мұхамеджан,0.0
L_pre_серал,0.0
L_pre_сера,0.0
L_сералин,0.0
L_suf_ералин,0.0
L_suf_ралин,0.0
L_pre_серали,0.0
L_жомартбаев,0.0
L_suf_ртбаев,0.0
L_pre_нарт,0.0
L_pre_нартай,0.0
L_нартайқызы,0.0
L_pre_нарта,0.0
L_абылайұлы,0.0
F_suf_балақ,0.0
L_pre_абылай,0.0
F_suf_алақ,0.0
F_pre_саба,0.0
F_pre_сабал,0.0
F_suf_абалақ,0.0
L_suf_лайұлы,0.0
F_сабалақ,0.0
F_pre_сабала,0.0
F_suf_лақ,0.0
L_pre_динақы,0.0
L_suf_нақызы,0.0
L_pre_динақ,0.0
L_pre_дина,0.0
L_динақызы,0.0
L_pre_дин,0.0
L_ақшаұлы,0.0
L_suf_шаұлы,0.0
F_pre_бөг,0.0
F_pre_бөгенб,0.0
L_pre_ақш,0.0
F_pre_бөге,0.0
F_pre_бө,0.0
L_suf_қшаұлы,0.0
L_pre_ақшаұ,0.0
F_suf_генбай,0.0
F_бөгенбай,0.0
L_pre_ақшаұл,0.0
F_pre_бөген,0.0
L_pre_ақша,0.0
F_suf_енбай,0.0
L_әміреқызы,0.0
L_pre_әміре,0.0
L_pre_әміреқ,0.0
F_suf_банбай,0.0
F_pre_қаба,0.0
F_pre_қабанб,0.0
F_қабанбай,0.0
F_pre_қаб,0.0
F_pre_қабан,0.0
L_құттымбетұлы,0.0
F_pre_наур,0.0
F_pre_нау,0.0
F_pre_наурыз,0.0
L_pre_құттым,0.0
F_наурызбай,0.0
L_pre_құтт,0.0
F_pre_науры,0.0
F_suf_ызбай,0.0
L_pre_құтты,0.0
F_suf_рызбай,0.0
L_тәттімбетқызы,0.0
L_pre_тәт,0.0
L_pre_тәтт,0.0
L_pre_тәтті,0.0
L_pre_тәттім,0.0
L_pre_түкеұл,0.0
L_түкеұлы,0.0
L_suf_үкеұлы,0.0
L_pre_түке,0.0
L_pre_түк,0.0
L_pre_түкеұ,0.0
L_дәулеткерейқызы,0.0
L_suf_өкіұлы,0.0
L_suf_кіұлы,0.0
L_pre_көкіұл,0.0
F_есет,0.0
L_көкіұлы,0.0
L_pre_көкі,0.0
F_pre_есет,0.0
L_pre_көкіұ,0.0
F_suf_есет,0.0
L_suf_қарұлы,0.0
L_қошқарұлы,0.0
L_pre_бір,0.0
L_pre_біржа,0.0
L_біржанқызы,0.0
L_pre_бірж,0.0
L_pre_біржан,0.0
L_pre_бі,0.0
F_pre_жанқ,0.0
F_pre_жанқо,0.0
F_pre_жанқож,0.0
L_нұрмұхаммедұлы,0.0
L_suf_едұлы,0.0
L_suf_медұлы,0.0
L_suf_дұлы,0.0
F_жанқожа,0.0
L_pre_тайма,0.0
L_pre_тайман,0.0
L_pre_тайм,0.0
L_тайманұлы,0.0
L_pre_үкіліқ,0.0
L_pre_үк,0.0
L_pre_үкі,0.0
L_pre_үкілі,0.0
L_үкіліқызы,0.0
L_pre_үкіл,0.0
L_pre_датұ,0.0
L_pre_датұл,0.0
L_pre_дат,0.0
L_suf_датұлы,0.0
L_pre_датұлы,0.0
L_датұлы,0.0
L_pre_балуан,0.0
L_балуанқызы,0.0
L_pre_балуа,0.0
L_suf_сымұлы,0.0
L_қасымұлы,0.0
L_suf_ымұлы,0.0
L_pre_қасымұ,0.0
L_pre_естайқ,0.0
L_естайқызы,0.0
F_ағыбай,0.0
L_pre_қоңы,0.0
L_қоңырбайұлы,0.0
L_pre_қоңыр,0.0
F_pre_ағыб,0.0
F_suf_ғыбай,0.0
F_pre_ағыбай,0.0
F_pre_ағы,0.0
F_suf_ағыбай,0.0
L_pre_қоңырб,0.0
F_pre_ағ,0.0
F_pre_ағыба,0.0
L_кененқызы,0.0
L_pre_кенен,0.0
L_pre_кененқ,0.0
L_тілекеұлы,0.0
L_pre_тілек,0.0
F_suf_сейіт,0.0
F_pre_байсе,0.0
F_pre_байсей,0.0
F_байсейіт,0.0
F_suf_йіт,0.0
F_suf_ейіт,0.0
L_pre_тілеке,0.0
F_suf_йсейіт,0.0
L_pre_ғар,0.0
L_ғарифоллақызы,0.0
L_pre_ғариф,0.0
L_pre_ғарифо,0.0
L_pre_ғари,0.0
L_pre_жүсіпұ,0.0
L_suf_сіпұлы,0.0
L_suf_іпұлы,0.0
F_иман,0.0
L_жүсіпұлы,0.0
L_жүсіпбекқызы,0.0
L_pre_жүсіпб,0.0
F_pre_саурық,0.0
F_suf_урық,0.0
F_suf_рық,0.0
F_pre_сау,0.0
F_саурық,0.0
F_pre_сауры,0.0
L_құрманұлы,0.0
F_suf_саурық,0.0
F_pre_саур,0.0
F_suf_аурық,0.0
L_pre_мәмбе,0.0
F_pre_байза,0.0
F_байзақ,0.0
L_pre_мәмбет,0.0
F_suf_айзақ,0.0
F_suf_йзақ,0.0
F_pre_байз,0.0
F_suf_байзақ,0.0
L_мәмбетұлы,0.0
F_pre_байзақ,0.0
L_pre_мәмб,0.0
L_pre_ришатқ,0.0
L_pre_риша,0.0
L_pre_риш,0.0
L_pre_ришат,0.0
L_ришатқызы,0.0
F_pre_тез,0.0
F_suf_зек,0.0
F_тезек,0.0
F_suf_тезек,0.0
F_pre_тезек,0.0
L_pre_абылұ,0.0
L_абылұлы,0.0
F_suf_езек,0.0
L_pre_абылұл,0.0
F_pre_тезе,0.0
L_мүсілімқызы,0.0
L_pre_еді,0.0
F_suf_шоң,0.0
F_suf_оң,0.0
F_шоң,0.0
F_pre_шоң,0.0
L_suf_ігеұлы,0.0
L_pre_ед,0.0
L_suf_геұлы,0.0
L_pre_едігеұ,0.0
L_pre_едіге,0.0
L_едігеұлы,0.0
L_pre_едіг,0.0
L_pre_байғал,0.0
L_байғалиқызы,0.0
F_suf_төле,0.0
F_төле,0.0
L_әлібекұлы,0.0
F_suf_өле,0.0
L_қаукенқызы,0.0
L_pre_қау,0.0
L_pre_қауке,0.0
L_pre_қаукен,0.0
L_pre_қаук,0.0
L_pre_келді,0.0
L_келдібекұлы,0.0
L_pre_келдіб,0.0
L_pre_кел,0.0
L_pre_келд,0.0
L_розақызы,0.0
L_suf_зақызы,0.0
L_pre_розақ,0.0
L_pre_розақы,0.0
L_байбекұлы,0.0
L_pre_сұлух,0.0
L_pre_сұлу,0.0
L_сұлуханқызы,0.0
L_pre_сұлуха,0.0
L_suf_ғаұлы,0.0
L_pre_супұр,0.0
F_pre_сыпыр,0.0
F_suf_сыпыра,0.0
F_pre_сыпы,0.0
L_pre_супұрғ,0.0
F_pre_сып,0.0
L_супұрғаұлы,0.0
F_pre_сыпыра,0.0
L_pre_суп,0.0
L_suf_рғаұлы,0.0
F_suf_ыпыра,0.0
L_pre_супұ,0.0
F_сыпыра,0.0
F_suf_пыра,0.0
L_латифқызы,0.0
L_suf_ифқызы,0.0
L_pre_латифқ,0.0
L_pre_лати,0.0
L_pre_латиф,0.0
L_pre_лат,0.0
L_suf_фқызы,0.0
F_suf_етбұға,0.0
F_pre_кетбұ,0.0
L_pre_домба,0.0
F_suf_тбұға,0.0
F_кетбұға,0.0
F_pre_кетб,0.0
L_pre_домб,0.0
L_pre_домбай,0.0
F_pre_кетбұғ,0.0
L_pre_дом,0.0
L_домбайұлы,0.0
F_suf_бұға,0.0
F_suf_ұға,0.0
L_pre_евге,0.0
L_pre_евгени,0.0
L_pre_евген,0.0
L_евгенийқызы,0.0
L_pre_евг,0.0
F_suf_одан,0.0
L_pre_ұлы,0.0
F_pre_қод,0.0
L_pre_ұлысұ,0.0
L_pre_ұлысұл,0.0
L_pre_ұл,0.0
F_suf_қодан,0.0
L_suf_лысұлы,0.0
F_қодан,0.0
L_pre_ұлыс,0.0
L_ұлысұлы,0.0
F_pre_қода,0.0
L_suf_ысұлы,0.0
F_pre_қодан,0.0
L_pre_мерк,0.0
F_майқы,0.0
F_pre_майқ,0.0
L_pre_меркі,0.0
L_suf_ркіұлы,0.0
F_pre_майқы,0.0
F_suf_йқы,0.0
F_suf_айқы,0.0
L_pre_меркіұ,0.0
F_suf_майқы,0.0
L_меркіұлы,0.0
L_pre_кі,0.0
L_pre_кішік,0.0
L_suf_шікұлы,0.0
F_suf_әнет,0.0
F_pre_әнет,0.0
L_pre_кіші,0.0
L_pre_кішікұ,0.0
F_әнет,0.0
F_suf_нет,0.0
F_pre_әне,0.0
L_кішікұлы,0.0
L_pre_кіш,0.0
L_сыдыққызы,0.0
L_pre_сыдыққ,0.0
L_pre_сыдық,0.0
F_байдібек,0.0
F_suf_йдібек,0.0
F_pre_байд,0.0
F_pre_байді,0.0
F_pre_байдіб,0.0
L_pre_қара,0.0
L_pre_қараш,0.0
L_қарашаұлы,0.0
L_suf_ашаұлы,0.0
L_pre_қараша,0.0
L_еркеғалиқызы,0.0
L_pre_еркеға,0.0
L_pre_еркеғ,0.0
F_pre_мөңке,0.0
F_suf_ңке,0.0
F_suf_өңке,0.0
F_pre_мөң,0.0
F_pre_мөңк,0.0
F_мөңке,0.0
F_suf_мөңке,0.0
L_pre_ғазиза,0.0
L_pre_ғаз,0.0
L_pre_ғазиз,0.0
L_pre_ғази,0.0
L_ғазизақызы,0.0
F_pre_домал,0.0
F_suf_омалақ,0.0
L_мақтымқызы,0.0
L_pre_мақты,0.0
F_pre_домала,0.0
F_домалақ,0.0
F_pre_дома,0.0
L_pre_мақтым,0.0
L_pre_мақт,0.0
F_suf_малақ,0.0
F_suf_шойбек,0.0
L_балғабайұлы,0.0
F_pre_шойб,0.0
F_pre_шойбек,0.0
F_pre_шойбе,0.0
L_pre_балға,0.0
F_шойбек,0.0
L_pre_балғаб,0.0
L_pre_балғ,0.0
F_pre_шой,0.0
L_pre_құтлы,0.0
L_pre_құтлық,0.0
L_құтлыққабаұлы,0.0
L_suf_баұлы,0.0
L_pre_құтл,0.0
L_suf_абаұлы,0.0
L_pre_орақұл,0.0
L_pre_орақұ,0.0
L_орақұлы,0.0
L_suf_рақұлы,0.0
F_suf_ұса,0.0
F_pre_мұса,0.0
L_pre_орақ,0.0
F_suf_мұса,0.0
L_suf_ақұлы,0.0
F_мұса,0.0
L_suf_шіқызы,0.0
L_шәмшіқызы,0.0
L_pre_шәм,0.0
L_pre_шәмшіқ,0.0
L_pre_шәмші,0.0
L_pre_шәмш,0.0
L_pre_әшімұ,0.0
L_suf_шімұлы,0.0
L_pre_әшімұл,0.0
L_әшімұлы,0.0
F_pre_аллабе,0.0
F_pre_аллаб,0.0
F_аллаберген,0.0
L_pre_тілесқ,0.0
L_тілесқызы,0.0
L_pre_тілес,0.0
L_тұрсынұлы,0.0
L_pre_нұрсип,0.0
L_нұрсипатқызы,0.0
L_pre_нұрси,0.0
L_жақсыбеков,0.0
L_мансұрқызы,0.0
L_pre_манс,0.0
L_pre_мансұ,0.0
L_pre_мансұр,0.0
L_жолжақсынұлы,0.0
L_pre_балнұ,0.0
L_pre_балн,0.0
L_балнұрқызы,0.0
L_pre_балнұр,0.0
F_pre_құда,0.0
F_pre_құд,0.0
L_сұлтанбаев,0.0
F_pre_құдайб,0.0
F_pre_құдай,0.0
F_құдайберген,0.0
F_suf_нұртай,0.0
L_есмағамбетов,0.0
F_pre_нұртай,0.0
F_suf_ұртай,0.0
L_pre_есмағ,0.0
L_pre_есмаға,0.0
F_нұртай,0.0
L_әл-фарабиқызы,0.0
L_suf_биқызы,0.0
L_pre_кәрімб,0.0
L_кәрімбаев,0.0
L_suf_бнқызы,0.0
L_pre_ибнқ,0.0
L_pre_ибнқыз,0.0
L_pre_ибн,0.0
L_ибнқызы,0.0
L_pre_ибнқы,0.0
L_suf_миқызы,0.0
L_әл-хорезмиқызы,0.0
L_pre_әл-х,0.0
L_pre_әл-хо,0.0
L_pre_әл-хор,0.0
L_pre_мейірб,0.0
L_мейірбеков,0.0
L_pre_әл-б,0.0
L_әл-бируниқызы,0.0
L_pre_әл-би,0.0
L_pre_әл-бир,0.0
L_suf_кібаев,0.0
L_жәкібаев,0.0
L_pre_жәкіб,0.0
L_pre_жәкіба,0.0
L_pre_жәкі,0.0
L_pre_жәк,0.0
F_кәукен,0.0
F_pre_кәук,0.0
F_pre_кәуке,0.0
F_suf_әукен,0.0
F_pre_кәукен,0.0
F_suf_кәукен,0.0
L_pre_руда,0.0
L_pre_рудаки,0.0
L_pre_рудак,0.0
L_suf_киқызы,0.0
L_pre_руд,0.0
L_рудакиқызы,0.0
L_suf_құлұлы,0.0
L_жаманқұлұлы,0.0
L_pre_фирдо,0.0
L_pre_фирдоу,0.0
L_фирдоусиқызы,0.0
L_pre_фирд,0.0
L_pre_фир,0.0
L_suf_сиқызы,0.0
F_pre_шаймер,0.0
F_шаймерден,0.0
F_suf_мерден,0.0
F_pre_шайме,0.0
F_pre_шай,0.0
F_pre_шайм,0.0
L_pre_низ,0.0
L_pre_низам,0.0
L_pre_низами,0.0
L_pre_низа,0.0
L_низамиқызы,0.0
L_suf_кінұлы,0.0
L_байсеркінұлы,0.0
F_pre_мама,0.0
L_suf_інұлы,0.0
F_маман,0.0
L_pre_байсер,0.0
F_pre_маман,0.0
F_pre_мам,0.0
F_suf_маман,0.0
L_suf_диқызы,0.0
L_pre_сағди,0.0
L_pre_сағд,0.0
L_pre_сағдиқ,0.0
L_сағдиқызы,0.0
F_pre_қалибе,0.0
F_pre_қалиб,0.0
F_қалибек,0.0
L_қуанышбаев,0.0
L_pre_хафиз,0.0
L_pre_хафизқ,0.0
L_pre_хафи,0.0
L_pre_хаф,0.0
L_хафизқызы,0.0
F_серке,0.0
L_suf_мқұлов,0.0
F_pre_серке,0.0
L_pre_қожамқ,0.0
F_suf_серке,0.0
F_pre_серк,0.0
L_қожамқұлов,0.0
F_suf_лубай,0.0
F_suf_убай,0.0
L_өмірзақов,0.0
F_pre_елу,0.0
F_pre_елуба,0.0
F_pre_елубай,0.0
F_suf_елубай,0.0
F_елубай,0.0
F_pre_елуб,0.0
L_suf_рзақов,0.0
L_pre_бабы,0.0
L_pre_бабырқ,0.0
L_pre_баб,0.0
L_бабырқызы,0.0
L_pre_бабыр,0.0
L_жандарбеков,0.0
F_құрманбек,0.0
L_мұхаммедқызы,0.0
L_pre_мұхамм,0.0
L_pre_жантө,0.0
F_pre_нұрмұ,0.0
L_pre_жантөр,0.0
F_нұрмұхан,0.0
F_pre_нұрмұх,0.0
F_suf_мұхан,0.0
L_suf_өрин,0.0
L_suf_нтөрин,0.0
L_suf_төрин,0.0
F_pre_нұрм,0.0
L_pre_жант,0.0
F_suf_рмұхан,0.0
F_suf_ұхан,0.0
L_жантөрин,0.0
L_қадырғалиқызы,0.0
L_pre_қадырғ,0.0
F_suf_ырыс,0.0
F_pre_ыдырыс,0.0
L_pre_ноға,0.0
L_pre_ноғай,0.0
F_pre_ыд,0.0
F_suf_ыдырыс,0.0
L_pre_ноғайб,0.0
L_ноғайбаев,0.0
F_pre_ыдыр,0.0
L_pre_ноғ,0.0
F_ыдырыс,0.0
F_pre_ыды,0.0
F_suf_дырыс,0.0
F_pre_ыдыры,0.0
L_pre_өтейбо,0.0
L_өтейбойдаққызы,0.0
L_pre_өтейб,0.0
L_pre_өтей,0.0
F_pre_сәбира,0.0
L_pre_майқан,0.0
F_сәбира,0.0
F_pre_сәбир,0.0
F_suf_сәбира,0.0
L_майқанова,0.0
L_pre_майқ,0.0
F_suf_әбира,0.0
L_suf_қанова,0.0
L_pre_майқа,0.0
F_фарид,0.0
F_suf_арид,0.0
F_suf_рид,0.0
F_suf_фарид,0.0
L_pre_бөкеев,0.0
L_pre_бөкее,0.0
L_suf_өкеева,0.0
L_бөкеева,0.0
F_suf_тен,0.0
F_pre_бәйт,0.0
F_бәйтен,0.0
F_pre_бәй,0.0
F_suf_бәйтен,0.0
F_pre_бә,0.0
F_suf_әйтен,0.0
F_pre_бәйте,0.0
F_suf_йтен,0.0
F_pre_бәйтен,0.0
L_pre_қазтуғ,0.0
L_pre_қазту,0.0
L_pre_қазт,0.0
L_қазтуғанқызы,0.0
F_pre_бике,0.0
L_pre_римова,0.0
F_suf_икен,0.0
L_pre_римов,0.0
F_pre_бик,0.0
F_suf_бикен,0.0
F_бикен,0.0
F_pre_бикен,0.0
L_pre_римо,0.0
L_pre_рим,0.0
L_римова,0.0
L_өмірзақова,0.0
L_suf_зақова,0.0
L_pre_доспам,0.0
L_доспамбетқызы,0.0
F_suf_ксен,0.0
F_suf_жексен,0.0
L_pre_қайырл,0.0
F_жексен,0.0
F_suf_ексен,0.0
L_suf_ырлиев,0.0
L_suf_рлиев,0.0
L_қайырлиев,0.0
L_pre_шалк,0.0
L_pre_шалкиі,0.0
L_suf_ізқызы,0.0
L_pre_шалки,0.0
L_шалкиізқызы,0.0
F_pre_атай,0.0
L_pre_жолымб,0.0
L_pre_жолым,0.0
F_pre_атайб,0.0
L_pre_жолы,0.0
F_suf_тайбек,0.0
F_pre_атайбе,0.0
F_атайбек,0.0
L_жолымбетов,0.0
L_pre_жиемб,0.0
L_pre_жием,0.0
L_pre_жиембе,0.0
L_жиембетқызы,0.0
F_suf_шыға,0.0
F_қаршыға,0.0
F_suf_аршыға,0.0
L_pre_ахмеди,0.0
F_suf_ршыға,0.0
F_pre_қаршы,0.0
F_pre_қарш,0.0
L_ахмедияров,0.0
F_pre_қаршығ,0.0
L_марғасқақызы,0.0
L_pre_марғас,0.0
L_suf_қақызы,0.0
L_pre_марға,0.0
L_pre_марғ,0.0
F_suf_уия,0.0
F_suf_ауия,0.0
F_pre_мағауи,0.0
F_pre_мағау,0.0
F_suf_ағауия,0.0
F_мағауия,0.0
F_suf_ғауия,0.0
F_pre_маға,0.0
L_pre_бұқ,0.0
L_pre_бұқа,0.0
L_pre_бұ,0.0
L_pre_бұқарқ,0.0
L_бұқарқызы,0.0
L_pre_бұқар,0.0
F_pre_секен,0.0
L_pre_тұрыс,0.0
F_pre_сек,0.0
F_suf_екен,0.0
L_pre_тұры,0.0
F_suf_секен,0.0
L_pre_тұрысб,0.0
F_pre_секе,0.0
L_тұрысбеков,0.0
F_секен,0.0
L_pre_тәті,0.0
L_suf_рақызы,0.0
L_pre_тәтіқ,0.0
L_pre_тәтіқа,0.0
L_тәтіқарақызы,0.0
F_suf_берді,0.0
L_pre_шәмел,0.0
L_pre_шәме,0.0
L_шәмелов,0.0
F_suf_ерді,0.0
F_тұяқберді,0.0
L_suf_мелов,0.0
F_pre_тұя,0.0
F_pre_тұяқб,0.0
F_pre_тұяқбе,0.0
L_suf_әмелов,0.0
F_suf_қберді,0.0
F_pre_тұяқ,0.0
L_pre_шәмело,0.0
F_suf_рді,0.0
L_үмбетейқызы,0.0
L_pre_үмб,0.0
L_pre_үмбете,0.0
L_pre_үмбе,0.0
L_pre_үмбет,0.0
L_pre_үм,0.0
L_желдібаев,0.0
L_pre_жел,0.0
L_pre_желд,0.0
F_pre_әбдім,0.0
F_әбдімомын,0.0
L_suf_дібаев,0.0
F_pre_әбдімо,0.0
F_suf_мын,0.0
F_suf_імомын,0.0
L_pre_желді,0.0
F_suf_момын,0.0
L_pre_желдіб,0.0
F_suf_омын,0.0
L_pre_көте,0.0
L_pre_көт,0.0
L_көтешқызы,0.0
L_pre_көтеш,0.0
L_pre_көтешқ,0.0
F_pre_рысбай,0.0
L_ғабдиев,0.0
L_pre_ғабди,0.0
F_suf_рысбай,0.0
L_pre_ғабдие,0.0
L_pre_ғабд,0.0
F_рысбай,0.0
F_suf_ысбай,0.0
F_pre_рысба,0.0
L_шалқызы,0.0
L_pre_шалқы,0.0
L_pre_шалқыз,0.0
L_сүйінбайқызы,0.0
L_pre_сүйінб,0.0
L_pre_сыдықо,0.0
L_suf_ыдықов,0.0
L_сыдықов,0.0
L_pre_шөж,0.0
L_pre_шөжеқы,0.0
L_pre_шөже,0.0
L_suf_жеқызы,0.0
L_шөжеқызы,0.0
L_pre_шөжеқ,0.0
L_pre_сарақы,0.0
L_pre_сарақ,0.0
L_pre_сара,0.0
L_сарақызы,0.0
F_pre_ермұра,0.0
L_pre_үсенов,0.0
L_үсенов,0.0
F_suf_рмұрат,0.0
F_pre_ермұ,0.0
F_ермұрат,0.0
L_suf_үсенов,0.0
L_pre_үсено,0.0
F_pre_ермұр,0.0
L_suf_яуқызы,0.0
L_pre_жаяу,0.0
L_жаяуқызы,0.0
L_pre_жаяуқы,0.0
L_pre_жаяуқ,0.0
L_pre_жая,0.0
L_pre_қосб,0.0
L_pre_қосба,0.0
F_базархан,0.0
F_pre_базарх,0.0
L_pre_қос,0.0
L_қосбасаров,0.0
L_pre_қосбас,0.0
F_suf_зархан,0.0
L_құлтумақызы,0.0
L_pre_құлту,0.0
L_pre_құлтум,0.0
L_suf_мақызы,0.0
L_pre_құлт,0.0
F_suf_қали,0.0
F_suf_тқали,0.0
L_pre_жайы,0.0
L_pre_жайым,0.0
L_жайымов,0.0
L_pre_жайымо,0.0
F_pre_айтқ,0.0
F_айтқали,0.0
F_suf_йтқали,0.0
F_pre_айтқал,0.0
F_pre_айтқа,0.0
L_pre_мұры,0.0
L_pre_мұрын,0.0
L_мұрынқызы,0.0
L_pre_мұрынқ,0.0
L_pre_басыға,0.0
L_басығараев,0.0
L_suf_араев,0.0
L_suf_ғараев,0.0
L_pre_басы,0.0
L_pre_басығ,0.0
L_pre_нұры,0.0
L_нұрымқызы,0.0
L_pre_нұрым,0.0
L_pre_нұрымқ,0.0
F_pre_орынба,0.0
F_suf_рынбай,0.0
F_орынбай,0.0
F_pre_оры,0.0
F_suf_ынбай,0.0
F_pre_орынб,0.0
F_pre_орын,0.0
L_қашағанқызы,0.0
L_pre_қашағ,0.0
L_pre_қашаға,0.0
L_suf_уғазы,0.0
L_pre_әбуғ,0.0
L_pre_әбуғаз,0.0
L_pre_әбуға,0.0
L_suf_буғазы,0.0
L_әбуғазы,0.0
L_әбубәкірқызы,0.0
L_pre_әбубә,0.0
L_pre_әбуб,0.0
L_pre_әбубәк,0.0
L_есқожа,0.0
L_suf_сқожа,0.0
L_pre_есқожа,0.0
L_pre_есқож,0.0
L_pre_есқо,0.0
L_pre_есқ,0.0
L_suf_есқожа,0.0
L_pre_ақта,0.0
L_pre_ақт,0.0
L_pre_ақтанқ,0.0
L_pre_ақтан,0.0
L_ақтанқызы,0.0
L_suf_мәдиев,0.0
L_pre_мәдиев,0.0
L_мәдиев,0.0
L_suf_әдиев,0.0
L_pre_мәдие,0.0
L_қалниязқызы,0.0
L_pre_қалния,0.0
L_pre_қалн,0.0
L_suf_язқызы,0.0
L_pre_қални,0.0
L_арыстанғалиқызы,0.0
L_pre_шыбы,0.0
L_pre_шыбық,0.0
L_pre_шыбықб,0.0
L_pre_шыб,0.0
L_шыбықбаев,0.0
L_шерниязқызы,0.0
L_pre_шерни,0.0
L_pre_шер,0.0
L_pre_шерн,0.0
L_pre_ше,0.0
L_pre_шерния,0.0
L_pre_ығы,0.0
L_ығылманқызы,0.0
L_pre_ығыл,0.0
L_pre_ығылма,0.0
L_pre_ығ,0.0
L_pre_ығылм,0.0
L_pre_баймұх,0.0
L_баймұханов,0.0
L_suf_ұханов,0.0
L_жолдыкейқызы,0.0
L_pre_жолдык,0.0
L_тәжікенов,0.0
L_pre_тәжі,0.0
L_pre_тәжік,0.0
L_pre_тәжіке,0.0
L_suf_ікенов,0.0
L_pre_тәж,0.0
L_сүгірқызы,0.0
L_pre_сүгірқ,0.0
F_pre_ербола,0.0
L_мұстафаев,0.0
F_ерболат,0.0
L_алей,0.0
L_pre_алей,0.0
L_suf_алей,0.0
L_pre_иманжү,0.0
L_иманжүсіпқызы,0.0
L_pre_иманж,0.0
L_suf_жақызы,0.0
L_pre_кенжеқ,0.0
L_кенжеқожақызы,0.0
L_pre_байсағ,0.0
L_pre_байса,0.0
L_байсағатов,0.0
L_pre_медие,0.0
L_suf_медиев,0.0
L_suf_едиев,0.0
L_медиев,0.0
L_pre_меди,0.0
L_pre_медиев,0.0
L_pre_кәріб,0.0
L_кәрібайқызы,0.0
L_pre_кәріба,0.0
L_pre_шәкә,0.0
L_шәкәрімқызы,0.0
L_pre_шәкәрі,0.0
L_pre_шәкәр,0.0
L_pre_шот,0.0
L_pre_шотан,0.0
F_pre_елж,0.0
F_suf_елжан,0.0
L_pre_шота,0.0
L_suf_отанов,0.0
F_pre_елжан,0.0
L_pre_шотано,0.0
F_pre_елжа,0.0
F_елжан,0.0
L_шотанов,0.0
L_сұлтанмахмұтқызы,0.0
L_pre_ғабба,0.0
L_pre_ғабб,0.0
L_ғаббасов,0.0
L_pre_ғаббас,0.0
L_pre_спан,0.0
L_pre_спанд,0.0
L_pre_спанди,0.0
L_pre_сп,0.0
L_спандиярқызы,0.0
L_pre_спа,0.0
F_suf_ұрбол,0.0
L_балапанов,0.0
F_suf_нұрбол,0.0
L_pre_балапа,0.0
L_pre_балап,0.0
F_нұрбол,0.0
L_іңкәрбеков,0.0
L_pre_іңкә,0.0
L_pre_іңк,0.0
L_pre_іңкәр,0.0
L_pre_ің,0.0
L_pre_іңкәрб,0.0
L_мұхамеджанқызы,0.0
L_pre_тайырқ,0.0
L_pre_тайы,0.0
L_тайырқызы,0.0
L_pre_тайыр,0.0
L_pre_адамжа,0.0
L_suf_амжан,0.0
L_suf_дамжан,0.0
L_pre_адамж,0.0
L_адамжан,0.0
L_pre_сабала,0.0
L_сабалаққызы,0.0
L_pre_саба,0.0
L_pre_сабал,0.0
F_pre_нұрғал,0.0
L_нүсіпжанов,0.0
L_pre_нүс,0.0
F_pre_нұрға,0.0
L_pre_нүсіпж,0.0
L_pre_нүсі,0.0
F_нұрғали,0.0
L_pre_нүсіп,0.0
L_pre_нү,0.0
L_suf_пжанов,0.0
F_suf_ұрғали,0.0
L_pre_бөген,0.0
L_pre_бөгенб,0.0
L_pre_бөге,0.0
L_pre_бөг,0.0
L_бөгенбайқызы,0.0
L_pre_қабанб,0.0
L_қабанбайқызы,0.0
L_pre_қаба,0.0
L_pre_қабан,0.0
L_pre_қаб,0.0
L_pre_төленб,0.0
L_төленбаева,0.0
L_pre_төлен,0.0
F_suf_келді,0.0
F_жақсыкелді,0.0
L_suf_йілов,0.0
L_сейілов,0.0
L_suf_ейілов,0.0
L_pre_сейіл,0.0
F_suf_ыкелді,0.0
L_pre_сейіло,0.0
F_pre_жақсык,0.0
L_наурызбайқызы,0.0
L_pre_жанп,0.0
L_жанпейісова,0.0
L_pre_жанпей,0.0
L_pre_жанпе,0.0
F_сәулежан,0.0
L_suf_ия,0.0
L_suf_зия,0.0
L_pre_тағз,0.0
F_suf_лежан,0.0
L_тағзия,0.0
L_suf_ағзия,0.0
L_pre_тағзия,0.0
F_pre_сәулеж,0.0
F_suf_улежан,0.0
L_pre_тағзи,0.0
L_pre_тағ,0.0
L_suf_ғзия,0.0
L_suf_тағзия,0.0
F_pre_елмұр,0.0
F_suf_елмұра,0.0
F_елмұра,0.0
F_suf_лмұра,0.0
L_жаңаберген,0.0
F_pre_елм,0.0
F_suf_мұра,0.0
F_pre_елмұ,0.0
F_suf_ұра,0.0
L_pre_жаңабе,0.0
F_pre_елмұра,0.0
L_pre_әуел,0.0
L_pre_әуелбе,0.0
L_pre_әуе,0.0
L_әуелбеков,0.0
L_pre_әуелб,0.0
F_pre_ақыл,0.0
F_suf_қылбек,0.0
L_pre_жемен,0.0
F_pre_ақылб,0.0
L_pre_жемене,0.0
F_ақылбек,0.0
F_pre_ақы,0.0
F_pre_ақылбе,0.0
L_жеменей,0.0
L_pre_жеме,0.0
L_suf_ней,0.0
L_suf_еней,0.0
L_suf_еменей,0.0
L_suf_меней,0.0
L_pre_есетқы,0.0
L_есетқызы,0.0
L_pre_есетқ,0.0
L_әлімханов,0.0
L_suf_мханов,0.0
L_pre_әлімх,0.0
L_pre_әлімха,0.0
L_suf_езов,0.0
L_suf_уезов,0.0
L_pre_әуезов,0.0
L_suf_әуезов,0.0
L_pre_әуез,0.0
L_pre_әуезо,0.0
L_әуезов,0.0
L_pre_жанқож,0.0
L_pre_жанқ,0.0
L_pre_жанқо,0.0
L_жанқожақызы,0.0
L_suf_қанов,0.0
L_suf_ұқанов,0.0
L_pre_мұқано,0.0
L_мұқанов,0.0
L_исатайқызы,0.0
L_мүсірепов,0.0
L_pre_мүсіре,0.0
L_pre_мүсір,0.0
L_suf_ірепов,0.0
L_сырымқызы,0.0
L_pre_сыры,0.0
L_pre_сырым,0.0
L_pre_сырымқ,0.0
L_ахтанов,0.0
F_suf_хауи,0.0
L_pre_ахтан,0.0
F_pre_тахауи,0.0
F_pre_таха,0.0
F_suf_тахауи,0.0
L_pre_ахт,0.0
F_suf_ахауи,0.0
F_тахауи,0.0
F_suf_ауи,0.0
F_suf_уи,0.0
L_pre_ахта,0.0
L_suf_хтанов,0.0
F_pre_тахау,0.0
L_pre_ахтано,0.0
L_suf_рықызы,0.0
L_pre_кенеса,0.0
L_кенесарықызы,0.0
F_әбдіжәміл,0.0
F_suf_міл,0.0
F_suf_жәміл,0.0
F_suf_әміл,0.0
F_pre_әбдіжә,0.0
F_suf_іжәміл,0.0
L_pre_ағы,0.0
L_pre_ағыбай,0.0
L_pre_ағ,0.0
L_pre_ағыба,0.0
L_ағыбайқызы,0.0
L_pre_ағыб,0.0
L_suf_ртаза,0.0
F_suf_ерхан,0.0
L_suf_ұртаза,0.0
F_pre_шерх,0.0
L_suf_за,0.0
L_pre_мұртаз,0.0
F_pre_шерхан,0.0
F_pre_шерха,0.0
L_мұртаза,0.0
F_шерхан,0.0
F_suf_шерхан,0.0
L_suf_аза,0.0
L_pre_мұрта,0.0
L_pre_мұрт,0.0
L_suf_таза,0.0
L_pre_байсей,0.0
L_байсейітқызы,0.0
F_pre_орал,0.0
F_pre_оралха,0.0
L_suf_өкей,0.0
L_suf_бөкей,0.0
F_suf_ралхан,0.0
F_pre_оралх,0.0
L_suf_кей,0.0
L_бөкей,0.0
F_оралхан,0.0
L_pre_иманқ,0.0
L_pre_иманқы,0.0
L_иманқызы,0.0
F_тынымбай,0.0
F_suf_нымбай,0.0
F_suf_ымбай,0.0
F_pre_тыным,0.0
F_suf_мбай,0.0
F_pre_тынымб,0.0
L_pre_саурық,0.0
L_pre_сауры,0.0
L_саурыққызы,0.0
L_pre_сау,0.0
L_pre_саур,0.0
L_pre_кекі,0.0
L_pre_кекіл,0.0
L_pre_кек,0.0
F_pre_әбіш,0.0
L_pre_кекілб,0.0
L_suf_ілбаев,0.0
F_suf_әбіш,0.0
F_әбіш,0.0
L_кекілбаев,0.0
L_байзаққызы,0.0
L_pre_тезе,0.0
L_pre_тезекқ,0.0
L_pre_тез,0.0
L_pre_тезек,0.0
L_тезекқызы,0.0
L_suf_ағауин,0.0
L_мағауин,0.0
L_pre_мағау,0.0
L_suf_ғауин,0.0
L_pre_маға,0.0
L_pre_мағауи,0.0
L_suf_уин,0.0
L_suf_ауин,0.0
L_pre_шоңқ,0.0
L_pre_шоңқыз,0.0
L_шоңқызы,0.0
L_pre_шоңқы,0.0
L_suf_ңқызы,0.0
L_pre_шоң,0.0
L_suf_оңқызы,0.0
L_pre_төлеқ,0.0
L_pre_төлеқы,0.0
L_suf_леқызы,0.0
L_төлеқызы,0.0
F_suf_елеу,0.0
F_ақселеу,0.0
L_pre_сейді,0.0
L_сейдімбек,0.0
F_pre_ақселе,0.0
F_pre_ақсел,0.0
L_suf_дімбек,0.0
F_pre_ақсе,0.0
L_pre_сейдім,0.0
F_suf_селеу,0.0
F_suf_қселеу,0.0
L_suf_імбек,0.0
L_pre_қазы,0.0
L_қазыбекқызы,0.0
L_pre_қазыбе,0.0
L_pre_қазыб,0.0
F_suf_бдеш,0.0
F_pre_қабде,0.0
F_suf_абдеш,0.0
F_pre_қабд,0.0
F_suf_қабдеш,0.0
F_suf_деш,0.0
F_қабдеш,0.0
F_pre_қабдеш,0.0
L_әйтекеқызы,0.0
L_pre_әй,0.0
L_pre_әйте,0.0
L_pre_әйтек,0.0
L_pre_әйт,0.0
L_pre_әйтеке,0.0
F_suf_смағұл,0.0
F_pre_смағұл,0.0
F_suf_ағұл,0.0
F_pre_смағұ,0.0
F_pre_смағ,0.0
F_pre_сма,0.0
F_pre_см,0.0
F_suf_мағұл,0.0
F_смағұл,0.0
F_suf_ұл,0.0
F_suf_ғұл,0.0
L_pre_сып,0.0
L_pre_сыпы,0.0
L_pre_сыпыр,0.0
L_pre_сыпыра,0.0
L_сыпырақызы,0.0
L_әбдіков,0.0
F_төлен,0.0
F_suf_төлен,0.0
F_suf_өлен,0.0
F_pre_төлен,0.0
L_pre_әбдіко,0.0
L_suf_діков,0.0
L_suf_бдіков,0.0
L_кетбұғақызы,0.0
L_suf_ғақызы,0.0
L_pre_кет,0.0
L_pre_кетбұғ,0.0
L_pre_кетб,0.0
L_pre_кетбұ,0.0
F_герольд,0.0
L_suf_ельгер,0.0
F_pre_героль,0.0
L_suf_гер,0.0
L_suf_льгер,0.0
F_suf_ольд,0.0
L_pre_бель,0.0
F_suf_ерольд,0.0
F_suf_льд,0.0
L_pre_бельге,0.0
F_pre_геро,0.0
L_suf_ьгер,0.0
F_pre_герол,0.0
L_pre_бельг,0.0
L_бельгер,0.0
F_suf_ьд,0.0
F_suf_рольд,0.0
L_pre_қоданқ,0.0
L_pre_қод,0.0
L_pre_қодан,0.0
L_pre_қода,0.0
L_қоданқызы,0.0
F_pre_мори,0.0
F_pre_морис,0.0
F_pre_мор,0.0
L_suf_имашко,0.0
L_симашко,0.0
L_pre_симашк,0.0
F_suf_морис,0.0
L_pre_симаш,0.0
F_морис,0.0
L_suf_шко,0.0
L_suf_машко,0.0
L_pre_сима,0.0
L_suf_ашко,0.0
L_майқықызы,0.0
L_pre_майқық,0.0
L_pre_майқы,0.0
L_suf_қықызы,0.0
L_сматев,0.0
L_pre_сматев,0.0
L_suf_сматев,0.0
F_suf_офы,0.0
F_pre_софы,0.0
F_софы,0.0
L_suf_матев,0.0
F_suf_софы,0.0
L_suf_атев,0.0
L_pre_смате,0.0
L_suf_тев,0.0
L_pre_смат,0.0
F_suf_фы,0.0
L_pre_әнетқы,0.0
L_pre_әнетқ,0.0
L_әнетқызы,0.0
L_pre_әнет,0.0
L_pre_әне,0.0
F_pre_баққ,0.0
F_pre_баққож,0.0
L_suf_ұқай,0.0
L_мұқай,0.0
L_suf_мұқай,0.0
L_pre_мұқай,0.0
F_баққожа,0.0
F_suf_аққожа,0.0
F_suf_ққожа,0.0
F_pre_баққо,0.0
L_байдібекқызы,0.0
L_pre_байдіб,0.0
L_pre_байді,0.0
L_pre_мөң,0.0
L_pre_мөңке,0.0
L_мөңкеқызы,0.0
L_pre_мө,0.0
L_pre_мөңкеқ,0.0
L_pre_мөңк,0.0
F_тыныштықбек,0.0
L_suf_кімов,0.0
F_suf_тықбек,0.0
F_suf_қбек,0.0
F_suf_ықбек,0.0
L_әбдікәкімов,0.0
L_suf_әкімов,0.0
L_домалаққызы,0.0
L_pre_домала,0.0
L_pre_домал,0.0
L_pre_дома,0.0
L_suf_кев,0.0
L_нұржеккев,0.0
L_suf_ккев,0.0
L_pre_нұржек,0.0
L_pre_нұрже,0.0
L_suf_еккев,0.0
L_suf_жеккев,0.0
L_шойбекқызы,0.0
L_pre_шойбек,0.0
L_pre_шойб,0.0
L_pre_шойбе,0.0
L_pre_шой,0.0
L_suf_рази,0.0
L_suf_ази,0.0
L_pre_тараз,0.0
L_suf_зи,0.0
L_suf_арази,0.0
L_pre_тарази,0.0
L_тарази,0.0
L_suf_тарази,0.0
L_pre_едігеқ,0.0
L_suf_геқызы,0.0
L_едігеқызы,0.0
L_pre_айтұл,0.0
L_pre_айтұлы,0.0
F_pre_несіп,0.0
L_suf_айтұлы,0.0
L_pre_айтұ,0.0
F_несіпбек,0.0
F_pre_нес,0.0
F_pre_несі,0.0
F_pre_несіпб,0.0
L_suf_йтұлы,0.0
L_айтұлы,0.0
L_pre_қорғас,0.0
L_suf_ғасбек,0.0
L_қорғасбек,0.0
L_асанәліқызы,0.0
L_pre_асанәл,0.0
L_pre_асанә,0.0
F_pre_есенғ,0.0
L_раушанов,0.0
L_suf_ушанов,0.0
L_pre_раушан,0.0
L_pre_рау,0.0
F_pre_есенға,0.0
F_suf_енғали,0.0
L_pre_рауш,0.0
F_есенғали,0.0
L_pre_рауша,0.0
L_pre_алла,0.0
L_аллабергенқызы,0.0
L_pre_алл,0.0
L_pre_аллаб,0.0
L_pre_аллабе,0.0
F_pre_ұлы,0.0
L_pre_есд,0.0
L_pre_есдәу,0.0
F_suf_лықбек,0.0
F_pre_ұлық,0.0
L_pre_есдә,0.0
F_pre_ұлықбе,0.0
L_есдәулет,0.0
F_ұлықбек,0.0
L_pre_есдәул,0.0
F_pre_ұлықб,0.0
L_ақсұңқарұлы,0.0
L_pre_ақсұң,0.0
L_pre_ақсұңқ,0.0
L_pre_ақс,0.0
L_pre_ақсұ,0.0
L_pre_жайлы,0.0
L_pre_жайлыб,0.0
L_suf_йлыбай,0.0
L_жайлыбай,0.0
L_райымбекұлы,0.0
F_suf_ралтай,0.0
F_маралтай,0.0
F_pre_марал,0.0
F_pre_маралт,0.0
L_нұртайқызы,0.0
L_pre_кеме,0.0
L_pre_кемел,0.0
L_кемелбаева,0.0
L_pre_кемелб,0.0
L_pre_кем,0.0
L_suf_алаус,0.0
L_suf_калаус,0.0
F_suf_лиля,0.0
L_pre_калаус,0.0
L_калаус,0.0
L_pre_калау,0.0
L_suf_аус,0.0
L_suf_лаус,0.0
F_pre_лиля,0.0
F_лиля,0.0
F_зира,0.0
F_pre_зир,0.0
F_pre_зира,0.0
F_pre_ролла,0.0
L_pre_сейс,0.0
F_роллан,0.0
L_сейсенбаев,0.0
F_pre_ролл,0.0
L_pre_сейсе,0.0
F_suf_оллан,0.0
F_pre_рол,0.0
F_pre_роллан,0.0
L_pre_сейсен,0.0
F_suf_роллан,0.0
F_pre_дүйс,0.0
L_pre_нәк,0.0
L_pre_нәкіпо,0.0
F_дүйсенбек,0.0
F_pre_дүй,0.0
F_pre_дүйсе,0.0
L_pre_нәкі,0.0
L_нәкіпов,0.0
L_suf_әкіпов,0.0
L_pre_нәкіп,0.0
F_pre_дү,0.0
F_pre_дүйсен,0.0
L_suf_кіпов,0.0
L_pre_нә,0.0
L_pre_ақжол,0.0
L_pre_ақж,0.0
L_ақжолқызы,0.0
L_pre_ақжолқ,0.0
L_pre_ақжо,0.0
L_suf_лікбай,0.0
L_pre_елік,0.0
L_pre_елікба,0.0
L_pre_елі,0.0
L_pre_елікб,0.0
L_елікбай,0.0
L_pre_кәу,0.0
L_pre_кәук,0.0
L_pre_кәуке,0.0
L_pre_кәукен,0.0
L_кәукенқызы,0.0
L_pre_айым,0.0
L_pre_айымбе,0.0
L_айымбетов,0.0
L_pre_айы,0.0
L_pre_айымб,0.0
L_шаймерденқызы,0.0
L_pre_маманқ,0.0
L_маманқызы,0.0
L_pre_маман,0.0
L_қалибекқызы,0.0
L_pre_қалиб,0.0
L_pre_қалибе,0.0
L_серкеқызы,0.0
L_pre_серкеқ,0.0
F_pre_қасым-,0.0
F_қасым-жомарт,0.0
L_елубайқызы,0.0
L_pre_исек,0.0
L_suf_ешев,0.0
L_suf_кешев,0.0
L_pre_исекеш,0.0
L_pre_исеке,0.0
L_suf_екешев,0.0
L_исекешев,0.0
L_нұрмұханқызы,0.0
L_pre_ыдыры,0.0
L_ыдырысқызы,0.0
L_pre_ыдырыс,0.0
L_pre_ыдыр,0.0
L_pre_ыды,0.0
L_pre_ыд,0.0
L_pre_мәсім,0.0
L_pre_мәсі,0.0
L_pre_мәсімо,0.0
L_suf_әсімов,0.0
L_pre_мәс,0.0
L_мәсімов,0.0
L_сәбирақызы,0.0
L_pre_сәбира,0.0
L_pre_сәбир,0.0
L_pre_фари,0.0
L_pre_фаридқ,0.0
L_фаридқызы,0.0
L_pre_фарид,0.0
L_pre_мамин,0.0
L_suf_мамин,0.0
L_suf_мин,0.0
L_pre_мами,0.0
L_мамин,0.0
L_suf_амин,0.0
L_pre_хадиш,0.0
L_хадишақызы,0.0
L_suf_шақызы,0.0
L_pre_хади,0.0
L_pre_хад,0.0
L_pre_хадиша,0.0
L_pre_бәй,0.0
L_бәйтенқызы,0.0
L_pre_бә,0.0
L_pre_бәйт,0.0
L_pre_бәйтен,0.0
L_pre_бәйте,0.0
L_pre_бикенқ,0.0
L_pre_бике,0.0
L_бикенқызы,0.0
L_pre_бикен,0.0
F_pre_берд,0.0
F_pre_бердіб,0.0
F_pre_берді,0.0
F_бердібек,0.0
F_suf_рдібек,0.0
L_pre_әмин,0.0
L_pre_әминақ,0.0
L_әминақызы,0.0
L_pre_әми,0.0
L_pre_әмина,0.0
L_жексенқызы,0.0
L_suf_гінов,0.0
L_pre_көлгі,0.0
L_көлгінов,0.0
L_pre_көлгін,0.0
L_pre_көл,0.0
L_suf_лгінов,0.0
L_pre_көлг,0.0
L_pre_атай,0.0
L_pre_атайбе,0.0
L_атайбекқызы,0.0
L_pre_атайб,0.0
F_амандық,0.0
F_suf_мандық,0.0
F_pre_аманд,0.0
F_pre_аманды,0.0
L_pre_қарш,0.0
L_қаршығақызы,0.0
L_pre_қаршы,0.0
L_pre_қаршығ,0.0
L_мағауияқызы,0.0
F_suf_имед,0.0
F_suf_рхимед,0.0
F_suf_химед,0.0
L_мұхамбетов,0.0
F_архимед,0.0
F_pre_архиме,0.0
L_pre_мұхамб,0.0
F_pre_архим,0.0
L_pre_секен,0.0
L_секенқызы,0.0
L_pre_секе,0.0
L_pre_секенқ,0.0
F_pre_қыр,0.0
F_pre_қыры,0.0
F_қырымбек,0.0
F_pre_қырымб,0.0
F_pre_қырым,0.0
F_suf_рымбек,0.0
L_көшербаев,0.0
L_pre_тұяқ,0.0
L_тұяқбердіқызы,0.0
L_pre_тұяқбе,0.0
L_pre_тұя,0.0
L_pre_тұяқб,0.0
L_әбдіқалықова,0.0
L_pre_әбдіқ,0.0
F_suf_үлшара,0.0
F_гүлшара,0.0
F_suf_лшара,0.0
F_pre_гүлшар,0.0
L_pre_әбдіқа,0.0
L_pre_әбдімо,0.0
L_pre_әбдім,0.0
L_әбдімомынқызы,0.0
L_pre_атамқұ,0.0
L_pre_атам,0.0
L_pre_атамқ,0.0
L_атамқұлов,0.0
L_рысбайқызы,0.0
L_pre_досаев,0.0
L_досаев,0.0
L_pre_досае,0.0
L_suf_осаев,0.0
L_suf_досаев,0.0
F_pre_ғабид,0.0
F_ғабидолла,0.0
F_suf_идолла,0.0
L_әбдірахымов,0.0
F_pre_ғабидо,0.0
L_suf_ахымов,0.0
L_suf_хымов,0.0
L_pre_ноғае,0.0
L_suf_ғаев,0.0
L_suf_ноғаев,0.0
L_pre_ноғаев,0.0
L_suf_оғаев,0.0
L_ноғаев,0.0
L_pre_тоғж,0.0
L_pre_тоғжан,0.0
L_тоғжанов,0.0
L_suf_ғжанов,0.0
L_pre_тоғ,0.0
L_pre_тоғжа,0.0
L_pre_ермұра,0.0
L_pre_ермұ,0.0
L_pre_ермұр,0.0
L_ермұратқызы,0.0
F_өмірзақ,0.0
L_pre_шөкеев,0.0
F_suf_мірзақ,0.0
L_шөкеев,0.0
F_pre_өмірз,0.0
F_pre_өмірза,0.0
L_suf_шөкеев,0.0
L_pre_шөкее,0.0
F_suf_ірзақ,0.0
F_suf_рзақ,0.0
L_базарханқызы,0.0
L_pre_базарх,0.0
L_pre_тәжин,0.0
L_suf_әжин,0.0
L_suf_тәжин,0.0
L_pre_тәжи,0.0
L_тәжин,0.0
L_suf_жин,0.0
L_pre_айтқал,0.0
L_pre_айтқа,0.0
L_pre_айтқ,0.0
L_айтқалиқызы,0.0
L_suf_біқаев,0.0
L_pre_әбіқ,0.0
L_әбіқаев,0.0
L_pre_әбіқае,0.0
L_suf_іқаев,0.0
L_pre_әбіқа,0.0
F_pre_берг,0.0
F_suf_бергей,0.0
F_pre_берге,0.0
F_pre_бергей,0.0
L_pre_рысқал,0.0
L_pre_рысқа,0.0
L_рысқалиев,0.0
F_бергей,0.0
L_орынбайқызы,0.0
L_pre_үмбето,0.0
L_үмбетов,0.0
L_мешімбаева,0.0
L_pre_меш,0.0
L_pre_меші,0.0
L_pre_мешім,0.0
L_pre_мешімб,0.0
L_мәми,0.0
L_suf_мәми,0.0
L_suf_ми,0.0
L_pre_мәми,0.0
L_suf_әми,0.0
F_suf_қсұт,0.0
L_pre_нәрікб,0.0
L_pre_нәр,0.0
L_pre_нәрік,0.0
L_pre_нәрі,0.0
F_мақсұт,0.0
F_suf_ақсұт,0.0
L_нәрікбаев,0.0
F_pre_мақсұт,0.0
F_pre_мақсұ,0.0
F_suf_сұт,0.0
F_suf_мақсұт,0.0
L_саятқызы,0.0
L_pre_сая,0.0
L_pre_саятқ,0.0
L_suf_ятқызы,0.0
L_pre_саят,0.0
L_pre_саятқы,0.0
L_түсіпбеков,0.0
L_pre_дауыл,0.0
L_pre_дауы,0.0
L_pre_дауылб,0.0
L_дауылбаев,0.0
L_suf_ылбаев,0.0
L_pre_еділқы,0.0
L_еділқызы,0.0
L_pre_еділқ,0.0
L_pre_еділ,0.0
F_pre_ғиза,0.0
L_pre_нұрдә,0.0
L_нұрдәулетов,0.0
F_ғизат,0.0
F_pre_ғизат,0.0
F_suf_ғизат,0.0
F_pre_ғи,0.0
L_pre_нұрд,0.0
L_pre_нұрдәу,0.0
F_pre_ғиз,0.0
L_pre_тұрғым,0.0
L_тұрғымбаев,0.0
L_pre_тұрғы,0.0
L_алтынбаев,0.0
L_жасұзақов,0.0
L_pre_жасұз,0.0
L_pre_жасұза,0.0
L_suf_ұзақов,0.0
L_pre_елжанқ,0.0
L_pre_елжан,0.0
L_елжанқызы,0.0
L_pre_елжа,0.0
L_pre_елж,0.0
L_pre_құлыб,0.0
L_pre_құлы,0.0
L_pre_құлыба,0.0
L_құлыбаев,0.0
L_нұрболқызы,0.0
L_pre_өтемұ,0.0
L_pre_өтемұр,0.0
L_өтемұратов,0.0
L_смағұлов,0.0
L_pre_рақымб,0.0
L_рақымбаев,0.0
L_pre_тәтіш,0.0
L_suf_тішев,0.0
L_pre_тәтіше,0.0
L_тәтішев,0.0
L_suf_әтішев,0.0
L_suf_гай,0.0
L_pre_ога,0.0
L_pre_огай,0.0
L_suf_огай,0.0
L_огай,0.0
L_pre_ог,0.0
L_pre_клара,0.0
L_pre_кларақ,0.0
L_кларақызы,0.0
L_pre_кла,0.0
L_pre_клар,0.0
L_suf_кевич,0.0
L_машкевич,0.0
L_suf_шкевич,0.0
L_pre_машкев,0.0
L_pre_машке,0.0
L_жақсыкелдіқызы,0.0
L_pre_жақсык,0.0
L_pre_шодиев,0.0
F_suf_тох,0.0
L_pre_шоди,0.0
L_suf_одиев,0.0
F_pre_патох,0.0
L_pre_шодие,0.0
F_suf_патох,0.0
F_патох,0.0
F_pre_пато,0.0
L_шодиев,0.0
L_suf_шодиев,0.0
L_pre_шод,0.0
F_suf_атох,0.0
L_сәулеқызы,0.0
L_pre_сәуле,0.0
L_pre_сәулеқ,0.0
L_pre_сәу,0.0
L_pre_сәул,0.0
F_алиджан,0.0
F_pre_алиджа,0.0
F_suf_лиджан,0.0
F_pre_алидж,0.0
L_сәулежанқызы,0.0
L_pre_сәулеж,0.0
L_suf_ачук,0.0
L_pre_новач,0.0
L_suf_овачук,0.0
L_новачук,0.0
L_pre_нова,0.0
L_suf_вачук,0.0
L_pre_новачу,0.0
L_pre_елм,0.0
L_елмұрақызы,0.0
L_pre_елмұра,0.0
L_pre_елмұ,0.0
L_pre_елмұр,0.0
L_pre_жанар,0.0
L_pre_жанарқ,0.0
L_жанарқызы,0.0
L_меруертқызы,0.0
L_pre_меруер,0.0
L_pre_меру,0.0
L_pre_меруе,0.0
L_құлыбаева,0.0
L_молдажанова,0.0
F_pre_гүлжан,0.0
F_гүлжан,0.0
F_suf_үлжан,0.0
L_pre_молдаж,0.0
F_suf_гүлжан,0.0
L_suf_ұриева,0.0
L_нұриева,0.0
L_pre_нұриев,0.0
L_pre_нұрие,0.0
F_сауат,0.0
F_pre_сауат,0.0
F_pre_сауа,0.0
F_suf_сауат,0.0
L_suf_иіновa,0.0
L_pre_киіно,0.0
L_pre_киі,0.0
L_pre_киін,0.0
L_suf_новa,0.0
L_pre_киінов,0.0
L_suf_іновa,0.0
L_suf_овa,0.0
L_киіновa,0.0
L_suf_вa,0.0
L_pre_жәкіш,0.0
L_suf_әкішев,0.0
L_pre_жәкіше,0.0
L_suf_кішев,0.0
L_жәкішев,0.0
L_suf_уиқызы,0.0
L_pre_тах,0.0
L_pre_тахауи,0.0
L_pre_таха,0.0
L_pre_тахау,0.0
L_тахауиқызы,0.0
L_pre_бедел,0.0
L_беделхан,0.0
L_suf_делхан,0.0
L_pre_беделх,0.0
L_pre_беде,0.0
L_suf_елхан,0.0
L_pre_бед,0.0
L_әбдіжәмілқызы,0.0
L_pre_әбдіжә,0.0
L_pre_байбаз,0.0
L_pre_байба,0.0
L_байбазаров,0.0
L_pre_шерха,0.0
L_шерханқызы,0.0
L_pre_шерхан,0.0
L_pre_шерх,0.0
L_pre_мамыт,0.0
L_pre_мамытб,0.0
L_мамытбеков,0.0
L_pre_оралх,0.0
L_оралханқызы,0.0
L_pre_оралха,0.0
L_тынымбайқызы,0.0
L_pre_тыным,0.0
L_pre_ты,0.0
L_pre_тынымб,0.0
L_pre_тыны,0.0
L_pre_тын,0.0
L_pre_келі,0.0
L_pre_келімб,0.0
L_келімбетов,0.0
L_pre_келім,0.0
L_pre_әбішқы,0.0
L_suf_ішқызы,0.0
L_әбішқызы,0.0
L_pre_әбішқ,0.0
L_suf_кенұлы,0.0
L_pre_әбік,0.0
L_pre_әбіке,0.0
L_pre_әбікен,0.0
L_әбікенұлы,0.0
L_pre_қарин,0.0
L_қарин,0.0
L_pre_қари,0.0
L_suf_қарин,0.0
L_pre_бекета,0.0
L_suf_кетаев,0.0
L_бекетаев,0.0
L_ақселеуқызы,0.0
L_pre_ақсе,0.0
L_pre_ақсел,0.0
L_pre_ақселе,0.0
L_жұмағалиев,0.0
L_pre_қабдеш,0.0
L_қабдешқызы,0.0
L_pre_қабд,0.0
L_pre_қабде,0.0
F_pre_даур,0.0
F_pre_дауре,0.0
F_даурен,0.0
F_suf_аурен,0.0
F_pre_даурен,0.0
F_suf_даурен,0.0
L_балаева,0.0
L_suf_алаева,0.0
L_pre_балаев,0.0
L_pre_балае,0.0
L_төленқызы,0.0
L_pre_төленқ,0.0
L_әшімбаев,0.0
F_pre_мәулен,0.0
F_suf_әулен,0.0
F_мәулен,0.0
F_suf_мәулен,0.0
L_pre_әшімб,0.0
F_pre_мәу,0.0
F_pre_мәуле,0.0
F_pre_мәул,0.0
L_pre_әшімба,0.0
L_pre_гер,0.0
L_pre_героль,0.0
L_герольдқызы,0.0
L_suf_ьдқызы,0.0
L_pre_герол,0.0
L_pre_геро,0.0
L_pre_нығмат,0.0
L_pre_нығма,0.0
L_нығматулин,0.0
L_suf_тулин,0.0
L_suf_атулин,0.0
L_морисқызы,0.0
L_pre_мори,0.0
L_pre_морисқ,0.0
L_pre_морис,0.0
L_suf_исқызы,0.0
L_қойшыбаев,0.0
L_pre_софық,0.0
L_suf_фықызы,0.0
L_pre_софықы,0.0
L_pre_соф,0.0
L_pre_софы,0.0
L_софықызы,0.0
L_баққожақызы,0.0
L_pre_баққ,0.0
L_pre_баққож,0.0
L_pre_баққо,0.0
L_suf_әли,0.0
L_уәли,0.0
L_suf_уәли,0.0
L_pre_кәрібж,0.0
L_кәрібжанова,0.0
L_pre_тыныш,0.0
L_тыныштықбекқызы,0.0
L_pre_тынышт,0.0
L_suf_йбеков,0.0
L_pre_мұсай,0.0
L_pre_мұсайб,0.0
L_мұсайбеков,0.0
L_қазыханов,0.0
L_pre_қазыха,0.0
L_pre_қазых,0.0
L_pre_әкімқ,0.0
L_pre_әкі,0.0
L_pre_әкімқы,0.0
L_pre_әкім,0.0
L_әкімқызы,0.0
L_suf_берді,0.0
L_тілеуберді,0.0
L_suf_рді,0.0
L_suf_ерді,0.0
L_suf_уберді,0.0
L_несіпбекқызы,0.0
L_pre_несіп,0.0
L_pre_несіпб,0.0
L_pre_нес,0.0
L_pre_несі,0.0
L_pre_баба,0.0
L_pre_бабақ,0.0
L_pre_бабақұ,0.0
L_бабақұмаров,0.0
L_suf_ұмаров,0.0
